[QUALITY_GATE] TEST_SCOPE_COUNTS (discovered): ACTIVE_PRODUCT_TEST=277 SHARED_INFRASTRUCTURE_TEST=79 REMOVED_FEATURE_TEST=64 UNKNOWN=40
[QUALITY_GATE] SKIPPED_REMOVED_FEATURE_TEST: academic/academic_action_intent.test.mjs feature=dashboard reason=Validates academic command actions used only by the removed personal command center.
[QUALITY_GATE] SKIPPED_REMOVED_FEATURE_TEST: academic/academic_ai_failure_fallback.test.mjs feature=dashboard reason=Validates timetable-image import fallback for the removed academic workspace.
[QUALITY_GATE] SKIPPED_REMOVED_FEATURE_TEST: academic/academic_command_center_ui.test.mjs feature=dashboard reason=Validates the removed Dashboard command-center view model.
[QUALITY_GATE] SKIPPED_REMOVED_FEATURE_TEST: academic/academic_course_records.test.mjs feature=learning reason=Validates course records and course completion for the removed Learning product.
[QUALITY_GATE] SKIPPED_REMOVED_FEATURE_TEST: academic/academic_deadline_engine.test.mjs feature=dashboard reason=Validates personal academic deadline cards and reminders owned by the removed dashboard.
[QUALITY_GATE] SKIPPED_REMOVED_FEATURE_TEST: academic/academic_decision_e2e.test.mjs feature=dashboard reason=Exercises the academic decision studio workflow owned by the removed dashboard.
[QUALITY_GATE] SKIPPED_REMOVED_FEATURE_TEST: academic/academic_decision_mutation.test.mjs feature=dashboard reason=Validates mutations for the removed academic decision workflow.
[QUALITY_GATE] SKIPPED_REMOVED_FEATURE_TEST: academic/academic_decision_staleness.test.mjs feature=dashboard reason=Validates stale-state behavior for the removed academic decision workflow.
[QUALITY_GATE] SKIPPED_REMOVED_FEATURE_TEST: academic/academic_decision_studio.test.mjs feature=dashboard reason=Validates the removed academic decision studio model.
[QUALITY_GATE] SKIPPED_REMOVED_FEATURE_TEST: academic/academic_execution_e2e.test.mjs feature=dashboard reason=Exercises the personal academic execution center removed with Dashboard.
[QUALITY_GATE] SKIPPED_REMOVED_FEATURE_TEST: academic/academic_execution_mutation.test.mjs feature=dashboard reason=Validates mutations for the removed academic execution center.
[QUALITY_GATE] SKIPPED_REMOVED_FEATURE_TEST: academic/academic_execution_reconciliation.test.mjs feature=dashboard reason=Validates reconciliation for the removed academic execution center.
[QUALITY_GATE] SKIPPED_REMOVED_FEATURE_TEST: academic/academic_execution_staleness.test.mjs feature=dashboard reason=Validates stale-state behavior for the removed academic execution center.
[QUALITY_GATE] SKIPPED_REMOVED_FEATURE_TEST: academic/academic_execution_ui.test.mjs feature=dashboard reason=Validates the removed academic execution-center UI model.
[QUALITY_GATE] SKIPPED_REMOVED_FEATURE_TEST: academic/academic_milestone_model.test.mjs feature=dashboard reason=Validates personal academic progression milestones removed with the dashboard and gamified progress scope.
[QUALITY_GATE] SKIPPED_REMOVED_FEATURE_TEST: academic/academic_notification_completion_stop.test.mjs feature=dashboard reason=Validates stopping academic reminder jobs for the removed personal workspace.
[QUALITY_GATE] SKIPPED_REMOVED_FEATURE_TEST: academic/academic_notification_deduplication.test.mjs feature=dashboard reason=Validates academic reminder deduplication for the removed personal workspace.
[QUALITY_GATE] SKIPPED_REMOVED_FEATURE_TEST: academic/academic_notification_e2e.test.mjs feature=dashboard reason=Exercises academic notification workflows owned by the removed dashboard.
[QUALITY_GATE] SKIPPED_REMOVED_FEATURE_TEST: academic/academic_notification_policy.test.mjs feature=dashboard reason=Validates academic reminder policy for the removed personal workspace.
[QUALITY_GATE] SKIPPED_REMOVED_FEATURE_TEST: academic/academic_notification_reconciliation.test.mjs feature=dashboard reason=Validates academic reminder reconciliation for the removed personal workspace.
[QUALITY_GATE] SKIPPED_REMOVED_FEATURE_TEST: academic/academic_notification_scheduler.test.mjs feature=dashboard reason=Validates scheduling for academic reminders owned by the removed dashboard.
[QUALITY_GATE] SKIPPED_REMOVED_FEATURE_TEST: academic/academic_notification_state_machine.test.mjs feature=dashboard reason=Validates the academic reminder state machine for the removed dashboard.
[QUALITY_GATE] SKIPPED_REMOVED_FEATURE_TEST: academic/academic_notification_store.test.mjs feature=dashboard reason=Validates storage for academic reminders owned by the removed dashboard.
[QUALITY_GATE] SKIPPED_REMOVED_FEATURE_TEST: academic/academic_plan_adoption.test.mjs feature=dashboard reason=Validates adoption of personal academic plans in the removed dashboard.
[QUALITY_GATE] SKIPPED_REMOVED_FEATURE_TEST: academic/academic_plan_comparison.test.mjs feature=dashboard reason=Validates academic plan comparison in the removed dashboard.
[QUALITY_GATE] SKIPPED_REMOVED_FEATURE_TEST: academic/academic_plan_drift.test.mjs feature=dashboard reason=Validates plan-drift behavior for the removed dashboard.
[QUALITY_GATE] SKIPPED_REMOVED_FEATURE_TEST: academic/academic_planner_constraints.test.mjs feature=dashboard reason=Validates personal planner constraints for the removed dashboard.
[QUALITY_GATE] SKIPPED_REMOVED_FEATURE_TEST: academic/academic_planner_e2e.test.mjs feature=dashboard reason=Exercises the removed personal academic planner.
[QUALITY_GATE] SKIPPED_REMOVED_FEATURE_TEST: academic/academic_planner_mutation.test.mjs feature=dashboard reason=Validates mutations for the removed personal academic planner.
[QUALITY_GATE] SKIPPED_REMOVED_FEATURE_TEST: academic/academic_planner_ranking.test.mjs feature=dashboard reason=Validates ranking of personal academic plans in the removed dashboard.
[QUALITY_GATE] SKIPPED_REMOVED_FEATURE_TEST: academic/academic_planner_staleness.test.mjs feature=dashboard reason=Validates stale-state behavior for the removed personal academic planner.
[QUALITY_GATE] SKIPPED_REMOVED_FEATURE_TEST: academic/academic_prerequisite_engine.test.mjs feature=learning reason=Validates course prerequisites and learning progression with no active v4 route.
[QUALITY_GATE] SKIPPED_REMOVED_FEATURE_TEST: academic/academic_roadmap_curriculum.test.mjs feature=learning reason=Validates the removed Learning roadmap curriculum.
[QUALITY_GATE] SKIPPED_REMOVED_FEATURE_TEST: academic/academic_roadmap_e2e.test.mjs feature=learning reason=Exercises the removed Learning roadmap workflow.
[QUALITY_GATE] SKIPPED_REMOVED_FEATURE_TEST: academic/academic_roadmap_generation.test.mjs feature=learning reason=Validates generation of the removed Learning roadmap.
[QUALITY_GATE] SKIPPED_REMOVED_FEATURE_TEST: academic/academic_roadmap_mutation.test.mjs feature=learning reason=Validates mutations for the removed Learning roadmap.
[QUALITY_GATE] SKIPPED_REMOVED_FEATURE_TEST: academic/academic_roadmap_twin_change.test.mjs feature=learning reason=Validates Learning roadmap changes when its student twin changes.
[QUALITY_GATE] SKIPPED_REMOVED_FEATURE_TEST: academic/academic_roadmap_versioning.test.mjs feature=learning reason=Validates versioning for the removed Learning roadmap.
[QUALITY_GATE] SKIPPED_REMOVED_FEATURE_TEST: academic/academic_roadmap_workflow_link.test.mjs feature=learning reason=Validates workflow links owned only by the removed Learning roadmap.
[QUALITY_GATE] SKIPPED_REMOVED_FEATURE_TEST: academic/academic_semester_planner.test.mjs feature=learning reason=Validates the removed Learning semester planner.
[QUALITY_GATE] SKIPPED_REMOVED_FEATURE_TEST: academic/academic_simulation_e2e.test.mjs feature=learning reason=Exercises academic plan simulation owned by the removed Learning planner.
[QUALITY_GATE] SKIPPED_REMOVED_FEATURE_TEST: academic/academic_simulation_engine.test.mjs feature=learning reason=Validates the academic plan simulation engine for the removed Learning product.
[QUALITY_GATE] SKIPPED_REMOVED_FEATURE_TEST: academic/academic_simulation_mutation.test.mjs feature=learning reason=Validates mutations for the removed Learning plan simulator.
[QUALITY_GATE] SKIPPED_REMOVED_FEATURE_TEST: academic/academic_simulation_property.test.mjs feature=learning reason=Validates properties of the removed Learning plan simulator.
[QUALITY_GATE] SKIPPED_REMOVED_FEATURE_TEST: academic/academic_simulation_revision.test.mjs feature=learning reason=Validates revisions for the removed Learning plan simulator.
[QUALITY_GATE] SKIPPED_REMOVED_FEATURE_TEST: academic/academic_simulation_side_effects.test.mjs feature=learning reason=Validates side effects for the removed Learning plan simulator.
[QUALITY_GATE] SKIPPED_REMOVED_FEATURE_TEST: academic/academic_source_deadline_reminder.test.mjs feature=dashboard reason=Validates personal academic deadline reminders with no active v4 consumer.
[QUALITY_GATE] SKIPPED_REMOVED_FEATURE_TEST: academic/academic_source_watcher.test.mjs feature=dashboard reason=Validates academic deadline-source watching for the removed dashboard.
[QUALITY_GATE] SKIPPED_REMOVED_FEATURE_TEST: academic/academic_student_impact.test.mjs feature=dashboard reason=Validates personal impact summaries rendered by the removed dashboard.
[QUALITY_GATE] SKIPPED_REMOVED_FEATURE_TEST: academic/academic_task_model.test.mjs feature=dashboard reason=Validates personal academic tasks owned by the removed dashboard.
[QUALITY_GATE] SKIPPED_REMOVED_FEATURE_TEST: academic/academic_timetable_ai_import.test.mjs feature=dashboard reason=Validates AI timetable import for the removed personal academic workspace.
[QUALITY_GATE] SKIPPED_REMOVED_FEATURE_TEST: academic/academic_timetable_confirm.test.mjs feature=dashboard reason=Validates timetable confirmation for the removed personal academic workspace.
[QUALITY_GATE] SKIPPED_REMOVED_FEATURE_TEST: academic/academic_timetable_contract.test.mjs feature=dashboard reason=Validates the timetable UI/domain contract owned by the removed personal workspace.
[QUALITY_GATE] SKIPPED_REMOVED_FEATURE_TEST: academic/academic_timetable_idempotency.test.mjs feature=dashboard reason=Validates idempotency for the removed personal timetable workflow.
[QUALITY_GATE] SKIPPED_REMOVED_FEATURE_TEST: academic/academic_timetable_manual.test.mjs feature=dashboard reason=Validates manual timetable editing for the removed personal workspace.
[QUALITY_GATE] SKIPPED_REMOVED_FEATURE_TEST: academic/academic_timetable_realtime.test.mjs feature=dashboard reason=Validates academic timetable realtime behavior whose global channel was removed.
[QUALITY_GATE] SKIPPED_REMOVED_FEATURE_TEST: academic/academic_tradeoff_engine.test.mjs feature=dashboard reason=Validates academic plan tradeoffs in the removed personal workspace.
[QUALITY_GATE] SKIPPED_REMOVED_FEATURE_TEST: academic/academic_twin_workflow_reconciliation.test.mjs feature=dashboard reason=Validates academic digital-twin workflow reconciliation used only by the removed dashboard.
[QUALITY_GATE] SKIPPED_REMOVED_FEATURE_TEST: academic/academic_workflow_concurrency.test.mjs feature=dashboard reason=Validates concurrency for the removed academic workflow product.
[QUALITY_GATE] SKIPPED_REMOVED_FEATURE_TEST: academic/academic_workflow_e2e.test.mjs feature=dashboard reason=Exercises the removed personal academic workflow product.
[QUALITY_GATE] SKIPPED_REMOVED_FEATURE_TEST: academic/academic_workflow_persistence.test.mjs feature=dashboard reason=Validates persistence for the removed academic workflow product.
[QUALITY_GATE] SKIPPED_REMOVED_FEATURE_TEST: academic/academic_workflow_reconciliation.test.mjs feature=dashboard reason=Validates reconciliation for the removed academic workflow product.
[QUALITY_GATE] SKIPPED_REMOVED_FEATURE_TEST: academic/academic_workflow_restart.test.mjs feature=dashboard reason=Validates restart behavior for the removed academic workflow product.
[QUALITY_GATE] SKIPPED_REMOVED_FEATURE_TEST: academic/academic_workflow_state.test.mjs feature=dashboard reason=Validates state transitions for the removed academic workflow product.
[QUALITY_GATE] REMOVED_FEATURE_TESTS_SKIPPED=64
(node:27756) ExperimentalWarning: `--experimental-loader` may be removed in the future; instead use `register()`:
--import 'data:text/javascript,import { register } from "node:module"; import { pathToFileURL } from "node:url"; register("file%3A///D%3A/StudentHub-CodexRuns/FULL_REPAIR_20261001/candidate/frontend/tests/foundation/ts-extension-loader.mjs", pathToFileURL("./"));'
(Use `node --trace-warnings ...` to show where the warning was created)
▶ Academic Certificate Records & Verification V1
  ✔ should record verified foreign language credentials and reject unverified claims (1.2836ms)
✔ Academic Certificate Records & Verification V1 (1.8133ms)
ℹ tests 1
ℹ suites 1
ℹ pass 1
ℹ fail 0
ℹ cancelled 0
ℹ skipped 0
ℹ todo 0
ℹ duration_ms 5.4834
(node:19092) ExperimentalWarning: `--experimental-loader` may be removed in the future; instead use `register()`:
--import 'data:text/javascript,import { register } from "node:module"; import { pathToFileURL } from "node:url"; register("file%3A///D%3A/StudentHub-CodexRuns/FULL_REPAIR_20261001/candidate/frontend/tests/foundation/ts-extension-loader.mjs", pathToFileURL("./"));'
(Use `node --trace-warnings ...` to show where the warning was created)
▶ Academic Clock & Asia/Ho_Chi_Minh Timezone Engine V1
  ✔ should enforce Vietnam timezone constants (0.4086ms)
  ✔ should create deterministic mock clocks for testing (0.8096ms)
  ✔ should parse various date formats into end-of-day Vietnam time (23:59:59.999 UTC+7) (0.4886ms)
  ✔ should compute accurate calendar day differences in UTC+7 (0.1779ms)
✔ Academic Clock & Asia/Ho_Chi_Minh Timezone Engine V1 (2.545ms)
ℹ tests 4
ℹ suites 1
ℹ pass 4
ℹ fail 0
ℹ cancelled 0
ℹ skipped 0
ℹ todo 0
ℹ duration_ms 6.2081
(node:30920) ExperimentalWarning: `--experimental-loader` may be removed in the future; instead use `register()`:
--import 'data:text/javascript,import { register } from "node:module"; import { pathToFileURL } from "node:url"; register("file%3A///D%3A/StudentHub-CodexRuns/FULL_REPAIR_20261001/candidate/frontend/tests/foundation/ts-extension-loader.mjs", pathToFileURL("./"));'
(Use `node --trace-warnings ...` to show where the warning was created)
▶ AcademicDecisionAuthorization
  ✔ should throw error if studentId is missing or empty (1.3599ms)
  ✔ should isolate comparison results strictly by studentId (5.5362ms)
✔ AcademicDecisionAuthorization (7.7121ms)
ℹ tests 2
ℹ suites 1
ℹ pass 2
ℹ fail 0
ℹ cancelled 0
ℹ skipped 0
ℹ todo 0
ℹ duration_ms 12.0368
(node:36164) ExperimentalWarning: `--experimental-loader` may be removed in the future; instead use `register()`:
--import 'data:text/javascript,import { register } from "node:module"; import { pathToFileURL } from "node:url"; register("file%3A///D%3A/StudentHub-CodexRuns/FULL_REPAIR_20261001/candidate/frontend/tests/foundation/ts-extension-loader.mjs", pathToFileURL("./"));'
(Use `node --trace-warnings ...` to show where the warning was created)
▶ ▶ [DIGITAL-TWIN-1] Model Invariants & Consistency Validation
  ✔ DT1.1: creates valid normalized Student Digital Twin (1.2305ms)
  ✔ DT1.2: rejects invalid CGPA outside [0.0, 4.0] (0.2936ms)
  ✔ DT1.3: rejects impossible cohort numbers (0.1269ms)
✔ ▶ [DIGITAL-TWIN-1] Model Invariants & Consistency Validation (2.3661ms)
▶ ▶ [DIGITAL-TWIN-2] Durable Store & Student Boundary Isolation
  ✔ DT2.1: saves and retrieves distinct twins for distinct students (2.8596ms)
  ✔ DT2.2: rehydrates twins from durable storage across restarts (7.4043ms)
  ✔ DT2.3: rejects stale twin revision overwrite (0.1717ms)
✔ ▶ [DIGITAL-TWIN-2] Durable Store & Student Boundary Isolation (11.2743ms)
ℹ tests 8
ℹ suites 0
ℹ pass 8
ℹ fail 0
ℹ cancelled 0
ℹ skipped 0
ℹ todo 0
ℹ duration_ms 17.8178
(node:24416) ExperimentalWarning: `--experimental-loader` may be removed in the future; instead use `register()`:
--import 'data:text/javascript,import { register } from "node:module"; import { pathToFileURL } from "node:url"; register("file%3A///D%3A/StudentHub-CodexRuns/FULL_REPAIR_20261001/candidate/frontend/tests/foundation/ts-extension-loader.mjs", pathToFileURL("./"));'
(Use `node --trace-warnings ...` to show where the warning was created)
▶ ▶ [ELIGIBILITY-1] Typed Requirement Evaluation & Explainability
  ✔ EE1.1: evaluates fully satisfied profile as ELIGIBLE (0.6628ms)
  ✔ EE1.2: evaluates student with TOEIC 480/550 as PARTIALLY_ELIGIBLE with clear explanation (0.1264ms)
  ✔ EE1.3: evaluates missing prerequisite courses accurately (0.1845ms)
  ✔ EE1.4: handles null digital twin fail-closed with INSUFFICIENT_DATA (0.0867ms)
✔ ▶ [ELIGIBILITY-1] Typed Requirement Evaluation & Explainability (2.8838ms)
ℹ tests 5
ℹ suites 0
ℹ pass 5
ℹ fail 0
ℹ cancelled 0
ℹ skipped 0
ℹ todo 0
ℹ duration_ms 6.4609
(node:5848) ExperimentalWarning: `--experimental-loader` may be removed in the future; instead use `register()`:
--import 'data:text/javascript,import { register } from "node:module"; import { pathToFileURL } from "node:url"; register("file%3A///D%3A/StudentHub-CodexRuns/FULL_REPAIR_20261001/candidate/frontend/tests/foundation/ts-extension-loader.mjs", pathToFileURL("./"));'
(Use `node --trace-warnings ...` to show where the warning was created)
▶ AcademicExecutionAuthorization
  ✔ should throw error if studentId is missing or empty (1.2109ms)
  ✔ should enforce strict multi-student isolation in ExecutionStore (1.0446ms)
✔ AcademicExecutionAuthorization (2.8702ms)
ℹ tests 2
ℹ suites 1
ℹ pass 2
ℹ fail 0
ℹ cancelled 0
ℹ skipped 0
ℹ todo 0
ℹ duration_ms 6.1775
(node:24612) ExperimentalWarning: `--experimental-loader` may be removed in the future; instead use `register()`:
--import 'data:text/javascript,import { register } from "node:module"; import { pathToFileURL } from "node:url"; register("file%3A///D%3A/StudentHub-CodexRuns/FULL_REPAIR_20261001/candidate/frontend/tests/foundation/ts-extension-loader.mjs", pathToFileURL("./"));'
(Use `node --trace-warnings ...` to show where the warning was created)
▶ AcademicExecutionCenter
  ✔ should return unstarted execution state if no plan has been adopted (1.6365ms)
  ✔ should evaluate adopted plan and construct plan-vs-actual matrix (1.9243ms)
✔ AcademicExecutionCenter (4.2092ms)
ℹ tests 2
ℹ suites 1
ℹ pass 2
ℹ fail 0
ℹ cancelled 0
ℹ skipped 0
ℹ todo 0
ℹ duration_ms 8.3032
(node:30164) ExperimentalWarning: `--experimental-loader` may be removed in the future; instead use `register()`:
--import 'data:text/javascript,import { register } from "node:module"; import { pathToFileURL } from "node:url"; register("file%3A///D%3A/StudentHub-CodexRuns/FULL_REPAIR_20261001/candidate/frontend/tests/foundation/ts-extension-loader.mjs", pathToFileURL("./"));'
(Use `node --trace-warnings ...` to show where the warning was created)
▶ ▶ [ACADEMIC-E2E-1] Full Lifecycle Scenario: Source -> Snapshot -> Diff -> Rule -> Impact -> Timeline/Notification
  ✔ Step 1-5: Initial Sync stores Snapshot V1 (8.9234ms)
  ✔ Step 6-7: Re-syncing same content returns UNCHANGED (0.2307ms)
  ✔ Step 8-15: Modified V2 produces Snapshot V2, Semantic Diff, Rules, and Student Trajectory (2.9153ms)
✔ ▶ [ACADEMIC-E2E-1] Full Lifecycle Scenario: Source -> Snapshot -> Diff -> Rule -> Impact -> Timeline/Notification (13.0182ms)
ℹ tests 4
ℹ suites 0
ℹ pass 4
ℹ fail 0
ℹ cancelled 0
ℹ skipped 0
ℹ todo 0
ℹ duration_ms 16.4238
(node:27276) ExperimentalWarning: `--experimental-loader` may be removed in the future; instead use `register()`:
--import 'data:text/javascript,import { register } from "node:module"; import { pathToFileURL } from "node:url"; register("file%3A///D%3A/StudentHub-CodexRuns/FULL_REPAIR_20261001/candidate/frontend/tests/foundation/ts-extension-loader.mjs", pathToFileURL("./"));'
(Use `node --trace-warnings ...` to show where the warning was created)
▶ Academic Notification Authorization & Privacy V1
  ✔ should allow owner to access notification (0.4609ms)
  ✔ should block non-owner from accessing another student's notification (0.268ms)
  ✔ should sanitize privacy-sensitive keywords (password, OTP, STK) before delivery (0.3489ms)
✔ Academic Notification Authorization & Privacy V1 (2.2949ms)
ℹ tests 3
ℹ suites 1
ℹ pass 3
ℹ fail 0
ℹ cancelled 0
ℹ skipped 0
ℹ todo 0
ℹ duration_ms 6.717
(node:23620) ExperimentalWarning: `--experimental-loader` may be removed in the future; instead use `register()`:
--import 'data:text/javascript,import { register } from "node:module"; import { pathToFileURL } from "node:url"; register("file%3A///D%3A/StudentHub-CodexRuns/FULL_REPAIR_20261001/candidate/frontend/tests/foundation/ts-extension-loader.mjs", pathToFileURL("./"));'
(Use `node --trace-warnings ...` to show where the warning was created)
▶ AcademicPlannerAuthorization
  ✔ should throw error if studentId is missing or empty (0.735ms)
  ✔ should isolate student plans by studentId (4.6872ms)
✔ AcademicPlannerAuthorization (6.0088ms)
ℹ tests 2
ℹ suites 1
ℹ pass 2
ℹ fail 0
ℹ cancelled 0
ℹ skipped 0
ℹ todo 0
ℹ duration_ms 9.8009
(node:22160) ExperimentalWarning: `--experimental-loader` may be removed in the future; instead use `register()`:
--import 'data:text/javascript,import { register } from "node:module"; import { pathToFileURL } from "node:url"; register("file%3A///D%3A/StudentHub-CodexRuns/FULL_REPAIR_20261001/candidate/frontend/tests/foundation/ts-extension-loader.mjs", pathToFileURL("./"));'
(Use `node --trace-warnings ...` to show where the warning was created)
▶ Academic Profile Conflict Detection & Precedence Resolution V1
  ✔ should resolve conflict in favor of higher precedence source when student claims differ from portal (1.2295ms)
  ✔ should mark conflict as REQUIRES_REVIEW if two sources have equal authority (0.1119ms)
✔ Academic Profile Conflict Detection & Precedence Resolution V1 (2.0198ms)
ℹ tests 2
ℹ suites 1
ℹ pass 2
ℹ fail 0
ℹ cancelled 0
ℹ skipped 0
ℹ todo 0
ℹ duration_ms 5.8723
(node:36492) ExperimentalWarning: `--experimental-loader` may be removed in the future; instead use `register()`:
--import 'data:text/javascript,import { register } from "node:module"; import { pathToFileURL } from "node:url"; register("file%3A///D%3A/StudentHub-CodexRuns/FULL_REPAIR_20261001/candidate/frontend/tests/foundation/ts-extension-loader.mjs", pathToFileURL("./"));'
(Use `node --trace-warnings ...` to show where the warning was created)
▶ Academic Profile Freshness & Stale Detection V1
  ✔ should evaluate section-level freshness dynamically against mock clock (1.7055ms)
✔ Academic Profile Freshness & Stale Detection V1 (2.228ms)
ℹ tests 1
ℹ suites 1
ℹ pass 1
ℹ fail 0
ℹ cancelled 0
ℹ skipped 0
ℹ todo 0
ℹ duration_ms 5.371
(node:5276) ExperimentalWarning: `--experimental-loader` may be removed in the future; instead use `register()`:
--import 'data:text/javascript,import { register } from "node:module"; import { pathToFileURL } from "node:url"; register("file%3A///D%3A/StudentHub-CodexRuns/FULL_REPAIR_20261001/candidate/frontend/tests/foundation/ts-extension-loader.mjs", pathToFileURL("./"));'
(Use `node --trace-warnings ...` to show where the warning was created)
▶ Academic Profile Versioning & Optimistic Concurrency V1
  ✔ should increment revision on semantic update and reject stale revision overwrite (4.3756ms)
✔ Academic Profile Versioning & Optimistic Concurrency V1 (4.9082ms)
ℹ tests 1
ℹ suites 1
ℹ pass 1
ℹ fail 0
ℹ cancelled 0
ℹ skipped 0
ℹ todo 0
ℹ duration_ms 8.919
(node:32848) ExperimentalWarning: `--experimental-loader` may be removed in the future; instead use `register()`:
--import 'data:text/javascript,import { register } from "node:module"; import { pathToFileURL } from "node:url"; register("file%3A///D%3A/StudentHub-CodexRuns/FULL_REPAIR_20261001/candidate/frontend/tests/foundation/ts-extension-loader.mjs", pathToFileURL("./"));'
(Use `node --trace-warnings ...` to show where the warning was created)
▶ Academic Profile 360 Full E2E & Restart Recovery Loop V1
  ✔ should execute full golden loop and preserve complete state across simulated restart (26.6545ms)
✔ Academic Profile 360 Full E2E & Restart Recovery Loop V1 (27.3085ms)
ℹ tests 1
ℹ suites 1
ℹ pass 1
ℹ fail 0
ℹ cancelled 0
ℹ skipped 0
ℹ todo 0
ℹ duration_ms 31.0227
(node:22412) ExperimentalWarning: `--experimental-loader` may be removed in the future; instead use `register()`:
--import 'data:text/javascript,import { register } from "node:module"; import { pathToFileURL } from "node:url"; register("file%3A///D%3A/StudentHub-CodexRuns/FULL_REPAIR_20261001/candidate/frontend/tests/foundation/ts-extension-loader.mjs", pathToFileURL("./"));'
(Use `node --trace-warnings ...` to show where the warning was created)
▶ Academic Records Model V1
  ✔ should accurately convert 10-scale grade to 4-scale and letter grade (0.97ms)
  ✔ should aggregate credits and calculate CGPA correctly from verified course list (1.0277ms)
✔ Academic Records Model V1 (2.6982ms)
ℹ tests 2
ℹ suites 1
ℹ pass 2
ℹ fail 0
ℹ cancelled 0
ℹ skipped 0
ℹ todo 0
ℹ duration_ms 6.3156
(node:18052) ExperimentalWarning: `--experimental-loader` may be removed in the future; instead use `register()`:
--import 'data:text/javascript,import { register } from "node:module"; import { pathToFileURL } from "node:url"; register("file%3A///D%3A/StudentHub-CodexRuns/FULL_REPAIR_20261001/candidate/frontend/tests/foundation/ts-extension-loader.mjs", pathToFileURL("./"));'
(Use `node --trace-warnings ...` to show where the warning was created)
▶ Academic Records Durable Store V1
  ✔ should persist and rehydrate academic records across simulated restart (8.181ms)
  ✔ should prevent stale writes via optimistic revision checks (1.2606ms)
✔ Academic Records Durable Store V1 (10.1277ms)
ℹ tests 2
ℹ suites 1
ℹ pass 2
ℹ fail 0
ℹ cancelled 0
ℹ skipped 0
ℹ todo 0
ℹ duration_ms 14.9307
(node:35076) ExperimentalWarning: `--experimental-loader` may be removed in the future; instead use `register()`:
--import 'data:text/javascript,import { register } from "node:module"; import { pathToFileURL } from "node:url"; register("file%3A///D%3A/StudentHub-CodexRuns/FULL_REPAIR_20261001/candidate/frontend/tests/foundation/ts-extension-loader.mjs", pathToFileURL("./"));'
(Use `node --trace-warnings ...` to show where the warning was created)
▶ Roadmap Authorization
  ✔ should generate roadmap bound to specific studentId (1.9818ms)
  ✔ should NOT produce roadmap for mismatched studentId (0.272ms)
  ✔ should throw for empty studentId (0.3778ms)
✔ Roadmap Authorization (3.3513ms)
ℹ tests 3
ℹ suites 1
ℹ pass 3
ℹ fail 0
ℹ cancelled 0
ℹ skipped 0
ℹ todo 0
ℹ duration_ms 7.136
(node:27272) ExperimentalWarning: `--experimental-loader` may be removed in the future; instead use `register()`:
--import 'data:text/javascript,import { register } from "node:module"; import { pathToFileURL } from "node:url"; register("file%3A///D%3A/StudentHub-CodexRuns/FULL_REPAIR_20261001/candidate/frontend/tests/foundation/ts-extension-loader.mjs", pathToFileURL("./"));'
(Use `node --trace-warnings ...` to show where the warning was created)
▶ ▶ [ACADEMIC-DIFF-1] Cosmetic Noise vs Semantic Diff
  ✔ D1.1: HTML tag and whitespace changes are classified as COSMETIC (0.8986ms)
  ✔ D1.2: Deadline shift is accurately classified as DEADLINE_CHANGE (0.6258ms)
  ✔ D1.3: Tuition fee amount adjustment is classified as FEE_CHANGE (0.2112ms)
✔ ▶ [ACADEMIC-DIFF-1] Cosmetic Noise vs Semantic Diff (3.4595ms)
▶ ▶ [ACADEMIC-RULE-2] Academic Rule Extraction Engine
  ✔ R2.1: Extracts English exit standard rule with target cohorts and scores (2.9728ms)
  ✔ R2.2: Untrusted source extracting rules yields PENDING_REVIEW (0.7213ms)
✔ ▶ [ACADEMIC-RULE-2] Academic Rule Extraction Engine (4.0605ms)
ℹ tests 7
ℹ suites 0
ℹ pass 7
ℹ fail 0
ℹ cancelled 0
ℹ skipped 0
ℹ todo 0
ℹ duration_ms 11.0526
(node:34148) ExperimentalWarning: `--experimental-loader` may be removed in the future; instead use `register()`:
--import 'data:text/javascript,import { register } from "node:module"; import { pathToFileURL } from "node:url"; register("file%3A///D%3A/StudentHub-CodexRuns/FULL_REPAIR_20261001/candidate/frontend/tests/foundation/ts-extension-loader.mjs", pathToFileURL("./"));'
(Use `node --trace-warnings ...` to show where the warning was created)
▶ Academic Simulation Authorization & Ownership
  ✔ should throw when studentId is empty or missing (1.0451ms)
  ✔ should bind simulation output strictly to the provided studentId (3.4634ms)
✔ Academic Simulation Authorization & Ownership (5.1207ms)
ℹ tests 2
ℹ suites 1
ℹ pass 2
ℹ fail 0
ℹ cancelled 0
ℹ skipped 0
ℹ todo 0
ℹ duration_ms 8.4064
(node:13468) ExperimentalWarning: `--experimental-loader` may be removed in the future; instead use `register()`:
--import 'data:text/javascript,import { register } from "node:module"; import { pathToFileURL } from "node:url"; register("file%3A///D%3A/StudentHub-CodexRuns/FULL_REPAIR_20261001/candidate/frontend/tests/foundation/ts-extension-loader.mjs", pathToFileURL("./"));'
(Use `node --trace-warnings ...` to show where the warning was created)
✔ privacy boundary rejects non-canonical owners and does not retain import bytes (1.7967ms)
ℹ tests 1
ℹ suites 0
ℹ pass 1
ℹ fail 0
ℹ cancelled 0
ℹ skipped 0
ℹ todo 0
ℹ duration_ms 4.9746
(node:20856) ExperimentalWarning: `--experimental-loader` may be removed in the future; instead use `register()`:
--import 'data:text/javascript,import { register } from "node:module"; import { pathToFileURL } from "node:url"; register("file%3A///D%3A/StudentHub-CodexRuns/FULL_REPAIR_20261001/candidate/frontend/tests/foundation/ts-extension-loader.mjs", pathToFileURL("./"));'
(Use `node --trace-warnings ...` to show where the warning was created)
✔ timetable migration is owner-only and does not modify the realtime schema (0.652ms)
ℹ tests 1
ℹ suites 0
ℹ pass 1
ℹ fail 0
ℹ cancelled 0
ℹ skipped 0
ℹ todo 0
ℹ duration_ms 4.0924
(node:20684) ExperimentalWarning: `--experimental-loader` may be removed in the future; instead use `register()`:
--import 'data:text/javascript,import { register } from "node:module"; import { pathToFileURL } from "node:url"; register("file%3A///D%3A/StudentHub-CodexRuns/FULL_REPAIR_20261001/candidate/frontend/tests/foundation/ts-extension-loader.mjs", pathToFileURL("./"));'
(Use `node --trace-warnings ...` to show where the warning was created)
▶ ▶ [AUTHORIZATION-1] Student Task Privacy & Ownership Guard
  ✔ AUTH1.1: permits task owner to access task (0.4478ms)
  ✔ AUTH1.2: strictly blocks unauthorized students from accessing or mutating tasks (0.2807ms)
✔ ▶ [AUTHORIZATION-1] Student Task Privacy & Ownership Guard (1.3218ms)
▶ ▶ [AUTHORIZATION-2] Step Dependency Validation
  ✔ AUTH2.1: rejects completing step 2 when step 1 is incomplete (0.1377ms)
  ✔ AUTH2.2: permits completing step 2 once step 1 is COMPLETED (0.0786ms)
✔ ▶ [AUTHORIZATION-2] Step Dependency Validation (0.4746ms)
ℹ tests 6
ℹ suites 0
ℹ pass 6
ℹ fail 0
ℹ cancelled 0
ℹ skipped 0
ℹ todo 0
ℹ duration_ms 5.3776
(node:23132) ExperimentalWarning: `--experimental-loader` may be removed in the future; instead use `register()`:
--import 'data:text/javascript,import { register } from "node:module"; import { pathToFileURL } from "node:url"; register("file%3A///D%3A/StudentHub-CodexRuns/FULL_REPAIR_20261001/candidate/frontend/tests/foundation/ts-extension-loader.mjs", pathToFileURL("./"));'
(Use `node --trace-warnings ...` to show where the warning was created)
▶ Digital Twin Profile 360 Integration & Revision Pinning V1
  ✔ should project Profile 360 into Digital Twin with version pinning (evaluatedAgainstProfileRevision) (6.9085ms)
✔ Digital Twin Profile 360 Integration & Revision Pinning V1 (7.4782ms)
ℹ tests 1
ℹ suites 1
ℹ pass 1
ℹ fail 0
ℹ cancelled 0
ℹ skipped 0
ℹ todo 0
ℹ duration_ms 12.0726
(node:33124) ExperimentalWarning: `--experimental-loader` may be removed in the future; instead use `register()`:
--import 'data:text/javascript,import { register } from "node:module"; import { pathToFileURL } from "node:url"; register("file%3A///D%3A/StudentHub-CodexRuns/FULL_REPAIR_20261001/candidate/frontend/tests/foundation/ts-extension-loader.mjs", pathToFileURL("./"));'
(Use `node --trace-warnings ...` to show where the warning was created)
✔ the retired Contract product surface is absent while Trust remains available (4.8343ms)
ℹ tests 1
ℹ suites 0
ℹ pass 1
ℹ fail 0
ℹ cancelled 0
ℹ skipped 0
ℹ todo 0
ℹ duration_ms 8.447
(node:29760) ExperimentalWarning: `--experimental-loader` may be removed in the future; instead use `register()`:
--import 'data:text/javascript,import { register } from "node:module"; import { pathToFileURL } from "node:url"; register("file%3A///D%3A/StudentHub-CodexRuns/FULL_REPAIR_20261001/candidate/frontend/tests/foundation/ts-extension-loader.mjs", pathToFileURL("./"));'
(Use `node --trace-warnings ...` to show where the warning was created)
▶ Student Academic Sync Bridge V1
  ✔ should project authoritative identity and academic records into digital twin store (8.2611ms)
✔ Student Academic Sync Bridge V1 (8.8909ms)
ℹ tests 1
ℹ suites 1
ℹ pass 1
ℹ fail 0
ℹ cancelled 0
ℹ skipped 0
ℹ todo 0
ℹ duration_ms 12.5024
(node:37012) ExperimentalWarning: `--experimental-loader` may be removed in the future; instead use `register()`:
--import 'data:text/javascript,import { register } from "node:module"; import { pathToFileURL } from "node:url"; register("file%3A///D%3A/StudentHub-CodexRuns/FULL_REPAIR_20261001/candidate/frontend/tests/foundation/ts-extension-loader.mjs", pathToFileURL("./"));'
(Use `node --trace-warnings ...` to show where the warning was created)
▶ Student Data Provenance Matrix & Authority Hierarchy V1
  ✔ should look up canonical source and authority level for core academic fields (0.5212ms)
  ✔ should resolve source precedence correctly (Official Portal > Registrar > Student Submission) (0.1136ms)
  ✔ should compute freshness based on timestamp TTL and clock (0.1443ms)
✔ Student Data Provenance Matrix & Authority Hierarchy V1 (1.4146ms)
ℹ tests 3
ℹ suites 1
ℹ pass 3
ℹ fail 0
ℹ cancelled 0
ℹ skipped 0
ℹ todo 0
ℹ duration_ms 5.097
(node:27116) ExperimentalWarning: `--experimental-loader` may be removed in the future; instead use `register()`:
--import 'data:text/javascript,import { register } from "node:module"; import { pathToFileURL } from "node:url"; register("file%3A///D%3A/StudentHub-CodexRuns/FULL_REPAIR_20261001/candidate/frontend/tests/foundation/ts-extension-loader.mjs", pathToFileURL("./"));'
(Use `node --trace-warnings ...` to show where the warning was created)
▶ Authoritative Student Identity & Records Full E2E Chain V1
  ✔ should execute the unified full-cycle chain: Auth -> Identity -> Records -> Twin -> Eligibility -> Workflow -> Notification (71.8847ms)
✔ Authoritative Student Identity & Records Full E2E Chain V1 (72.5782ms)
ℹ tests 1
ℹ suites 1
ℹ pass 1
ℹ fail 0
ℹ cancelled 0
ℹ skipped 0
ℹ todo 0
ℹ duration_ms 76.4073
(node:37884) ExperimentalWarning: `--experimental-loader` may be removed in the future; instead use `register()`:
--import 'data:text/javascript,import { register } from "node:module"; import { pathToFileURL } from "node:url"; register("file%3A///D%3A/StudentHub-CodexRuns/FULL_REPAIR_20261001/candidate/frontend/tests/foundation/ts-extension-loader.mjs", pathToFileURL("./"));'
(Use `node --trace-warnings ...` to show where the warning was created)
▶ Student Identity & Profile Model V1
  ✔ should validate and create canonical student identity correctly (1.2677ms)
  ✔ should reject invalid MSSV format (0.2922ms)
  ✔ should reject non-institutional email domain (0.0885ms)
✔ Student Identity & Profile Model V1 (2.2441ms)
ℹ tests 3
ℹ suites 1
ℹ pass 3
ℹ fail 0
ℹ cancelled 0
ℹ skipped 0
ℹ todo 0
ℹ duration_ms 5.856
(node:27720) ExperimentalWarning: `--experimental-loader` may be removed in the future; instead use `register()`:
--import 'data:text/javascript,import { register } from "node:module"; import { pathToFileURL } from "node:url"; register("file%3A///D%3A/StudentHub-CodexRuns/FULL_REPAIR_20261001/candidate/frontend/tests/foundation/ts-extension-loader.mjs", pathToFileURL("./"));'
(Use `node --trace-warnings ...` to show where the warning was created)
▶ Student Identity Durable Store V1
  ✔ should persist and lookup identity across multi-indices (studentId, authUserId, email) (2.4499ms)
  ✔ should rehydrate from disk correctly after simulated restart (5.8769ms)
✔ Student Identity Durable Store V1 (8.9684ms)
ℹ tests 2
ℹ suites 1
ℹ pass 2
ℹ fail 0
ℹ cancelled 0
ℹ skipped 0
ℹ todo 0
ℹ duration_ms 13.7711
(node:25380) ExperimentalWarning: `--experimental-loader` may be removed in the future; instead use `register()`:
--import 'data:text/javascript,import { register } from "node:module"; import { pathToFileURL } from "node:url"; register("file%3A///D%3A/StudentHub-CodexRuns/FULL_REPAIR_20261001/candidate/frontend/tests/foundation/ts-extension-loader.mjs", pathToFileURL("./"));'
(Use `node --trace-warnings ...` to show where the warning was created)
▶ Student Profile 360 Aggregate Model V1
  ✔ should assemble canonical Profile 360 with identity, summary, courses, requirements, and provenance (1.908ms)
  ✔ should compute accurate academic standing based on GPA boundaries (0.0956ms)
✔ Student Profile 360 Aggregate Model V1 (2.5605ms)
ℹ tests 2
ℹ suites 1
ℹ pass 2
ℹ fail 0
ℹ cancelled 0
ℹ skipped 0
ℹ todo 0
ℹ duration_ms 6.1893
(node:25244) ExperimentalWarning: `--experimental-loader` may be removed in the future; instead use `register()`:
--import 'data:text/javascript,import { register } from "node:module"; import { pathToFileURL } from "node:url"; register("file%3A///D%3A/StudentHub-CodexRuns/FULL_REPAIR_20261001/candidate/frontend/tests/foundation/ts-extension-loader.mjs", pathToFileURL("./"));'
(Use `node --trace-warnings ...` to show where the warning was created)
▶ Student Profile Authorization & Multi-Tenant Isolation V1
  ✔ should permit student to read their own profile (3.1573ms)
  ✔ should deny student A from accessing student B profile (fail-closed) (1.2933ms)
✔ Student Profile Authorization & Multi-Tenant Isolation V1 (5.0898ms)
ℹ tests 2
ℹ suites 1
ℹ pass 2
ℹ fail 0
ℹ cancelled 0
ℹ skipped 0
ℹ todo 0
ℹ duration_ms 9.0409
(node:18036) ExperimentalWarning: `--experimental-loader` may be removed in the future; instead use `register()`:
--import 'data:text/javascript,import { register } from "node:module"; import { pathToFileURL } from "node:url"; register("file%3A///D%3A/StudentHub-CodexRuns/FULL_REPAIR_20261001/candidate/frontend/tests/foundation/ts-extension-loader.mjs", pathToFileURL("./"));'
(Use `node --trace-warnings ...` to show where the warning was created)
▶ Student Profile 360 Mutation Testing & Security Invariants V1
  ✔ MUTANT 1 — KILLED: Stale revision overwrite must be rejected (3.3424ms)
  ✔ MUTANT 2 — KILLED: Cross-tenant unauthorized access must fail-closed (1.2652ms)
  ✔ MUTANT 3 — KILLED: Source conflict must not silently overwrite without auditable resolution (0.2205ms)
  ✔ MUTANT 4 — KILLED: Stale timestamp must be flagged as STALE, never masquerade as FRESH (0.1199ms)
✔ Student Profile 360 Mutation Testing & Security Invariants V1 (5.6308ms)
ℹ tests 4
ℹ suites 1
ℹ pass 4
ℹ fail 0
ℹ cancelled 0
ℹ skipped 0
ℹ todo 0
ℹ duration_ms 9.5523
(node:3856) ExperimentalWarning: `--experimental-loader` may be removed in the future; instead use `register()`:
--import 'data:text/javascript,import { register } from "node:module"; import { pathToFileURL } from "node:url"; register("file%3A///D%3A/StudentHub-CodexRuns/FULL_REPAIR_20261001/candidate/frontend/tests/foundation/ts-extension-loader.mjs", pathToFileURL("./"));'
(Use `node --trace-warnings ...` to show where the warning was created)

============================================================
🧠 RUNNING AI CHALLENGE VALIDATION V1 (PRODUCTION PATH, N=200)
============================================================

📊 1. COMPARATIVE ACCURACY & MACRO F1 (BLIND PRODUCTION PATH):
  FULL_MINUS_CRITIC    : Accuracy=90.0%, Macro F1=80.6%
  FULL_V5 (CANDIDATE)  : Accuracy=100.0%, Macro F1=100.0%

🛡️ 2. PRIMARY SAFETY METRICS (FALSE REASSURANCE EXACT CI):
  FULL_MINUS_CRITIC    : 0.00% [95% CI: 0.00% - 7.87%]
  FULL_V5 (CANDIDATE)  : 0.00% [95% CI: 0.00% - 7.87%] [Gate <= 2.0% point, exact non-zero upper bound]

📈 3. CALIBRATION & CITATION QUALITY (FULL_V5):
  Brier Score          : 0.0051 (Target <= 0.15)
  Expected Calib Error : 0.0690 (ECE, Target <= 0.10)
  Citation Validity    : 100.0% (No hallucinated IDs)
  Abstention Rate      : 32.5%
  Coverage             : 67.5%

🔬 4. CRITIC CAUSAL PATH VERIFICATION:
  Accuracy Delta (+Critic): +10.0 percentage points
  Macro F1 Delta (+Critic): +19.4 percentage points
  Causal Status: CRITIC_CAUSAL_VALUE_VERIFIED_VALIDATION

🧩 5. HARD SUBGROUPS PERFORMANCE (FULL_V5):
  - CONFLICTED_EVIDENCE                  (N=20): 100.0% correct
  - MISSING_EVIDENCE_ABSTENTION          (N=25): 100.0% correct
  - STALE_SUPERSEDED_POLICY              (N=20): 100.0% correct
  - SYNDICATED_CONSENSUS_TRAP            (N=20): 100.0% correct
  - NOVEL_SUBTLE_SCAM                    (N=21): 100.0% correct
  - BENIGN_LEGITIMATE_TRANSACTION        (N=20): 100.0% correct
  - AMBIGUOUS_ABBREVIATION_DISAGREEMENT  (N=20): 100.0% correct
  - STANDARD_VERIFIED_NOTICE             (N=30): 100.0% correct
  - STANDARD_HIGH_RISK_FRAUD             (N=24): 100.0% correct

📌 AI VALIDATION V1 STATUS: AI_CHALLENGE_VALIDATION_V1
============================================================

✔ AI CHALLENGE VALIDATION V1 — BLIND PRODUCTION PATH & CRITIC ABLATION (N=200 CASES) (2126.4424ms)
ℹ tests 1
ℹ suites 0
ℹ pass 1
ℹ fail 0
ℹ cancelled 0
ℹ skipped 0
ℹ todo 0
ℹ duration_ms 2133.5306
(node:1216) ExperimentalWarning: `--experimental-loader` may be removed in the future; instead use `register()`:
--import 'data:text/javascript,import { register } from "node:module"; import { pathToFileURL } from "node:url"; register("file%3A///D%3A/StudentHub-CodexRuns/FULL_REPAIR_20261001/candidate/frontend/tests/foundation/ts-extension-loader.mjs", pathToFileURL("./"));'
(Use `node --trace-warnings ...` to show where the warning was created)

============================================================
🧠 RUNNING CONTROLLED SYNTHETIC AI TEVV (N=210 CASES)
============================================================

📊 1. COMPARATIVE ACCURACY & MACRO F1 (CONTROLLED SYNTHETIC TEVV):
  FULL_MINUS_CRITIC    : Accuracy=88.1%, Macro F1=80.5%
  FULL_V5 (CANDIDATE)  : Accuracy=100.0%, Macro F1=100.0%

🛡️ 2. PRIMARY SAFETY METRICS (FALSE REASSURANCE EXACT CI):
  FULL_MINUS_CRITIC    : 0.00% [95% CI: 0.00% - 13.72%]
  FULL_V5 (CANDIDATE)  : 0.00% [95% CI: 0.00% - 13.72%] [Gate <= 2.0% point, exact non-zero upper bound]

📈 3. CALIBRATION & CITATION QUALITY (FULL_V5):
  Brier Score          : 0.0055 (Target <= 0.15)
  Expected Calib Error : 0.0719 (ECE, Target <= 0.10)
  Citation Validity    : 100.0% (No hallucinated IDs)
  Abstention Rate      : 35.7%
  Coverage             : 64.3%

🔬 4. CRITIC CAUSAL PATH VERIFICATION (CONTROLLED SYNTHETIC TEVV):
  Accuracy Delta (+Critic): +11.9 percentage points
  Macro F1 Delta (+Critic): +19.5 percentage points
  Paired discordance       : full-only=25, minus-only=0, exact McNemar p=5.960e-8
  Causal Status: CRITIC_CAUSAL_VALUE_VERIFIED_CONTROLLED_TEVV

🧩 5. HARD SUBGROUPS PERFORMANCE (FULL_V5):
  - CONFLICTED_EVIDENCE                  (N=25): 100.0% correct
  - MISSING_EVIDENCE_ABSTENTION          (N=25): 100.0% correct
  - STALE_SUPERSEDED_POLICY              (N=25): 100.0% correct
  - SYNDICATED_CONSENSUS_TRAP            (N=25): 100.0% correct
  - NOVEL_SUBTLE_SCAM                    (N=25): 100.0% correct
  - BENIGN_LEGITIMATE_TRANSACTION        (N=25): 100.0% correct
  - AMBIGUOUS_ABBREVIATION_DISAGREEMENT  (N=25): 100.0% correct
  - STANDARD_VERIFIED_NOTICE             (N=35): 100.0% correct

📌 CONTROLLED SYNTHETIC AI TEVV STATUS: CONTROLLED_SYNTHETIC_AI_TEVV_VERIFIED
============================================================

✔ CONTROLLED SYNTHETIC AI TEVV — BLIND PRODUCTION PATH (N=210 CASES) (2185.0548ms)
ℹ tests 1
ℹ suites 0
ℹ pass 1
ℹ fail 0
ℹ cancelled 0
ℹ skipped 0
ℹ todo 0
ℹ duration_ms 2191.7084
(node:18240) ExperimentalWarning: `--experimental-loader` may be removed in the future; instead use `register()`:
--import 'data:text/javascript,import { register } from "node:module"; import { pathToFileURL } from "node:url"; register("file%3A///D%3A/StudentHub-CodexRuns/FULL_REPAIR_20261001/candidate/frontend/tests/foundation/ts-extension-loader.mjs", pathToFileURL("./"));'
(Use `node --trace-warnings ...` to show where the warning was created)

============================================================
📋 RUNNING AI TEVV LOCKED EVALUATION (N=120 CASES)
============================================================

📊 CANDIDATE PERFORMANCE (FULL SYSTEM):
  False Reassurance (Metric #1): 0.0% (Target: <= 3.0%)
  False Accusation Rate        : 0.0%
  Abstention Rate              : 20.0% ("CHƯA ĐỦ BẰNG CHỨNG")
  Coverage                     : 80.0%
  Answered Accuracy            : 100.0%
  Citation & URL Validity      : 100.0% (Target: 100.0%)
  Brier Calibration Score      : 0.0754 (Closer to 0 is better)

🔬 SYSTEM ABLATION DELTAS (False Reassurance):
  [Full StudentHub V5]               : 0.0%
  [Without Critic]                   : 100.0% (CRITIC PROVEN ESSENTIAL)
  [Without Counter-Search]           : 0.0%
  [Without Source Independence]      : 0.0%
  [Heuristic Rule Baseline]          : 0.0%
============================================================

📌 HISTORICAL TEVV STATUS: CONTROLLED_SYNTHETIC_TEVV
✔ AI TEVV SCIENTIFIC EVALUATION: 120 Locked Test Cases with Ablations (2646.8103ms)
ℹ tests 1
ℹ suites 0
ℹ pass 1
ℹ fail 0
ℹ cancelled 0
ℹ skipped 0
ℹ todo 0
ℹ duration_ms 2653.0098
(node:30092) ExperimentalWarning: `--experimental-loader` may be removed in the future; instead use `register()`:
--import 'data:text/javascript,import { register } from "node:module"; import { pathToFileURL } from "node:url"; register("file%3A///D%3A/StudentHub-CodexRuns/FULL_REPAIR_20261001/candidate/frontend/tests/foundation/ts-extension-loader.mjs", pathToFileURL("./"));'
(Use `node --trace-warnings ...` to show where the warning was created)
✔ unconfigured Gemini fails closed without activating OpenAI compatibility (2.3142ms)
✔ A: primary Gemini 3.8 success does not fall back (0.6009ms)
✔ B: 3.8 rate limit falls back to 3.7 (1.1081ms)
✔ C: consecutive rate limits continue in order until 3.6 succeeds (0.7043ms)
✔ D: 3.8 and 3.7 unavailable falls back to healthy 3.6 (0.5555ms)
✔ E: all Gemini candidates fail with exact trace and no OpenAI cascade (0.6037ms)
✔ F/G: authentication and invalid-request failures do not cascade (0.4129ms)
✔ structured output uses one shared DTO contract and records required trace fields (2.6839ms)
✔ malformed structured output is marked incompatible and advances without retrying a model (0.6788ms)
✔ server-owned model provenance overrides any model-generated model identifier (0.3245ms)
✔ per-model circuit breaker skips a cooling primary on a later run (0.4485ms)
✔ health store honors Retry-After and keeps daily quota cooldown longer (0.5504ms)
✔ unrouted embedding capability is explicitly not configured (0.1042ms)
✔ describeRoute is read-only and reports the three ordered Gemini candidates (0.2192ms)
✔ remaining-budget reservation preserves execution time for terminal healthy 3.6 (0.2252ms)
✔ gemini-2.5-flash is retired and not invoked during production routing (0.2808ms)
✔ ACCEPTANCE: 3.8 cooldown, 3.7 cooldown skips both in 0ms and executes healthy 3.6 directly (0.3496ms)
ℹ tests 17
ℹ suites 0
ℹ pass 17
ℹ fail 0
ℹ cancelled 0
ℹ skipped 0
ℹ todo 0
ℹ duration_ms 17.5405
(node:21344) ExperimentalWarning: `--experimental-loader` may be removed in the future; instead use `register()`:
--import 'data:text/javascript,import { register } from "node:module"; import { pathToFileURL } from "node:url"; register("file%3A///D%3A/StudentHub-CodexRuns/FULL_REPAIR_20261001/candidate/frontend/tests/foundation/ts-extension-loader.mjs", pathToFileURL("./"));'
(Use `node --trace-warnings ...` to show where the warning was created)
✔ 1. Model Catalog: declares all required metadata fields for primary and extended QA tiers (1.1598ms)
✔ 2. QA-only gate: extended models reject in production mode and admit under QA flag (0.1526ms)
✔ 3. Route resolution: production returns 3 models; QA returns full capability-ordered chains (0.1308ms)
✔ 4. CASE A: 3.8 healthy executes without fallback (qaExtendedFallback=false) (1.8247ms)
✔ 5. CASE B & C: Primary failovers to 3.7 and 3.6 (qaExtendedFallback=false) (0.8882ms)
✔ 6. CASE D: 3.8 + 3.7 + 3.6 unavailable -> 3.5 Flash executes (qaExtendedFallback=true) (0.5265ms)
✔ 7. CASE E: higher Flash models unavailable -> 3.5 Flash-Lite executes (0.663ms)
✔ 8. CASE F: all above unavailable -> 3.1 Flash-Lite executes (0.5512ms)
✔ 9. CASE G: all eligible models fail -> returns clean failure trace without crash (0.4654ms)
✔ 10. Health-aware circuit breaker: cooling models skip in ~0ms (0.3025ms)
✔ 11. Schema quality floor: invalid JSON advances to next candidate instead of accepting bad output (0.3359ms)
✔ 12. Academic Timetable Extractor: seamlessly uses extended QA fallback and manual fallback (2.0903ms)
✔ 13. Trust Layer 4: preserves deterministic policy authority and tags qaExtendedFallback (4.2929ms)
ℹ tests 13
ℹ suites 0
ℹ pass 13
ℹ fail 0
ℹ cancelled 0
ℹ skipped 0
ℹ todo 0
ℹ duration_ms 17.6179
(node:2416) ExperimentalWarning: `--experimental-loader` may be removed in the future; instead use `register()`:
--import 'data:text/javascript,import { register } from "node:module"; import { pathToFileURL } from "node:url"; register("file%3A///D%3A/StudentHub-CodexRuns/FULL_REPAIR_20261001/candidate/frontend/tests/foundation/ts-extension-loader.mjs", pathToFileURL("./"));'
(Use `node --trace-warnings ...` to show where the warning was created)
▶ Gemini trusted instruction boundary
  ✔ serializes system instructions separately from untrusted user/evidence content (16.5363ms)
  ✔ does not expose Interactions thought steps as the model answer (0.4193ms)
  ✔ uses generateContent only as the explicit endpoint compatibility fallback (0.6626ms)
  ✔ keeps Gemma shadow-only unless an explicit compatibility probe opts in (0.6364ms)
✔ Gemini trusted instruction boundary (18.9436ms)
ℹ tests 4
ℹ suites 1
ℹ pass 4
ℹ fail 0
ℹ cancelled 0
ℹ skipped 0
ℹ todo 0
ℹ duration_ms 22.8401
(node:11528) ExperimentalWarning: `--experimental-loader` may be removed in the future; instead use `register()`:
--import 'data:text/javascript,import { register } from "node:module"; import { pathToFileURL } from "node:url"; register("file%3A///D%3A/StudentHub-CodexRuns/FULL_REPAIR_20261001/candidate/frontend/tests/foundation/ts-extension-loader.mjs", pathToFileURL("./"));'
(Use `node --trace-warnings ...` to show where the warning was created)
✔ Gemini requires the existing canonical GEMINI_API_KEY (0.4836ms)
✔ Gemini sends only the canonical key and the catalog model wins over environment model text (0.6242ms)
✔ key-like aliases never appear in router telemetry (2.0944ms)
ℹ tests 3
ℹ suites 0
ℹ pass 3
ℹ fail 0
ℹ cancelled 0
ℹ skipped 0
ℹ todo 0
ℹ duration_ms 7.0096
(node:20828) ExperimentalWarning: `--experimental-loader` may be removed in the future; instead use `register()`:
--import 'data:text/javascript,import { register } from "node:module"; import { pathToFileURL } from "node:url"; register("file%3A///D%3A/StudentHub-CodexRuns/FULL_REPAIR_20261001/candidate/frontend/tests/foundation/ts-extension-loader.mjs", pathToFileURL("./"));'
(Use `node --trace-warnings ...` to show where the warning was created)
✔ OpenAI compatibility adapter is intentionally disabled by default (0.5136ms)
✔ OpenAI compatibility adapter is unconfigured without a key or enabled runtime (0.1022ms)
✔ disabled OpenAI generate fails closed before fetch (0.495ms)
ℹ tests 3
ℹ suites 0
ℹ pass 3
ℹ fail 0
ℹ cancelled 0
ℹ skipped 0
ℹ todo 0
ℹ duration_ms 5.0594
(node:19372) ExperimentalWarning: `--experimental-loader` may be removed in the future; instead use `register()`:
--import 'data:text/javascript,import { register } from "node:module"; import { pathToFileURL } from "node:url"; register("file%3A///D%3A/StudentHub-CodexRuns/FULL_REPAIR_20261001/candidate/frontend/tests/foundation/ts-extension-loader.mjs", pathToFileURL("./"));'
(Use `node --trace-warnings ...` to show where the warning was created)
✔ P26 Scenario A: 3.8 SUCCESS selects 3.8 (3.7518ms)
✔ P26 Scenario B: 3.8 429 -> 3.7 SUCCESS selects 3.7 (0.7623ms)
✔ P26 Scenario C: 3.8 429, 3.7 503 -> 3.6 SUCCESS selects 3.6 (0.3836ms)
✔ P26 Scenario D: 3.8, 3.7, 3.6 fail -> fallback to 3.5 Flash (0.5864ms)
✔ P26 Scenario E: 3.8–3.5 unavailable -> selects 3.5 Flash-Lite (0.542ms)
✔ P26 Scenario F: all except 3.1-lite fail -> selects 3.1 Flash-Lite (0.5974ms)
✔ P26 Scenario G: all fail -> clean failure trace, no crash (0.5822ms)
✔ P26 Dynamic Order: dead 3.8 and 3.7 are skipped immediately when cooling down (0.225ms)
ℹ tests 8
ℹ suites 0
ℹ pass 8
ℹ fail 0
ℹ cancelled 0
ℹ skipped 0
ℹ todo 0
ℹ duration_ms 11.3748
(node:23156) ExperimentalWarning: `--experimental-loader` may be removed in the future; instead use `register()`:
--import 'data:text/javascript,import { register } from "node:module"; import { pathToFileURL } from "node:url"; register("file%3A///D%3A/StudentHub-CodexRuns/FULL_REPAIR_20261001/candidate/frontend/tests/foundation/ts-extension-loader.mjs", pathToFileURL("./"));'
(Use `node --trace-warnings ...` to show where the warning was created)
✔ Gemini routing exposes the ordered production fallback chain for every active capability (1.2608ms)
✔ Trust input modality selects the provider capability that matches the work (0.1218ms)
ℹ tests 2
ℹ suites 0
ℹ pass 2
ℹ fail 0
ℹ cancelled 0
ℹ skipped 0
ℹ todo 0
ℹ duration_ms 5.1573
(node:5244) ExperimentalWarning: `--experimental-loader` may be removed in the future; instead use `register()`:
--import 'data:text/javascript,import { register } from "node:module"; import { pathToFileURL } from "node:url"; register("file%3A///D%3A/StudentHub-CodexRuns/FULL_REPAIR_20261001/candidate/frontend/tests/foundation/ts-extension-loader.mjs", pathToFileURL("./"));'
(Use `node --trace-warnings ...` to show where the warning was created)
✔ PROVIDER REGISTRY: Exposes accurate capability metadata without leaking secrets (1.014ms)
✔ DOMAIN SPECIALIST BOUNDARY: FraudRiskEngine evaluates local signals as ADVISORY ONLY (3.0726ms)
✔ MODEL ROUTER: Capability-based route returns configured candidates in priority order (0.9744ms)
ℹ tests 3
ℹ suites 0
ℹ pass 3
ℹ fail 0
ℹ cancelled 0
ℹ skipped 0
ℹ todo 0
ℹ duration_ms 8.6075
(node:18484) ExperimentalWarning: `--experimental-loader` may be removed in the future; instead use `register()`:
--import 'data:text/javascript,import { register } from "node:module"; import { pathToFileURL } from "node:url"; register("file%3A///D%3A/StudentHub-CodexRuns/FULL_REPAIR_20261001/candidate/frontend/tests/foundation/ts-extension-loader.mjs", pathToFileURL("./"));'
(Use `node --trace-warnings ...` to show where the warning was created)
▶ Luna Max auth callback and persistence contracts
  ✔ allows only internal authenticated destinations (0.7722ms)
  ✔ keeps the PKCE verifier in tab session storage while auth tokens stay in memory (0.1929ms)
  ✔ uses PKCE and server-owned onboarding/profile authority (3.6984ms)
✔ Luna Max auth callback and persistence contracts (5.2986ms)
ℹ tests 3
ℹ suites 1
ℹ pass 3
ℹ fail 0
ℹ cancelled 0
ℹ skipped 0
ℹ todo 0
ℹ duration_ms 8.7382
(node:33044) ExperimentalWarning: `--experimental-loader` may be removed in the future; instead use `register()`:
--import 'data:text/javascript,import { register } from "node:module"; import { pathToFileURL } from "node:url"; register("file%3A///D%3A/StudentHub-CodexRuns/FULL_REPAIR_20261001/candidate/frontend/tests/foundation/ts-extension-loader.mjs", pathToFileURL("./"));'
(Use `node --trace-warnings ...` to show where the warning was created)
[AUTH_INFO] - [signOutSupabase] - Bắt đầu đăng xuất và xóa phiên. 
[AUTH_INFO] - [signOutSupabase] - Đã xóa trạng thái trình duyệt; kết quả thu hồi phiên máy chủ đã được xử lý riêng. 
▶ Auth identity closure — capability and state contracts
  ✔ reports missing Supabase prerequisites as MISCONFIGURED (0.6566ms)
  ✔ reports email/password ready while Google remains disabled until provider configuration is attested (0.1415ms)
  ✔ does not treat an unverified public Google flag as READY and supports DEGRADED (0.1742ms)
  ✔ defines the required auth states and rejects an impossible transition (0.4646ms)
✔ Auth identity closure — capability and state contracts (2.0983ms)
▶ Auth identity closure — normalization and UI safety
  ✔ normalizes only typed UUID identities and preserves non-UUID legacy subjects (0.2474ms)
  ✔ never returns a raw JSON auth envelope to the UI (0.2061ms)
  ✔ allows only presentation profile fields and never promotes privilege fields (0.1448ms)
  ✔ emits a credential-free cross-tab logout signal after clearing the application session (2.2717ms)
  ✔ keeps the application session and server role boundary explicit (3.361ms)
✔ Auth identity closure — normalization and UI safety (6.4982ms)
ℹ tests 9
ℹ suites 2
ℹ pass 9
ℹ fail 0
ℹ cancelled 0
ℹ skipped 0
ℹ todo 0
ℹ duration_ms 12.6214
(node:17264) ExperimentalWarning: `--experimental-loader` may be removed in the future; instead use `register()`:
--import 'data:text/javascript,import { register } from "node:module"; import { pathToFileURL } from "node:url"; register("file%3A///D%3A/StudentHub-CodexRuns/FULL_REPAIR_20261001/candidate/frontend/tests/foundation/ts-extension-loader.mjs", pathToFileURL("./"));'
(Use `node --trace-warnings ...` to show where the warning was created)
[AUTH_INFO] - [signOutSupabase] - Bắt đầu đăng xuất và xóa phiên. 
[Supabase] Session-scoped PKCE storage is unavailable. Error
[AUTH_ERROR] - [storage:sessionStorage] - Error 
[AUTH_ERROR] - [storage:sessionStorage] - Error 
[AUTH_ERROR] - [storage:localStorage] - Error 
[AUTH_ERROR] - [storage:localStorage] - Error 
[AUTH_ERROR] - [storage:localStorage] - Error 
[AUTH_ERROR] - [storage:localStorage] - Error 
[AUTH_INFO] - [signOutSupabase] - Đã xóa trạng thái trình duyệt; kết quả thu hồi phiên máy chủ đã được xử lý riêng. 
▶ Auth Error Translation Contracts (Finding B)
  ✔ should return valid human-readable string for null/undefined/empty input (0.5554ms)
  ✔ should translate known Supabase auth error codes and messages to Vietnamese strings (0.1615ms)
  ✔ should return string fallback for unknown error strings or objects without returning JSX (0.1593ms)
✔ Auth Error Translation Contracts (Finding B) (1.4812ms)
▶ HttpOnly application session boundary (Finding E)
  ✔ keeps Supabase provider storage in page memory without touching Web Storage (0.2254ms)
  ✔ contains no browser storage path for provider or application bearer credentials (0.7009ms)
  ✔ uses the same-origin cookie boundary for protected dashboard requests (0.2729ms)
  ✔ never restores a client-side demo identity (0.3157ms)
  ✔ serializes Supabase auth subscription after initial session reconciliation (0.3222ms)
  ✔ exchanges a transient proof with credentials included and exposes no returned secret (1.9239ms)
  ✔ fails closed when durable session exchange is unavailable (0.3186ms)
  ✔ remains inert and returns null when browser context is absent (0.0691ms)
  ✔ does not let browser storage failure prevent provider logout (1.476ms)
✔ HttpOnly application session boundary (Finding E) (5.9267ms)
▶ Auth Sync Resilience & Rate Limit Translation (Findings C & D)
  ✔ should translate GitHub API rate limit errors gracefully (0.0926ms)
  ✔ should ensure translateAuthError handles non-Error objects and status codes (0.0837ms)
✔ Auth Sync Resilience & Rate Limit Translation (Findings C & D) (0.2374ms)
ℹ tests 14
ℹ suites 3
ℹ pass 14
ℹ fail 0
ℹ cancelled 0
ℹ skipped 0
ℹ todo 0
ℹ duration_ms 11.7171
(node:18864) ExperimentalWarning: `--experimental-loader` may be removed in the future; instead use `register()`:
--import 'data:text/javascript,import { register } from "node:module"; import { pathToFileURL } from "node:url"; register("file%3A///D%3A/StudentHub-CodexRuns/FULL_REPAIR_20261001/candidate/frontend/tests/foundation/ts-extension-loader.mjs", pathToFileURL("./"));'
(Use `node --trace-warnings ...` to show where the warning was created)
✔ demo allowlist is exact and Gmail mailbox proof does not become student-email proof (1.3869ms)
✔ institutional truth requires both an institutional-shaped address and mailbox proof (0.1174ms)
✔ QA entitlements are private and the public routes expose separate truth fields (2.3083ms)
ℹ tests 3
ℹ suites 0
ℹ pass 3
ℹ fail 0
ℹ cancelled 0
ℹ skipped 0
ℹ todo 0
ℹ duration_ms 7.966
(node:33064) ExperimentalWarning: `--experimental-loader` may be removed in the future; instead use `register()`:
--import 'data:text/javascript,import { register } from "node:module"; import { pathToFileURL } from "node:url"; register("file%3A///D%3A/StudentHub-CodexRuns/FULL_REPAIR_20261001/candidate/frontend/tests/foundation/ts-extension-loader.mjs", pathToFileURL("./"));'
(Use `node --trace-warnings ...` to show where the warning was created)
✔ onboarding sends only safe presentation fields and completes the server-owned state (0.9699ms)
✔ expert onboarding still stores safe profile data without granting client authority (0.1005ms)
✔ onboarding uses the canonical safe update flow (1.327ms)
ℹ tests 3
ℹ suites 0
ℹ pass 3
ℹ fail 0
ℹ cancelled 0
ℹ skipped 0
ℹ todo 0
ℹ duration_ms 6.7032
(node:1360) ExperimentalWarning: `--experimental-loader` may be removed in the future; instead use `register()`:
--import 'data:text/javascript,import { register } from "node:module"; import { pathToFileURL } from "node:url"; register("file%3A///D%3A/StudentHub-CodexRuns/FULL_REPAIR_20261001/candidate/frontend/tests/foundation/ts-extension-loader.mjs", pathToFileURL("./"));'
(Use `node --trace-warnings ...` to show where the warning was created)
✔ registration email shape does not imply verified student status or reputation points (1.8518ms)
ℹ tests 1
ℹ suites 0
ℹ pass 1
ℹ fail 0
ℹ cancelled 0
ℹ skipped 0
ℹ todo 0
ℹ duration_ms 4.7775
(node:27360) ExperimentalWarning: `--experimental-loader` may be removed in the future; instead use `register()`:
--import 'data:text/javascript,import { register } from "node:module"; import { pathToFileURL } from "node:url"; register("file%3A///D%3A/StudentHub-CodexRuns/FULL_REPAIR_20261001/candidate/frontend/tests/foundation/ts-extension-loader.mjs", pathToFileURL("./"));'
(Use `node --trace-warnings ...` to show where the warning was created)
✔ Canonical URL & Title normalization (1.7245ms)
✔ Deterministic canonical identity hash generation (0.5736ms)
✔ Aggregation: 27 student reports aggregated into ONE canonical event + 27 related reports (2.4526ms)
✔ Mutation Idempotency: Replaying same clientMutationId returns identical result without re-executing (0.7295ms)
ℹ tests 4
ℹ suites 0
ℹ pass 4
ℹ fail 0
ℹ cancelled 0
ℹ skipped 0
ℹ todo 0
ℹ duration_ms 9.2151
(node:3092) ExperimentalWarning: `--experimental-loader` may be removed in the future; instead use `register()`:
--import 'data:text/javascript,import { register } from "node:module"; import { pathToFileURL } from "node:url"; register("file%3A///D%3A/StudentHub-CodexRuns/FULL_REPAIR_20261001/candidate/frontend/tests/foundation/ts-extension-loader.mjs", pathToFileURL("./"));'
(Use `node --trace-warnings ...` to show where the warning was created)
▶ CommunityAstroturfDefense
  ✔ should classify commercial promotional spam links as POTENTIAL_COMMERCIAL_INTEREST (3.769ms)
✔ CommunityAstroturfDefense (4.2713ms)
ℹ tests 1
ℹ suites 1
ℹ pass 1
ℹ fail 0
ℹ cancelled 0
ℹ skipped 0
ℹ todo 0
ℹ duration_ms 7.8067
(node:11624) ExperimentalWarning: `--experimental-loader` may be removed in the future; instead use `register()`:
--import 'data:text/javascript,import { register } from "node:module"; import { pathToFileURL } from "node:url"; register("file%3A///D%3A/StudentHub-CodexRuns/FULL_REPAIR_20261001/candidate/frontend/tests/foundation/ts-extension-loader.mjs", pathToFileURL("./"));'
(Use `node --trace-warnings ...` to show where the warning was created)
▶ CommunityAstroturfingCoordination
  ✔ should flag SUSPECTED_COORDINATION and COORDINATED_COPY_PASTE when multiple accounts post identical wording (4.14ms)
  ✔ should flag ASTROTURFING_PROMOTION when multiple accounts spam repeated commercial link (0.7212ms)
✔ CommunityAstroturfingCoordination (5.4823ms)
ℹ tests 2
ℹ suites 1
ℹ pass 2
ℹ fail 0
ℹ cancelled 0
ℹ skipped 0
ℹ todo 0
ℹ duration_ms 9.2201
(node:31840) ExperimentalWarning: `--experimental-loader` may be removed in the future; instead use `register()`:
--import 'data:text/javascript,import { register } from "node:module"; import { pathToFileURL } from "node:url"; register("file%3A///D%3A/StudentHub-CodexRuns/FULL_REPAIR_20261001/candidate/frontend/tests/foundation/ts-extension-loader.mjs", pathToFileURL("./"));'
(Use `node --trace-warnings ...` to show where the warning was created)
▶ CommunityAuthorizationPrivacy
  ✔ should conceal internal behavioral scores and private device fingerprints from public payload (0.8027ms)
✔ CommunityAuthorizationPrivacy (1.3048ms)
ℹ tests 1
ℹ suites 1
ℹ pass 1
ℹ fail 0
ℹ cancelled 0
ℹ skipped 0
ℹ todo 0
ℹ duration_ms 4.7811
(node:20592) ExperimentalWarning: `--experimental-loader` may be removed in the future; instead use `register()`:
--import 'data:text/javascript,import { register } from "node:module"; import { pathToFileURL } from "node:url"; register("file%3A///D%3A/StudentHub-CodexRuns/FULL_REPAIR_20261001/candidate/frontend/tests/foundation/ts-extension-loader.mjs", pathToFileURL("./"));'
(Use `node --trace-warnings ...` to show where the warning was created)
▶ CommunityClaimExtraction
  ✔ should extract 8 claim types with appropriate initial evidence statuses (3.1163ms)
✔ CommunityClaimExtraction (3.6949ms)
ℹ tests 1
ℹ suites 1
ℹ pass 1
ℹ fail 0
ℹ cancelled 0
ℹ skipped 0
ℹ todo 0
ℹ duration_ms 7.9063
(node:19452) ExperimentalWarning: `--experimental-loader` may be removed in the future; instead use `register()`:
--import 'data:text/javascript,import { register } from "node:module"; import { pathToFileURL } from "node:url"; register("file%3A///D%3A/StudentHub-CodexRuns/FULL_REPAIR_20261001/candidate/frontend/tests/foundation/ts-extension-loader.mjs", pathToFileURL("./"));'
(Use `node --trace-warnings ...` to show where the warning was created)
▶ CommunityConsensusModel
  ✔ should evaluate STRONG_COMMUNITY_SIGNAL when >= 3 independent authors corroborate with unique provenance (4.5374ms)
✔ CommunityConsensusModel (5.1002ms)
ℹ tests 1
ℹ suites 1
ℹ pass 1
ℹ fail 0
ℹ cancelled 0
ℹ skipped 0
ℹ todo 0
ℹ duration_ms 9.0764
(node:26244) ExperimentalWarning: `--experimental-loader` may be removed in the future; instead use `register()`:
--import 'data:text/javascript,import { register } from "node:module"; import { pathToFileURL } from "node:url"; register("file%3A///D%3A/StudentHub-CodexRuns/FULL_REPAIR_20261001/candidate/frontend/tests/foundation/ts-extension-loader.mjs", pathToFileURL("./"));'
(Use `node --trace-warnings ...` to show where the warning was created)
▶ CommunityContentClassification
  ✔ should classify direct student experience as FIRST_HAND_EXPERIENCE (2.2898ms)
  ✔ should classify hearsay as SECOND_HAND_REPORT (0.6879ms)
  ✔ should classify question text as QUESTION (0.145ms)
  ✔ should classify step-by-step guide as GUIDE (0.1322ms)
✔ CommunityContentClassification (3.9189ms)
ℹ tests 4
ℹ suites 1
ℹ pass 4
ℹ fail 0
ℹ cancelled 0
ℹ skipped 0
ℹ todo 0
ℹ duration_ms 7.1324
(node:15716) ExperimentalWarning: `--experimental-loader` may be removed in the future; instead use `register()`:
--import 'data:text/javascript,import { register } from "node:module"; import { pathToFileURL } from "node:url"; register("file%3A///D%3A/StudentHub-CodexRuns/FULL_REPAIR_20261001/candidate/frontend/tests/foundation/ts-extension-loader.mjs", pathToFileURL("./"));'
(Use `node --trace-warnings ...` to show where the warning was created)
▶ CommunityContextSegmentation
  ✔ should segment experiences by department and cohort rather than conflating distinct programs (2.212ms)
✔ CommunityContextSegmentation (2.7597ms)
ℹ tests 1
ℹ suites 1
ℹ pass 1
ℹ fail 0
ℹ cancelled 0
ℹ skipped 0
ℹ todo 0
ℹ duration_ms 6.4806
(node:11320) ExperimentalWarning: `--experimental-loader` may be removed in the future; instead use `register()`:
--import 'data:text/javascript,import { register } from "node:module"; import { pathToFileURL } from "node:url"; register("file%3A///D%3A/StudentHub-CodexRuns/FULL_REPAIR_20261001/candidate/frontend/tests/foundation/ts-extension-loader.mjs", pathToFileURL("./"));'
(Use `node --trace-warnings ...` to show where the warning was created)
▶ CommunityContradictionResolution
  ✔ should output MIXED_EXPERIENCES and segment by department when reports conflict (3 days vs 10 days) without false averaging (3.6807ms)
✔ CommunityContradictionResolution (4.2064ms)
ℹ tests 1
ℹ suites 1
ℹ pass 1
ℹ fail 0
ℹ cancelled 0
ℹ skipped 0
ℹ todo 0
ℹ duration_ms 7.8848
(node:11012) ExperimentalWarning: `--experimental-loader` may be removed in the future; instead use `register()`:
--import 'data:text/javascript,import { register } from "node:module"; import { pathToFileURL } from "node:url"; register("file%3A///D%3A/StudentHub-CodexRuns/FULL_REPAIR_20261001/candidate/frontend/tests/foundation/ts-extension-loader.mjs", pathToFileURL("./"));'
(Use `node --trace-warnings ...` to show where the warning was created)
✔ production build gate stays inside the Vercel frontend root (0.5563ms)
✔ production configuration rejects the Community demo flag (0.3675ms)
✔ production configuration rejects the memory persistence adapter (0.0878ms)
✔ canonical demo-mode source keeps test fixtures test-only and production data durable (0.1136ms)
✔ production build script exits non-zero when demo fixtures are enabled (74.0307ms)
✔ release gate passes when demo fixtures are disabled (61.0484ms)
ℹ tests 6
ℹ suites 0
ℹ pass 6
ℹ fail 0
ℹ cancelled 0
ℹ skipped 0
ℹ todo 0
ℹ duration_ms 140.9321
(node:26644) ExperimentalWarning: `--experimental-loader` may be removed in the future; instead use `register()`:
--import 'data:text/javascript,import { register } from "node:module"; import { pathToFileURL } from "node:url"; register("file%3A///D%3A/StudentHub-CodexRuns/FULL_REPAIR_20261001/candidate/frontend/tests/foundation/ts-extension-loader.mjs", pathToFileURL("./"));'
(Use `node --trace-warnings ...` to show where the warning was created)
▶ CommunityIntelligenceE2E
  ✔ should run complete E2E workflow: store experiences -> extract claims -> calculate consensus & median duration -> mine friction hotspots (8.8348ms)
✔ CommunityIntelligenceE2E (9.3666ms)
ℹ tests 1
ℹ suites 1
ℹ pass 1
ℹ fail 0
ℹ cancelled 0
ℹ skipped 0
ℹ todo 0
ℹ duration_ms 12.6909
(node:3196) ExperimentalWarning: `--experimental-loader` may be removed in the future; instead use `register()`:
--import 'data:text/javascript,import { register } from "node:module"; import { pathToFileURL } from "node:url"; register("file%3A///D%3A/StudentHub-CodexRuns/FULL_REPAIR_20261001/candidate/frontend/tests/foundation/ts-extension-loader.mjs", pathToFileURL("./"));'
(Use `node --trace-warnings ...` to show where the warning was created)
▶ CommunityEdgeCaseMining
  ✔ should extract median procedure duration from verified first-hand guide experiences (3.99ms)
✔ CommunityEdgeCaseMining (4.5249ms)
ℹ tests 1
ℹ suites 1
ℹ pass 1
ℹ fail 0
ℹ cancelled 0
ℹ skipped 0
ℹ todo 0
ℹ duration_ms 8.2759
(node:14076) ExperimentalWarning: `--experimental-loader` may be removed in the future; instead use `register()`:
--import 'data:text/javascript,import { register } from "node:module"; import { pathToFileURL } from "node:url"; register("file%3A///D%3A/StudentHub-CodexRuns/FULL_REPAIR_20261001/candidate/frontend/tests/foundation/ts-extension-loader.mjs", pathToFileURL("./"));'
(Use `node --trace-warnings ...` to show where the warning was created)
▶ CommunityExperienceConsensus
  ✔ should detect STRONG_EXPERIENCE_CONSENSUS when >= 3 independent students corroborate the same duration (3.8547ms)
✔ CommunityExperienceConsensus (4.3779ms)
ℹ tests 1
ℹ suites 1
ℹ pass 1
ℹ fail 0
ℹ cancelled 0
ℹ skipped 0
ℹ todo 0
ℹ duration_ms 8.2132
(node:8644) ExperimentalWarning: `--experimental-loader` may be removed in the future; instead use `register()`:
--import 'data:text/javascript,import { register } from "node:module"; import { pathToFileURL } from "node:url"; register("file%3A///D%3A/StudentHub-CodexRuns/FULL_REPAIR_20261001/candidate/frontend/tests/foundation/ts-extension-loader.mjs", pathToFileURL("./"));'
(Use `node --trace-warnings ...` to show where the warning was created)
▶ CommunityFirstHandExperience
  ✔ should classify direct student experience and enforce invariant that it NEVER becomes official policy (2.0885ms)
✔ CommunityFirstHandExperience (2.5902ms)
ℹ tests 1
ℹ suites 1
ℹ pass 1
ℹ fail 0
ℹ cancelled 0
ℹ skipped 0
ℹ todo 0
ℹ duration_ms 6.0279
(node:29344) ExperimentalWarning: `--experimental-loader` may be removed in the future; instead use `register()`:
--import 'data:text/javascript,import { register } from "node:module"; import { pathToFileURL } from "node:url"; register("file%3A///D%3A/StudentHub-CodexRuns/FULL_REPAIR_20261001/candidate/frontend/tests/foundation/ts-extension-loader.mjs", pathToFileURL("./"));'
(Use `node --trace-warnings ...` to show where the warning was created)
▶ CommunityIdentityPrivacy
  ✔ should salt and anonymize raw student ID while maintaining cohort badge (2.1299ms)
  ✔ should redact raw authorId and deviceFingerprint from public payload (0.2094ms)
✔ CommunityIdentityPrivacy (3.4662ms)
ℹ tests 2
ℹ suites 1
ℹ pass 2
ℹ fail 0
ℹ cancelled 0
ℹ skipped 0
ℹ todo 0
ℹ duration_ms 6.6266
(node:22156) ExperimentalWarning: `--experimental-loader` may be removed in the future; instead use `register()`:
--import 'data:text/javascript,import { register } from "node:module"; import { pathToFileURL } from "node:url"; register("file%3A///D%3A/StudentHub-CodexRuns/FULL_REPAIR_20261001/candidate/frontend/tests/foundation/ts-extension-loader.mjs", pathToFileURL("./"));'
(Use `node --trace-warnings ...` to show where the warning was created)
▶ CommunityIntelligenceE2E
  ✔ should run full E2E flow: load stored experiences -> evaluate consensus -> calculate median duration (5.9641ms)
✔ CommunityIntelligenceE2E (6.5189ms)
ℹ tests 1
ℹ suites 1
ℹ pass 1
ℹ fail 0
ℹ cancelled 0
ℹ skipped 0
ℹ todo 0
ℹ duration_ms 9.6932
(node:20128) ExperimentalWarning: `--experimental-loader` may be removed in the future; instead use `register()`:
--import 'data:text/javascript,import { register } from "node:module"; import { pathToFileURL } from "node:url"; register("file%3A///D%3A/StudentHub-CodexRuns/FULL_REPAIR_20261001/candidate/frontend/tests/foundation/ts-extension-loader.mjs", pathToFileURL("./"));'
(Use `node --trace-warnings ...` to show where the warning was created)
▶ CommunityIntelligenceMutationGuard
  ✔ Mutant 1: Upvote count (1000 upvotes) on a single bot post must NEVER create strong consensus without independent accounts (3.2295ms)
  ✔ Mutant 2: Copied texts across 10 accounts must NEVER be counted as 10 independent provenance clusters (2.0325ms)
  ✔ Mutant 3: Community rumor must NEVER be classified as official institutional policy (0.4817ms)
  ✔ Mutant 4: Commercial spam link promotion must trigger ASTROTURFING_PROMOTION (0.6352ms)
✔ CommunityIntelligenceMutationGuard (7.0717ms)
ℹ tests 4
ℹ suites 1
ℹ pass 4
ℹ fail 0
ℹ cancelled 0
ℹ skipped 0
ℹ todo 0
ℹ duration_ms 10.844
(node:26068) ExperimentalWarning: `--experimental-loader` may be removed in the future; instead use `register()`:
--import 'data:text/javascript,import { register } from "node:module"; import { pathToFileURL } from "node:url"; register("file%3A///D%3A/StudentHub-CodexRuns/FULL_REPAIR_20261001/candidate/frontend/tests/foundation/ts-extension-loader.mjs", pathToFileURL("./"));'
(Use `node --trace-warnings ...` to show where the warning was created)
▶ CommunityIntelligenceMutationGuard
  ✔ Mutant 1: Forum statement must NEVER become official academic truth or policy (2.2545ms)
  ✔ Mutant 2: 100,000 Upvotes on a single speculative post must NEVER create strong consensus (1.4664ms)
  ✔ Mutant 3: Duplicate copied posts across 20 accounts must NEVER be counted as 20 independent provenance clusters (2.9869ms)
  ✔ Mutant 4: Historical 2022 experience must NEVER silently become current 2026 process (0.2112ms)
  ✔ Mutant 5: Unverified guest author must NEVER be marked as VERIFIED_STUDENT without credentials (0.351ms)
  ✔ Mutant 6: Coordinated syndication must NEVER be ignored as normal organic consensus (0.3179ms)
  ✔ Mutant 7: Commercial vendor promotion links must NEVER be treated as independent peer reviews (0.2934ms)
  ✔ Mutant 8: AI-generated synthetic campaigns must be flagged as SUSPECTED_SYNTHETIC with caution (0.3816ms)
✔ CommunityIntelligenceMutationGuard (9.061ms)
ℹ tests 8
ℹ suites 1
ℹ pass 8
ℹ fail 0
ℹ cancelled 0
ℹ skipped 0
ℹ todo 0
ℹ duration_ms 13.5882
(node:29540) ExperimentalWarning: `--experimental-loader` may be removed in the future; instead use `register()`:
--import 'data:text/javascript,import { register } from "node:module"; import { pathToFileURL } from "node:url"; register("file%3A///D%3A/StudentHub-CodexRuns/FULL_REPAIR_20261001/candidate/frontend/tests/foundation/ts-extension-loader.mjs", pathToFileURL("./"));'
(Use `node --trace-warnings ...` to show where the warning was created)
▶ CommunityPolicyBoundary
  ✔ should enforce invariant that community experience NEVER equals official academic policy (6.6807ms)
✔ CommunityPolicyBoundary (7.2169ms)
ℹ tests 1
ℹ suites 1
ℹ pass 1
ℹ fail 0
ℹ cancelled 0
ℹ skipped 0
ℹ todo 0
ℹ duration_ms 10.3046
(node:11068) ExperimentalWarning: `--experimental-loader` may be removed in the future; instead use `register()`:
--import 'data:text/javascript,import { register } from "node:module"; import { pathToFileURL } from "node:url"; register("file%3A///D%3A/StudentHub-CodexRuns/FULL_REPAIR_20261001/candidate/frontend/tests/foundation/ts-extension-loader.mjs", pathToFileURL("./"));'
(Use `node --trace-warnings ...` to show where the warning was created)
▶ CommunityProcedureDuration
  ✔ should calculate exact median procedure turnaround duration across independent reports (3.8883ms)
✔ CommunityProcedureDuration (4.4537ms)
ℹ tests 1
ℹ suites 1
ℹ pass 1
ℹ fail 0
ℹ cancelled 0
ℹ skipped 0
ℹ todo 0
ℹ duration_ms 8.1487
(node:16040) ExperimentalWarning: `--experimental-loader` may be removed in the future; instead use `register()`:
--import 'data:text/javascript,import { register } from "node:module"; import { pathToFileURL } from "node:url"; register("file%3A///D%3A/StudentHub-CodexRuns/FULL_REPAIR_20261001/candidate/frontend/tests/foundation/ts-extension-loader.mjs", pathToFileURL("./"));'
(Use `node --trace-warnings ...` to show where the warning was created)
▶ Community production fixture boundary
  ✔ does not seed TOEIC fixture observations in production (2.0157ms)
✔ Community production fixture boundary (3.5354ms)
ℹ tests 1
ℹ suites 1
ℹ pass 1
ℹ fail 0
ℹ cancelled 0
ℹ skipped 0
ℹ todo 0
ℹ duration_ms 7.52
(node:36280) ExperimentalWarning: `--experimental-loader` may be removed in the future; instead use `register()`:
--import 'data:text/javascript,import { register } from "node:module"; import { pathToFileURL } from "node:url"; register("file%3A///D%3A/StudentHub-CodexRuns/FULL_REPAIR_20261001/candidate/frontend/tests/foundation/ts-extension-loader.mjs", pathToFileURL("./"));'
(Use `node --trace-warnings ...` to show where the warning was created)
▶ CommunityProvenanceClusters
  ✔ should collapse 10 identical copy-paste syndicated posts into 1 single provenance cluster (2.8711ms)
✔ CommunityProvenanceClusters (3.4132ms)
ℹ tests 1
ℹ suites 1
ℹ pass 1
ℹ fail 0
ℹ cancelled 0
ℹ skipped 0
ℹ todo 0
ℹ duration_ms 7.205
(node:14924) ExperimentalWarning: `--experimental-loader` may be removed in the future; instead use `register()`:
--import 'data:text/javascript,import { register } from "node:module"; import { pathToFileURL } from "node:url"; register("file%3A///D%3A/StudentHub-CodexRuns/FULL_REPAIR_20261001/candidate/frontend/tests/foundation/ts-extension-loader.mjs", pathToFileURL("./"));'
(Use `node --trace-warnings ...` to show where the warning was created)
▶ CommunityRedTeamAdversarialDefense
  ✔ Attack 1: Mass copy-paste astroturfing must trigger SUSPECTED_COORDINATION (3.5171ms)
  ✔ Attack 2: Sockpuppet cluster sharing identical deviceFingerprint must trigger SUSPECTED_SOCKPUPPET (0.5071ms)
  ✔ Attack 3: Commercial link flood must trigger ASTROTURFING_PROMOTION (0.5924ms)
  ✔ Attack 4: Unverified hearsay rumor must be classified as UNVERIFIED_RUMOR (0.1772ms)
✔ CommunityRedTeamAdversarialDefense (5.4428ms)
ℹ tests 4
ℹ suites 1
ℹ pass 4
ℹ fail 0
ℹ cancelled 0
ℹ skipped 0
ℹ todo 0
ℹ duration_ms 9.2367
(node:32392) ExperimentalWarning: `--experimental-loader` may be removed in the future; instead use `register()`:
--import 'data:text/javascript,import { register } from "node:module"; import { pathToFileURL } from "node:url"; register("file%3A///D%3A/StudentHub-CodexRuns/FULL_REPAIR_20261001/candidate/frontend/tests/foundation/ts-extension-loader.mjs", pathToFileURL("./"));'
(Use `node --trace-warnings ...` to show where the warning was created)
▶ CommunityRumorVsFact
  ✔ should classify speculative posts as UNVERIFIED_RUMOR without direct experience (3.7013ms)
✔ CommunityRumorVsFact (4.2351ms)
ℹ tests 1
ℹ suites 1
ℹ pass 1
ℹ fail 0
ℹ cancelled 0
ℹ skipped 0
ℹ todo 0
ℹ duration_ms 7.8989
(node:20704) ExperimentalWarning: `--experimental-loader` may be removed in the future; instead use `register()`:
--import 'data:text/javascript,import { register } from "node:module"; import { pathToFileURL } from "node:url"; register("file%3A///D%3A/StudentHub-CodexRuns/FULL_REPAIR_20261001/candidate/frontend/tests/foundation/ts-extension-loader.mjs", pathToFileURL("./"));'
(Use `node --trace-warnings ...` to show where the warning was created)
✔ generic Community writes map to the existing public realtime channel (2.8321ms)
✔ social invalidations carry no author or user-authored content and reject unknown actions (0.1074ms)
ℹ tests 2
ℹ suites 0
ℹ pass 2
ℹ fail 0
ℹ cancelled 0
ℹ skipped 0
ℹ todo 0
ℹ duration_ms 6.4493
(node:32460) ExperimentalWarning: `--experimental-loader` may be removed in the future; instead use `register()`:
--import 'data:text/javascript,import { register } from "node:module"; import { pathToFileURL } from "node:url"; register("file%3A///D%3A/StudentHub-CodexRuns/FULL_REPAIR_20261001/candidate/frontend/tests/foundation/ts-extension-loader.mjs", pathToFileURL("./"));'
(Use `node --trace-warnings ...` to show where the warning was created)
▶ CommunitySockpuppetClustering
  ✔ should collapse duplicated content into single fingerprint provenance cluster (0.9038ms)
✔ CommunitySockpuppetClustering (1.4442ms)
ℹ tests 1
ℹ suites 1
ℹ pass 1
ℹ fail 0
ℹ cancelled 0
ℹ skipped 0
ℹ todo 0
ℹ duration_ms 5.0912
(node:13060) ExperimentalWarning: `--experimental-loader` may be removed in the future; instead use `register()`:
--import 'data:text/javascript,import { register } from "node:module"; import { pathToFileURL } from "node:url"; register("file%3A///D%3A/StudentHub-CodexRuns/FULL_REPAIR_20261001/candidate/frontend/tests/foundation/ts-extension-loader.mjs", pathToFileURL("./"));'
(Use `node --trace-warnings ...` to show where the warning was created)
▶ CommunitySyntheticContent
  ✔ should classify repetitive synthetic phrasing as SUSPECTED_SYNTHETIC with caution (2.9688ms)
✔ CommunitySyntheticContent (3.6425ms)
ℹ tests 1
ℹ suites 1
ℹ pass 1
ℹ fail 0
ℹ cancelled 0
ℹ skipped 0
ℹ todo 0
ℹ duration_ms 7.4779
(node:36996) ExperimentalWarning: `--experimental-loader` may be removed in the future; instead use `register()`:
--import 'data:text/javascript,import { register } from "node:module"; import { pathToFileURL } from "node:url"; register("file%3A///D%3A/StudentHub-CodexRuns/FULL_REPAIR_20261001/candidate/frontend/tests/foundation/ts-extension-loader.mjs", pathToFileURL("./"));'
(Use `node --trace-warnings ...` to show where the warning was created)
✔ Community thread pseudonyms are stable within a thread and isolated between threads (0.9869ms)
✔ production thread pseudonyms fail closed when the server secret is absent (0.4055ms)
ℹ tests 2
ℹ suites 0
ℹ pass 2
ℹ fail 0
ℹ cancelled 0
ℹ skipped 0
ℹ todo 0
ℹ duration_ms 4.8447
(node:6684) ExperimentalWarning: `--experimental-loader` may be removed in the future; instead use `register()`:
--import 'data:text/javascript,import { register } from "node:module"; import { pathToFileURL } from "node:url"; register("file%3A///D%3A/StudentHub-CodexRuns/FULL_REPAIR_20261001/candidate/frontend/tests/foundation/ts-extension-loader.mjs", pathToFileURL("./"));'
(Use `node --trace-warnings ...` to show where the warning was created)
▶ CommunityV2GoldenScenariosE2E
  ✔ Scenario A: K24 students reporting graduation delays produce verified experience cluster and friction signal (14.9204ms)
  ✔ Scenario B: 20 posts repeating exact same wording collapse into 1 provenance cluster (4.2095ms)
  ✔ Scenario C: Official 3-day target vs Community 27 reports (6-8 days) triggers SIGNIFICANT_OPERATIONAL_GAP (2.2198ms)
  ✔ Scenario D: Community deadline rumor vs Official notice preserves Official as authoritative truth (2.7033ms)
  ✔ Scenario E: Single rare report of blurry QR scan rejection is marked as RARE_EDGE_CASE (2.7122ms)
  ✔ Scenario F: Context segmentation separates Faculty A from Faculty B without false contradiction (1.5862ms)
  ✔ Scenario G: Commercial vendor post is flagged with POTENTIAL_COMMERCIAL_INTEREST (1.4358ms)
  ✔ Scenario H: Account cluster sharing same device fingerprint is flagged as SUSPECTED_SOCKPUPPET (1.5707ms)
✔ CommunityV2GoldenScenariosE2E (32.1892ms)
ℹ tests 8
ℹ suites 1
ℹ pass 8
ℹ fail 0
ℹ cancelled 0
ℹ skipped 0
ℹ todo 0
ℹ duration_ms 35.9191
(node:2276) ExperimentalWarning: `--experimental-loader` may be removed in the future; instead use `register()`:
--import 'data:text/javascript,import { register } from "node:module"; import { pathToFileURL } from "node:url"; register("file%3A///D%3A/StudentHub-CodexRuns/FULL_REPAIR_20261001/candidate/frontend/tests/foundation/ts-extension-loader.mjs", pathToFileURL("./"));'
(Use `node --trace-warnings ...` to show where the warning was created)
▶ CommunityV2FrictionGraph
  ✔ should extract structured operational friction signals with process, step, cohort, and severity (3.1642ms)
  ✔ should generate a 2D Friction Heatmap Matrix across processes and cohorts K21-K26 (0.7208ms)
✔ CommunityV2FrictionGraph (4.4903ms)
ℹ tests 2
ℹ suites 1
ℹ pass 2
ℹ fail 0
ℹ cancelled 0
ℹ skipped 0
ℹ todo 0
ℹ duration_ms 7.6995
(node:18936) ExperimentalWarning: `--experimental-loader` may be removed in the future; instead use `register()`:
--import 'data:text/javascript,import { register } from "node:module"; import { pathToFileURL } from "node:url"; register("file%3A///D%3A/StudentHub-CodexRuns/FULL_REPAIR_20261001/candidate/frontend/tests/foundation/ts-extension-loader.mjs", pathToFileURL("./"));'
(Use `node --trace-warnings ...` to show where the warning was created)
▶ CommunityV2MetamorphicTests
  ✔ Metamorphic 1: Post array reordering has zero effect on consensus state and cluster counts (3.9229ms)
  ✔ Metamorphic 2: JSON serialization roundtrip preserves entity semantics (0.2551ms)
✔ CommunityV2MetamorphicTests (4.9446ms)
ℹ tests 2
ℹ suites 1
ℹ pass 2
ℹ fail 0
ℹ cancelled 0
ℹ skipped 0
ℹ todo 0
ℹ duration_ms 8.6444
(node:24452) ExperimentalWarning: `--experimental-loader` may be removed in the future; instead use `register()`:
--import 'data:text/javascript,import { register } from "node:module"; import { pathToFileURL } from "node:url"; register("file%3A///D%3A/StudentHub-CodexRuns/FULL_REPAIR_20261001/candidate/frontend/tests/foundation/ts-extension-loader.mjs", pathToFileURL("./"));'
(Use `node --trace-warnings ...` to show where the warning was created)
▶ CommunityV2MutationTestSuite
  ✔ Mutant 1: Forum post must NEVER directly create verified official regulation (2.4005ms)
  ✔ Mutant 2: High upvote count must NEVER elevate rumor to STRONG_COMMUNITY_SIGNAL (1.6035ms)
  ✔ Mutant 3: Duplicate posts must NEVER produce independent cluster units (0.2845ms)
  ✔ Mutant 4: 3-year old post must NEVER evaluate to CURRENT_EXPERIENCE (0.106ms)
  ✔ Mutant 5: A single severe report must NEVER be labeled as systemic incident (0.1679ms)
  ✔ Mutant 6: Commercial link spam must NEVER evaluate to COORDINATION_RISK.NONE (0.2552ms)
  ✔ Mutant 7: Sockpuppet cluster must NEVER be counted as independent users (0.2414ms)
  ✔ Mutant 8: Faculty context difference must NOT be flattened into a single global average (0.2289ms)
  ✔ Mutant 9: Client cannot inject verified official status into post badge (0.1407ms)
  ✔ Mutant 10: Syndication ratio >= 0.5 must trigger COORDINATED_COPY_PASTE risk (0.4779ms)
✔ CommunityV2MutationTestSuite (6.7407ms)
ℹ tests 10
ℹ suites 1
ℹ pass 10
ℹ fail 0
ℹ cancelled 0
ℹ skipped 0
ℹ todo 0
ℹ duration_ms 10.8488
(node:21092) ExperimentalWarning: `--experimental-loader` may be removed in the future; instead use `register()`:
--import 'data:text/javascript,import { register } from "node:module"; import { pathToFileURL } from "node:url"; register("file%3A///D%3A/StudentHub-CodexRuns/FULL_REPAIR_20261001/candidate/frontend/tests/foundation/ts-extension-loader.mjs", pathToFileURL("./"));'
(Use `node --trace-warnings ...` to show where the warning was created)
▶ CommunityV2PropertyTests
  ✔ Property 1: Idempotency — Clustering identical post arrays produces identical provenance clusters (2.3192ms)
  ✔ Property 2: Upvote & Like count changes have ZERO effect on consensus determination (1.3477ms)
  ✔ Property 3: Client cannot inject official authority into community author profile (0.1801ms)
  ✔ Property 4: Duplicate post array never produces extra independent units (0.2459ms)
✔ CommunityV2PropertyTests (4.7667ms)
ℹ tests 4
ℹ suites 1
ℹ pass 4
ℹ fail 0
ℹ cancelled 0
ℹ skipped 0
ℹ todo 0
ℹ duration_ms 8.587
(node:32796) ExperimentalWarning: `--experimental-loader` may be removed in the future; instead use `register()`:
--import 'data:text/javascript,import { register } from "node:module"; import { pathToFileURL } from "node:url"; register("file%3A///D%3A/StudentHub-CodexRuns/FULL_REPAIR_20261001/candidate/frontend/tests/foundation/ts-extension-loader.mjs", pathToFileURL("./"));'
(Use `node --trace-warnings ...` to show where the warning was created)
▶ CommunityV2ProvenanceClustering
  ✔ should collapse 20 identical copy-pasted posts into exactly 1 provenance cluster (4.0882ms)
  ✔ should recognize genuine independent clusters when distinct students write distinct reports (0.7645ms)
✔ CommunityV2ProvenanceClustering (5.4612ms)
ℹ tests 2
ℹ suites 1
ℹ pass 2
ℹ fail 0
ℹ cancelled 0
ℹ skipped 0
ℹ todo 0
ℹ duration_ms 8.6278
(node:36460) ExperimentalWarning: `--experimental-loader` may be removed in the future; instead use `register()`:
--import 'data:text/javascript,import { register } from "node:module"; import { pathToFileURL } from "node:url"; register("file%3A///D%3A/StudentHub-CodexRuns/FULL_REPAIR_20261001/candidate/frontend/tests/foundation/ts-extension-loader.mjs", pathToFileURL("./"));'
(Use `node --trace-warnings ...` to show where the warning was created)
▶ CommunityV2RealityGapEngine
  ✔ should evaluate SIGNIFICANT_OPERATIONAL_GAP when community turnaround is 6-8 days vs 3-day target (2.4287ms)
  ✔ should evaluate ALIGNED when community turnaround matches official benchmark (0.8625ms)
  ✔ should return NO_COMMUNITY_EVIDENCE when zero student posts exist (0.1125ms)
✔ CommunityV2RealityGapEngine (4.1235ms)
ℹ tests 3
ℹ suites 1
ℹ pass 3
ℹ fail 0
ℹ cancelled 0
ℹ skipped 0
ℹ todo 0
ℹ duration_ms 7.3974
(node:26876) ExperimentalWarning: `--experimental-loader` may be removed in the future; instead use `register()`:
--import 'data:text/javascript,import { register } from "node:module"; import { pathToFileURL } from "node:url"; register("file%3A///D%3A/StudentHub-CodexRuns/FULL_REPAIR_20261001/candidate/frontend/tests/foundation/ts-extension-loader.mjs", pathToFileURL("./"));'
(Use `node --trace-warnings ...` to show where the warning was created)
▶ CommunityV2RedTeamAdversarialSuite
  ✔ Attack A & L: 20 Sockpuppet accounts posting from shared device fingerprint are flagged (3.6504ms)
  ✔ Attack B: AI-generated coordinated posting pattern is caught by synthetic detector (0.4272ms)
  ✔ Attack D: Commercial link spam is flagged as POTENTIAL_COMMERCIAL_INTEREST (0.3161ms)
  ✔ Attack M: Copied article distributed across forum collapses to 1 provenance cluster (0.8763ms)
  ✔ Attack J: Community consensus contradicting official source remains purely COMMUNITY_SIGNAL (1.2145ms)
  ✔ Attack K: Rare edge-case is preserved as RARE_EDGE_CASE rather than dismissed or labeled systemic (0.1652ms)
✔ CommunityV2RedTeamAdversarialSuite (7.3598ms)
ℹ tests 6
ℹ suites 1
ℹ pass 6
ℹ fail 0
ℹ cancelled 0
ℹ skipped 0
ℹ todo 0
ℹ duration_ms 11.1694
(node:28944) ExperimentalWarning: `--experimental-loader` may be removed in the future; instead use `register()`:
--import 'data:text/javascript,import { register } from "node:module"; import { pathToFileURL } from "node:url"; register("file%3A///D%3A/StudentHub-CodexRuns/FULL_REPAIR_20261001/candidate/frontend/tests/foundation/ts-extension-loader.mjs", pathToFileURL("./"));'
(Use `node --trace-warnings ...` to show where the warning was created)
✔ reaction integrity keeps a normal typed reaction clean (1.3568ms)
✔ duplicate, burst, and coordinated-account patterns are signals only (0.3444ms)
✔ reciprocal helpful, suspended actor, and inactive target remain reviewable without automatic guilt (0.209ms)
ℹ tests 3
ℹ suites 0
ℹ pass 3
ℹ fail 0
ℹ cancelled 0
ℹ skipped 0
ℹ todo 0
ℹ duration_ms 6.0461
(node:8724) ExperimentalWarning: `--experimental-loader` may be removed in the future; instead use `register()`:
--import 'data:text/javascript,import { register } from "node:module"; import { pathToFileURL } from "node:url"; register("file%3A///D%3A/StudentHub-CodexRuns/FULL_REPAIR_20261001/candidate/frontend/tests/foundation/ts-extension-loader.mjs", pathToFileURL("./"));'
(Use `node --trace-warnings ...` to show where the warning was created)
✔ stale authority is denied for new submissions while historical lineage is retained (1.0954ms)
✔ verification and assignment revisions are database-owned and monotonic (0.1497ms)
ℹ tests 2
ℹ suites 0
ℹ pass 2
ℹ fail 0
ℹ cancelled 0
ℹ skipped 0
ℹ todo 0
ℹ duration_ms 5.0441
(node:34052) ExperimentalWarning: `--experimental-loader` may be removed in the future; instead use `register()`:
--import 'data:text/javascript,import { register } from "node:module"; import { pathToFileURL } from "node:url"; register("file%3A///D%3A/StudentHub-CodexRuns/FULL_REPAIR_20261001/candidate/frontend/tests/foundation/ts-extension-loader.mjs", pathToFileURL("./"));'
(Use `node --trace-warnings ...` to show where the warning was created)
✔ Expert review requests are durable, private, and separate from assignment authority (3.2248ms)
✔ Expert request permission is available to authenticated student and expert roles (0.7702ms)
ℹ tests 2
ℹ suites 0
ℹ pass 2
ℹ fail 0
ℹ cancelled 0
ℹ skipped 0
ℹ todo 0
ℹ duration_ms 8.5558
(node:27536) ExperimentalWarning: `--experimental-loader` may be removed in the future; instead use `register()`:
--import 'data:text/javascript,import { register } from "node:module"; import { pathToFileURL } from "node:url"; register("file%3A///D%3A/StudentHub-CodexRuns/FULL_REPAIR_20261001/candidate/frontend/tests/foundation/ts-extension-loader.mjs", pathToFileURL("./"));'
(Use `node --trace-warnings ...` to show where the warning was created)
✔ passport artifact hash is stable across issuance time and preserves Expert authority lineage (1.8553ms)
✔ passport artifact changes when the authority snapshot digest changes (0.2298ms)
ℹ tests 2
ℹ suites 0
ℹ pass 2
ℹ fail 0
ℹ cancelled 0
ℹ skipped 0
ℹ todo 0
ℹ duration_ms 5.747
(node:28276) ExperimentalWarning: `--experimental-loader` may be removed in the future; instead use `register()`:
--import 'data:text/javascript,import { register } from "node:module"; import { pathToFileURL } from "node:url"; register("file%3A///D%3A/StudentHub-CodexRuns/FULL_REPAIR_20261001/candidate/frontend/tests/foundation/ts-extension-loader.mjs", pathToFileURL("./"));'
(Use `node --trace-warnings ...` to show where the warning was created)
﹣ PHASE 8 LIVE GATE: Community & Expert scoped authority, verification, and Trust case binding (0.4353ms) # DISPOSABLE_DB_BLOCKED_BY_LOCAL_ENV
ℹ tests 1
ℹ suites 0
ℹ pass 0
ℹ fail 0
ℹ cancelled 0
ℹ skipped 1
ℹ todo 0
ℹ duration_ms 4.3257
(node:12148) ExperimentalWarning: `--experimental-loader` may be removed in the future; instead use `register()`:
--import 'data:text/javascript,import { register } from "node:module"; import { pathToFileURL } from "node:url"; register("file%3A///D%3A/StudentHub-CodexRuns/FULL_REPAIR_20261001/candidate/frontend/tests/foundation/ts-extension-loader.mjs", pathToFileURL("./"));'
(Use `node --trace-warnings ...` to show where the warning was created)
✔ Promax state machines keep publication, evidence, review, and qualification separate (1.0396ms)
✔ golden scholarship contribution requires a claim binding (0.2191ms)
✔ privacy scan catches text, image, QR, and location identifiers before publication (1.3357ms)
✔ source clustering does not mistake reposted accounts for independent evidence (0.5468ms)
✔ strong fresh primary evidence can outrank a famous contributor with stale evidence (0.4921ms)
✔ reactions remain typed signals and quality retries do not inflate reputation (0.3161ms)
✔ community track record is a bounded candidate signal, never expert authority (0.2352ms)
✔ five-star status requires evaluated outcomes, stability, recent activity, and no active sanction (0.1449ms)
✔ assessment and appeal checks fail closed for revoked, unassigned, and self actors (0.2867ms)
✔ privacy preview digest binds the exact case, claim, and evidence revision set (0.7471ms)
✔ assessment disagreement stays explicit and escalates to an independent third review (0.2658ms)
✔ starter evaluation fixtures are synthetic, revision-bound, and claim-addressable (0.1298ms)
ℹ tests 12
ℹ suites 0
ℹ pass 12
ℹ fail 0
ℹ cancelled 0
ℹ skipped 0
ℹ todo 0
ℹ duration_ms 10.5347
(node:37380) ExperimentalWarning: `--experimental-loader` may be removed in the future; instead use `register()`:
--import 'data:text/javascript,import { register } from "node:module"; import { pathToFileURL } from "node:url"; register("file%3A///D%3A/StudentHub-CodexRuns/FULL_REPAIR_20261001/candidate/frontend/tests/foundation/ts-extension-loader.mjs", pathToFileURL("./"));'
(Use `node --trace-warnings ...` to show where the warning was created)
﹣ LOCAL G3 LIVE: idempotency, concurrent writers, authority revocation, and outbox leases (0.4292ms) # DISPOSABLE_DB_BLOCKED_BY_LOCAL_ENV
ℹ tests 1
ℹ suites 0
ℹ pass 0
ℹ fail 0
ℹ cancelled 0
ℹ skipped 1
ℹ todo 0
ℹ duration_ms 4.0849
(node:18464) ExperimentalWarning: `--experimental-loader` may be removed in the future; instead use `register()`:
--import 'data:text/javascript,import { register } from "node:module"; import { pathToFileURL } from "node:url"; register("file%3A///D%3A/StudentHub-CodexRuns/FULL_REPAIR_20261001/candidate/frontend/tests/foundation/ts-extension-loader.mjs", pathToFileURL("./"));'
(Use `node --trace-warnings ...` to show where the warning was created)
✔ Community live routes cannot silently use the JSON authority (1.5304ms)
✔ Forum reactions are durable and explicitly separated from trust (0.9889ms)
✔ Expert submission route requires assignment, COI declaration, and no submission quality mutation (0.7095ms)
✔ Expert assignment is scoped and idempotent before it enters the review queue (1.3453ms)
✔ legacy stores are only selected through explicit demo adapters (1.8745ms)
✔ review and Trust bridge routes preserve scope and authority boundaries (1.2384ms)
✔ file preview validates binary content before any private object is publishable (0.452ms)
✔ community revisions use expected-revision, privacy confirmation, and durable history (0.6823ms)
✔ expert qualification requires a supervised evidence-based practice review before activation (0.8876ms)
✔ appeals have a separate independent resolver and append-only decision history (0.8685ms)
ℹ tests 10
ℹ suites 0
ℹ pass 10
ℹ fail 0
ℹ cancelled 0
ℹ skipped 0
ℹ todo 0
ℹ duration_ms 15.0592
(node:25524) ExperimentalWarning: `--experimental-loader` may be removed in the future; instead use `register()`:
--import 'data:text/javascript,import { register } from "node:module"; import { pathToFileURL } from "node:url"; register("file%3A///D%3A/StudentHub-CodexRuns/FULL_REPAIR_20261001/candidate/frontend/tests/foundation/ts-extension-loader.mjs", pathToFileURL("./"));'
(Use `node --trace-warnings ...` to show where the warning was created)
✔ track record is authenticated, principal-bound, aggregate-only, and non-authoritative (0.6951ms)
✔ private quality history stays server-owned and is never exposed by the projection route (0.1985ms)
ℹ tests 2
ℹ suites 0
ℹ pass 2
ℹ fail 0
ℹ cancelled 0
ℹ skipped 0
ℹ todo 0
ℹ duration_ms 4.6999
(node:11396) ExperimentalWarning: `--experimental-loader` may be removed in the future; instead use `register()`:
--import 'data:text/javascript,import { register } from "node:module"; import { pathToFileURL } from "node:url"; register("file%3A///D%3A/StudentHub-CodexRuns/FULL_REPAIR_20261001/candidate/frontend/tests/foundation/ts-extension-loader.mjs", pathToFileURL("./"));'
(Use `node --trace-warnings ...` to show where the warning was created)
✔ migration and persistence failures remain truthful at the UI boundary (2.8142ms)
✔ live Community and Expert providers preserve EMPTY/UNAVAILABLE instead of synthetic fallback (1.1185ms)
ℹ tests 2
ℹ suites 0
ℹ pass 2
ℹ fail 0
ℹ cancelled 0
ℹ skipped 0
ℹ todo 0
ℹ duration_ms 8.3386
(node:11784) ExperimentalWarning: `--experimental-loader` may be removed in the future; instead use `register()`:
--import 'data:text/javascript,import { register } from "node:module"; import { pathToFileURL } from "node:url"; register("file%3A///D%3A/StudentHub-CodexRuns/FULL_REPAIR_20261001/candidate/frontend/tests/foundation/ts-extension-loader.mjs", pathToFileURL("./"));'
(Use `node --trace-warnings ...` to show where the warning was created)
✔ Guard 2: Canonical four-layer product mapping inspection and verification (0.9099ms)
✔ Guard 2: Monotonic progress: When L1 completes (3ms) and L2A is running, Macro 1 is COMPLETE and Macro 2 is RUNNING (1.424ms)
✔ Guard 3: Trust run reaches L5 and final result appears when /api/realtime/stream is unavailable (80.1424ms)
✔ Guard 4: Preserve exact provider failure semantics without flattening (0.7204ms)
✔ Guard 5: Returning-user profile routing distinguishes all 4 profile states (0.2779ms)
✔ Guard 6: Stacking context rules in globals.css prevent overlay blocking (3.1885ms)
✔ Guard 7: Qualification deduplication reuses AuthContext state ownership (1.487ms)
ℹ tests 7
ℹ suites 0
ℹ pass 7
ℹ fail 0
ℹ cancelled 0
ℹ skipped 0
ℹ todo 0
ℹ duration_ms 92.0025
(node:9584) ExperimentalWarning: `--experimental-loader` may be removed in the future; instead use `register()`:
--import 'data:text/javascript,import { register } from "node:module"; import { pathToFileURL } from "node:url"; register("file%3A///D%3A/StudentHub-CodexRuns/FULL_REPAIR_20261001/candidate/frontend/tests/foundation/ts-extension-loader.mjs", pathToFileURL("./"));'
(Use `node --trace-warnings ...` to show where the warning was created)
✔ academic workflow migration defines additive server-owned durable state (1.0153ms)
✔ shared task and notification durability remains wired without the retired Academic route (0.1427ms)
ℹ tests 2
ℹ suites 0
ℹ pass 2
ℹ fail 0
ℹ cancelled 0
ℹ skipped 0
ℹ todo 0
ℹ duration_ms 4.3497
(node:11060) ExperimentalWarning: `--experimental-loader` may be removed in the future; instead use `register()`:
--import 'data:text/javascript,import { register } from "node:module"; import { pathToFileURL } from "node:url"; register("file%3A///D%3A/StudentHub-CodexRuns/FULL_REPAIR_20261001/candidate/frontend/tests/foundation/ts-extension-loader.mjs", pathToFileURL("./"));'
(Use `node --trace-warnings ...` to show where the warning was created)
﹣ durable academic repositories — disposable PostgreSQL proof (0.2923ms) # DISPOSABLE_DB_BLOCKED_BY_LOCAL_ENV
ℹ tests 0
ℹ suites 1
ℹ pass 0
ℹ fail 0
ℹ cancelled 0
ℹ skipped 0
ℹ todo 0
ℹ duration_ms 3.4537
(node:29972) ExperimentalWarning: `--experimental-loader` may be removed in the future; instead use `register()`:
--import 'data:text/javascript,import { register } from "node:module"; import { pathToFileURL } from "node:url"; register("file%3A///D%3A/StudentHub-CodexRuns/FULL_REPAIR_20261001/candidate/frontend/tests/foundation/ts-extension-loader.mjs", pathToFileURL("./"));'
(Use `node --trace-warnings ...` to show where the warning was created)
﹣ Beta User Proof 1: USER_A creates durable trust execution with idempotency key (0.358ms) # DISPOSABLE_DB_BLOCKED_BY_LOCAL_ENV
﹣ Beta User Proof 2: Cross-Tenant Isolation & IDOR Defense (USER_B cannot read USER_A's records) (0.0731ms) # DISPOSABLE_DB_BLOCKED_BY_LOCAL_ENV
﹣ Beta User Proof 3: Idempotency Replay Verification (Same payload returns identical result, differing payload conflicts) (0.055ms) # DISPOSABLE_DB_BLOCKED_BY_LOCAL_ENV
﹣ Beta User Proof 4: Durable Report Jobs Isolation & Idempotency (0.0486ms) # DISPOSABLE_DB_BLOCKED_BY_LOCAL_ENV
ℹ tests 4
ℹ suites 0
ℹ pass 0
ℹ fail 0
ℹ cancelled 0
ℹ skipped 4
ℹ todo 0
ℹ duration_ms 5.2606
(node:15928) ExperimentalWarning: `--experimental-loader` may be removed in the future; instead use `register()`:
--import 'data:text/javascript,import { register } from "node:module"; import { pathToFileURL } from "node:url"; register("file%3A///D%3A/StudentHub-CodexRuns/FULL_REPAIR_20261001/candidate/frontend/tests/foundation/ts-extension-loader.mjs", pathToFileURL("./"));'
(Use `node --trace-warnings ...` to show where the warning was created)
✔ Promax migration has one durable Community/Expert authority with the required state dimensions (1.0852ms)
✔ Promax migration preserves history and expands the existing internal outbox (0.2886ms)
✔ authority snapshot migration is forward-only and stores verifiable lineage (0.5065ms)
ℹ tests 3
ℹ suites 0
ℹ pass 3
ℹ fail 0
ℹ cancelled 0
ℹ skipped 0
ℹ todo 0
ℹ duration_ms 5.7246
(node:17800) ExperimentalWarning: `--experimental-loader` may be removed in the future; instead use `register()`:
--import 'data:text/javascript,import { register } from "node:module"; import { pathToFileURL } from "node:url"; register("file%3A///D%3A/StudentHub-CodexRuns/FULL_REPAIR_20261001/candidate/frontend/tests/foundation/ts-extension-loader.mjs", pathToFileURL("./"));'
(Use `node --trace-warnings ...` to show where the warning was created)
▶ DatabaseAdapter Hardening & Production Guardrails
  ✔ dev/test mode: safely uses DURABLE_FILE with atomic persistence and version increment (17.4555ms)
  ✔ production guardrail: unconfigured Supabase in production throws DatabaseNotConfiguredError (0.9075ms)
  ✔ production guardrail: Supabase outage in production fails explicitly and never falls back to JSON (7081.016ms)
  ✔ production guardrail: configuredMode=DURABLE_FILE in production is rejected and set to NOT_CONFIGURED (0.2949ms)
✔ DatabaseAdapter Hardening & Production Guardrails (7100.4669ms)
ℹ tests 4
ℹ suites 1
ℹ pass 4
ℹ fail 0
ℹ cancelled 0
ℹ skipped 0
ℹ todo 0
ℹ duration_ms 7103.2532
(node:31396) ExperimentalWarning: `--experimental-loader` may be removed in the future; instead use `register()`:
--import 'data:text/javascript,import { register } from "node:module"; import { pathToFileURL } from "node:url"; register("file%3A///D%3A/StudentHub-CodexRuns/FULL_REPAIR_20261001/candidate/frontend/tests/foundation/ts-extension-loader.mjs", pathToFileURL("./"));'
(Use `node --trace-warnings ...` to show where the warning was created)
✔ all database mutation gates require the explicit disposable-db guard (7.4497ms)
✔ the disposable guard cannot accept DATABASE_URL as an implicit target (0.2624ms)
✔ blind Expert database tests skip unless the disposable guard configures the pool (1.8162ms)
ℹ tests 3
ℹ suites 0
ℹ pass 3
ℹ fail 0
ℹ cancelled 0
ℹ skipped 0
ℹ todo 0
ℹ duration_ms 13.6259
(node:9160) ExperimentalWarning: `--experimental-loader` may be removed in the future; instead use `register()`:
--import 'data:text/javascript,import { register } from "node:module"; import { pathToFileURL } from "node:url"; register("file%3A///D%3A/StudentHub-CodexRuns/FULL_REPAIR_20261001/candidate/frontend/tests/foundation/ts-extension-loader.mjs", pathToFileURL("./"));'
(Use `node --trace-warnings ...` to show where the warning was created)
✔ Option B: Anonymous caller is strictly ephemeral (zero DB mapping) (0.9955ms)
✔ Option B: SecurityPrincipal with subjectId (user:uuid) resolves ownerId (2.9425ms)
✔ Option B: DurableTrustRepository rejects persistence without ownerId (0.8623ms)
✔ TrustPersistenceMapper maps authenticated pipeline result to relational DTO (1.1706ms)
﹣ Live Database: End-to-end atomic persistence & entity deduplication (Option B) (0.0627ms) # DISPOSABLE_DB_BLOCKED_BY_LOCAL_ENV
ℹ tests 5
ℹ suites 0
ℹ pass 4
ℹ fail 0
ℹ cancelled 0
ℹ skipped 1
ℹ todo 0
ℹ duration_ms 10.1318
(node:34264) ExperimentalWarning: `--experimental-loader` may be removed in the future; instead use `register()`:
--import 'data:text/javascript,import { register } from "node:module"; import { pathToFileURL } from "node:url"; register("file%3A///D%3A/StudentHub-CodexRuns/FULL_REPAIR_20261001/candidate/frontend/tests/foundation/ts-extension-loader.mjs", pathToFileURL("./"));'
(Use `node --trace-warnings ...` to show where the warning was created)
✔ expert qualification migration keeps the workflow server-owned (0.6789ms)
✔ Labbe hand-off is durable, leased, and retriable (0.1915ms)
✔ Trust persistence separates case, run, stage run, and immutable revisions (0.2213ms)
✔ Trust stage persistence accepts both V5 and four-layer stage identities (0.2913ms)
ℹ tests 4
ℹ suites 0
ℹ pass 4
ℹ fail 0
ℹ cancelled 0
ℹ skipped 0
ℹ todo 0
ℹ duration_ms 5.3642
(node:28212) ExperimentalWarning: `--experimental-loader` may be removed in the future; instead use `register()`:
--import 'data:text/javascript,import { register } from "node:module"; import { pathToFileURL } from "node:url"; register("file%3A///D%3A/StudentHub-CodexRuns/FULL_REPAIR_20261001/candidate/frontend/tests/foundation/ts-extension-loader.mjs", pathToFileURL("./"));'
(Use `node --trace-warnings ...` to show where the warning was created)
✔ Expert V5 migration defines source, question, mission and room persistence without fake seed content (0.921ms)
✔ Expert V5 storage uses private RLS and reuses the existing reputation ledger (0.2802ms)
✔ V5 daily mission question and timer rules are persisted and server configurable (0.2923ms)
✔ V5 staging advisor hardening pins trigger search path and covers reported foreign keys (0.0993ms)
ℹ tests 4
ℹ suites 0
ℹ pass 4
ℹ fail 0
ℹ cancelled 0
ℹ skipped 0
ℹ todo 0
ℹ duration_ms 4.7985
(node:23888) ExperimentalWarning: `--experimental-loader` may be removed in the future; instead use `register()`:
--import 'data:text/javascript,import { register } from "node:module"; import { pathToFileURL } from "node:url"; register("file%3A///D%3A/StudentHub-CodexRuns/FULL_REPAIR_20261001/candidate/frontend/tests/foundation/ts-extension-loader.mjs", pathToFileURL("./"));'
(Use `node --trace-warnings ...` to show where the warning was created)
▶ Feature-freeze cross-system migration contract
  ✔ defines Passport, append-only events, Decision Twin, follow, and material notifications (0.8711ms)
  ✔ blocks persisted demo data and does not grant event update or delete (0.2851ms)
  ✔ binds all user-facing records to auth.uid() ownership (0.3963ms)
  ✔ keeps both live APIs authenticated and server-authorized (0.1244ms)
  ✔ serializes concurrent Passport appends and rejects stale revisions (0.1138ms)
  ✔ never trusts browser-supplied evidence or decision authority (0.0998ms)
  ✔ prepares a private, owner-scoped screenshot storage boundary (0.2401ms)
✔ Feature-freeze cross-system migration contract (2.875ms)
ℹ tests 7
ℹ suites 1
ℹ pass 7
ℹ fail 0
ℹ cancelled 0
ℹ skipped 0
ℹ todo 0
ℹ duration_ms 6.9479
(node:36700) ExperimentalWarning: `--experimental-loader` may be removed in the future; instead use `register()`:
--import 'data:text/javascript,import { register } from "node:module"; import { pathToFileURL } from "node:url"; register("file%3A///D%3A/StudentHub-CodexRuns/FULL_REPAIR_20261001/candidate/frontend/tests/foundation/ts-extension-loader.mjs", pathToFileURL("./"));'
(Use `node --trace-warnings ...` to show where the warning was created)
﹣ PHASE 2 LIVE GATE: End-to-end Trust persistence, retrieval, cross-user denial, and idempotency (0.4035ms) # DISPOSABLE_DB_BLOCKED_BY_LOCAL_ENV
ℹ tests 1
ℹ suites 0
ℹ pass 0
ℹ fail 0
ℹ cancelled 0
ℹ skipped 1
ℹ todo 0
ℹ duration_ms 4.0923
(node:31072) ExperimentalWarning: `--experimental-loader` may be removed in the future; instead use `register()`:
--import 'data:text/javascript,import { register } from "node:module"; import { pathToFileURL } from "node:url"; register("file%3A///D%3A/StudentHub-CodexRuns/FULL_REPAIR_20261001/candidate/frontend/tests/foundation/ts-extension-loader.mjs", pathToFileURL("./"));'
(Use `node --trace-warnings ...` to show where the warning was created)
﹣ PHASE 3 — live PostgreSQL/RLS proof (0.3737ms) # DISPOSABLE_DB_BLOCKED_BY_LOCAL_ENV
ℹ tests 0
ℹ suites 1
ℹ pass 0
ℹ fail 0
ℹ cancelled 0
ℹ skipped 0
ℹ todo 0
ℹ duration_ms 3.9786
(node:34216) ExperimentalWarning: `--experimental-loader` may be removed in the future; instead use `register()`:
--import 'data:text/javascript,import { register } from "node:module"; import { pathToFileURL } from "node:url"; register("file%3A///D%3A/StudentHub-CodexRuns/FULL_REPAIR_20261001/candidate/frontend/tests/foundation/ts-extension-loader.mjs", pathToFileURL("./"));'
(Use `node --trace-warnings ...` to show where the warning was created)
▶ PHASE 3 — migration and RLS contract
  ✔ defines durable sessions, audit, forum and V2 evidence foundations (0.8414ms)
  ✔ keeps privileged state private and prevents blanket profile privilege updates (0.3669ms)
  ✔ enables RLS and binds own-resource policies to auth.uid() (0.3569ms)
  ✔ closes the private role-authority advisory with a service-only policy (0.1761ms)
  ✔ fails closed when durable PostgreSQL is not configured (0.3573ms)
  ✔ keeps in-memory forum persistence behind the shared Community demo gate (0.1268ms)
✔ PHASE 3 — migration and RLS contract (3.7435ms)
ℹ tests 6
ℹ suites 1
ℹ pass 6
ℹ fail 0
ℹ cancelled 0
ℹ skipped 0
ℹ todo 0
ℹ duration_ms 7.2169
(node:36944) ExperimentalWarning: `--experimental-loader` may be removed in the future; instead use `register()`:
--import 'data:text/javascript,import { register } from "node:module"; import { pathToFileURL } from "node:url"; register("file%3A///D%3A/StudentHub-CodexRuns/FULL_REPAIR_20261001/candidate/frontend/tests/foundation/ts-extension-loader.mjs", pathToFileURL("./"));'
(Use `node --trace-warnings ...` to show where the warning was created)
﹣ PHASE 2 REPORT LIVE GATE: committed Trust snapshot, hash, ownership, and idempotency (0.4132ms) # DISPOSABLE_DB_BLOCKED_BY_LOCAL_ENV
ℹ tests 1
ℹ suites 0
ℹ pass 0
ℹ fail 0
ℹ cancelled 0
ℹ skipped 1
ℹ todo 0
ℹ duration_ms 4.2344
(node:37092) ExperimentalWarning: `--experimental-loader` may be removed in the future; instead use `register()`:
--import 'data:text/javascript,import { register } from "node:module"; import { pathToFileURL } from "node:url"; register("file%3A///D%3A/StudentHub-CodexRuns/FULL_REPAIR_20261001/candidate/frontend/tests/foundation/ts-extension-loader.mjs", pathToFileURL("./"));'
(Use `node --trace-warnings ...` to show where the warning was created)
✔ report vertical slice pins immutable Trust snapshots and keeps artifacts private (0.7752ms)
ℹ tests 1
ℹ suites 0
ℹ pass 1
ℹ fail 0
ℹ cancelled 0
ℹ skipped 0
ℹ todo 0
ℹ duration_ms 4.2659
(node:26108) ExperimentalWarning: `--experimental-loader` may be removed in the future; instead use `register()`:
--import 'data:text/javascript,import { register } from "node:module"; import { pathToFileURL } from "node:url"; register("file%3A///D%3A/StudentHub-CodexRuns/FULL_REPAIR_20261001/candidate/frontend/tests/foundation/ts-extension-loader.mjs", pathToFileURL("./"));'
(Use `node --trace-warnings ...` to show where the warning was created)
▶ Database Repository & Persistence Layer
  ✔ UserGoalRepository: should atomically persist, update and filter goals by subject (39.3905ms)
  ✔ EarlyWarningRepository: should store and retrieve emerging incident records (16.501ms)
  ✔ AiMemoryRepository: should segregate memories by student subject (26.6623ms)
  ✔ DeviceRepository: should track multi-device states and synced preferences (14.3973ms)
✔ Database Repository & Persistence Layer (97.8176ms)
ℹ tests 4
ℹ suites 1
ℹ pass 4
ℹ fail 0
ℹ cancelled 0
ℹ skipped 0
ℹ todo 0
ℹ duration_ms 101.7249
(node:23216) ExperimentalWarning: `--experimental-loader` may be removed in the future; instead use `register()`:
--import 'data:text/javascript,import { register } from "node:module"; import { pathToFileURL } from "node:url"; register("file%3A///D%3A/StudentHub-CodexRuns/FULL_REPAIR_20261001/candidate/frontend/tests/foundation/ts-extension-loader.mjs", pathToFileURL("./"));'
(Use `node --trace-warnings ...` to show where the warning was created)
▶ tracked forward schema reconciliation
  ✔ asserts existing outbox types, defaults, RLS and the precise old status constraint (0.5685ms)
  ✔ widens only the two reviewed staging profile checks and leaves row data untouched (0.1402ms)
  ✔ grants only server-role access to the exact four Expert V5 identity sequences (0.1726ms)
  ✔ rehearses fresh plus both observed environment upgrade plans and preserves fixture digests (0.1232ms)
✔ tracked forward schema reconciliation (1.7064ms)
ℹ tests 4
ℹ suites 1
ℹ pass 4
ℹ fail 0
ℹ cancelled 0
ℹ skipped 0
ℹ todo 0
ℹ duration_ms 5.8859
(node:30060) ExperimentalWarning: `--experimental-loader` may be removed in the future; instead use `register()`:
--import 'data:text/javascript,import { register } from "node:module"; import { pathToFileURL } from "node:url"; register("file%3A///D%3A/StudentHub-CodexRuns/FULL_REPAIR_20261001/candidate/frontend/tests/foundation/ts-extension-loader.mjs", pathToFileURL("./"));'
(Use `node --trace-warnings ...` to show where the warning was created)
✔ Expert staging guard accepts only the acknowledged allowlisted Supabase identity (0.8407ms)
✔ Expert staging guard rejects absent acknowledgement, Main, unknown ref, and API/DB disagreement (0.4938ms)
✔ generic disposable DB guard accepts loopback only and never an implicit remote DATABASE_URL (0.2968ms)
ℹ tests 3
ℹ suites 0
ℹ pass 3
ℹ fail 0
ℹ cancelled 0
ℹ skipped 0
ℹ todo 0
ℹ duration_ms 5.6771
(node:26324) ExperimentalWarning: `--experimental-loader` may be removed in the future; instead use `register()`:
--import 'data:text/javascript,import { register } from "node:module"; import { pathToFileURL } from "node:url"; register("file%3A///D%3A/StudentHub-CodexRuns/FULL_REPAIR_20261001/candidate/frontend/tests/foundation/ts-extension-loader.mjs", pathToFileURL("./"));'
(Use `node --trace-warnings ...` to show where the warning was created)
======================================================================
🏛️ STUDENTHUB AI v9 — SCIENTIFIC TEVV BENCHMARK SUITE
======================================================================
▶ Protocol 1: Model Champion / Challenger Gate & Zero-Regression Constraints
  ✔ should load valid Model Registry under Constitution 25-26 (1.2409ms)
  ✔ should approve promotion of a strictly superior challenger (PhoBERT-Mini) (1.1462ms)
  ✔ should REJECT promotion of a candidate with temporal regression or lower F1 (0.3194ms)
✔ Protocol 1: Model Champion / Challenger Gate & Zero-Regression Constraints (3.3333ms)
▶ Protocol 2: Out-of-Distribution (OOD) Detection & Responsible Abstention
  ✔ should responsibly abstain (INSUFFICIENT_EVIDENCE) on empty or ultra-short input (0.3256ms)
  ✔ should flag unfamiliar foreign scripts as OUT_OF_DISTRIBUTION (0.1667ms)
  ✔ should flag random entropy/gibberish payloads as OUT_OF_DISTRIBUTION (0.1274ms)
  ✔ should recognize standard Vietnamese academic/banking text as IN_DISTRIBUTION (0.1085ms)
✔ Protocol 2: Out-of-Distribution (OOD) Detection & Responsible Abstention (0.9047ms)
▶ Protocol 3: Master Evidence Graph & Multi-Evidence Reasoning
  ✔ should construct an Evidence Graph with individual confidences, source tiers, and timestamps (2.5282ms)
  ✔ should responsibly report CONFLICT_UNRESOLVED when contradicting evidence is detected (0.1716ms)
✔ Protocol 3: Master Evidence Graph & Multi-Evidence Reasoning (2.8292ms)
▶ Protocol 4: AI Observatory Telemetry & OWASP GenAI 2025 Defense
  ✔ should generate a complete, valid observatory snapshot (0.254ms)
✔ Protocol 4: AI Observatory Telemetry & OWASP GenAI 2025 Defense (0.3046ms)
ℹ tests 10
ℹ suites 4
ℹ pass 10
ℹ fail 0
ℹ cancelled 0
ℹ skipped 0
ℹ todo 0
ℹ duration_ms 12.597
(node:25516) ExperimentalWarning: `--experimental-loader` may be removed in the future; instead use `register()`:
--import 'data:text/javascript,import { register } from "node:module"; import { pathToFileURL } from "node:url"; register("file%3A///D%3A/StudentHub-CodexRuns/FULL_REPAIR_20261001/candidate/frontend/tests/foundation/ts-extension-loader.mjs", pathToFileURL("./"));'
(Use `node --trace-warnings ...` to show where the warning was created)

============================================================
📼 RUNNING CASE REPLAY & PROVENANCE PASSPORT EVALUATION
============================================================

  ✔ [SAFE          ] Case CASE-REPLAY-SAFE         -> Verdict: SUPPORTED              | Passport: e7a7298030f2...
  ✔ [HIGH_RISK     ] Case CASE-REPLAY-HIGHRISK     -> Verdict: HIGH_RISK              | Passport: 99f6d36beda1...
  ✔ [ABSTAINED     ] Case CASE-REPLAY-ABSTAINED    -> Verdict: INSUFFICIENT_EVIDENCE  | Passport: 3425e156fb52...
  ✔ [CONFLICTED    ] Case CASE-REPLAY-CONFLICTED   -> Verdict: CONFLICTED_EVIDENCE    | Passport: 57d6fa9b7902...
  ✔ [COUNTER_SEARCH] Case CASE-REPLAY-COUNTERSEARCH -> Verdict: CONTRADICTED           | Passport: 9f9c834fcb84...

📌 CASE REPLAY STATUS: CASE_REPLAY_VERIFIED (Hermetic, Cryptographically Reproducible)
============================================================

✔ CASE REPLAY EVALUATION (5 CASES ACROSS VERDICT TAXONOMY) (133.0732ms)
ℹ tests 1
ℹ suites 0
ℹ pass 1
ℹ fail 0
ℹ cancelled 0
ℹ skipped 0
ℹ todo 0
ℹ duration_ms 136.2202
(node:10524) ExperimentalWarning: `--experimental-loader` may be removed in the future; instead use `register()`:
--import 'data:text/javascript,import { register } from "node:module"; import { pathToFileURL } from "node:url"; register("file%3A///D%3A/StudentHub-CodexRuns/FULL_REPAIR_20261001/candidate/frontend/tests/foundation/ts-extension-loader.mjs", pathToFileURL("./"));'
(Use `node --trace-warnings ...` to show where the warning was created)
✔ entity metric rejects a different resolved institution (0.6495ms)
✔ entity metric accepts an explicit canonical ID alias (0.1092ms)
✔ entity metric excludes a policy topic from canonical entity accuracy (0.068ms)
✔ entity metric does not award credit to an unrelated nonempty resolution (0.0846ms)
✔ entity metric excludes other topical labels from canonical entity accuracy (0.0852ms)
✔ entity metric scores the expected canonical identity without trusting a mismatched gold domain (0.062ms)
ℹ tests 6
ℹ suites 0
ℹ pass 6
ℹ fail 0
ℹ cancelled 0
ℹ skipped 0
ℹ todo 0
ℹ duration_ms 5.8771
(node:12892) ExperimentalWarning: `--experimental-loader` may be removed in the future; instead use `register()`:
--import 'data:text/javascript,import { register } from "node:module"; import { pathToFileURL } from "node:url"; register("file%3A///D%3A/StudentHub-CodexRuns/FULL_REPAIR_20261001/candidate/frontend/tests/foundation/ts-extension-loader.mjs", pathToFileURL("./"));'
(Use `node --trace-warnings ...` to show where the warning was created)
✔ specific institution names resolve to their own canonical identity (179.8309ms)
✔ generic institution labels remain unresolved or explicitly ambiguous (8.9591ms)
✔ specific HCMIU wording still resolves to its official identity (4.7231ms)
ℹ tests 3
ℹ suites 0
ℹ pass 3
ℹ fail 0
ℹ cancelled 0
ℹ skipped 0
ℹ todo 0
ℹ duration_ms 197.5214
(node:37584) ExperimentalWarning: `--experimental-loader` may be removed in the future; instead use `register()`:
--import 'data:text/javascript,import { register } from "node:module"; import { pathToFileURL } from "node:url"; register("file%3A///D%3A/StudentHub-CodexRuns/FULL_REPAIR_20261001/candidate/frontend/tests/foundation/ts-extension-loader.mjs", pathToFileURL("./"));'
(Use `node --trace-warnings ...` to show where the warning was created)
✔ candidate pool merges sources without entity hard-gating and strips evaluation-only fields (1.322ms)
ℹ tests 1
ℹ suites 0
ℹ pass 1
ℹ fail 0
ℹ cancelled 0
ℹ skipped 0
ℹ todo 0
ℹ duration_ms 4.3283
(node:27916) ExperimentalWarning: `--experimental-loader` may be removed in the future; instead use `register()`:
--import 'data:text/javascript,import { register } from "node:module"; import { pathToFileURL } from "node:url"; register("file%3A///D%3A/StudentHub-CodexRuns/FULL_REPAIR_20261001/candidate/frontend/tests/foundation/ts-extension-loader.mjs", pathToFileURL("./"));'
(Use `node --trace-warnings ...` to show where the warning was created)

============================================================
📋 RUNNING HISTORICAL RETRIEVAL VALIDATION V1 (GOLD-DERIVED, N=168)
============================================================

📊 1. STATIC_KB EVALUATION (Pre-indexed corpus only):
  Recall@5               : 16.7% [95% CI: 11.3% - 22.6%]
  NDCG@5                 : 84.3%
  Official Source Hit    : 100.0%

📊 2. LIVE_WEB EVALUATION (Dynamic portal retrieval):
  Recall@5               : 100.0% [95% CI: 100.0% - 100.0%]
  NDCG@5                 : 100.0%
  Official Source Hit    : 100.0%

📊 3. HYBRID PRODUCTION CANDIDATE (Static KB + Live Web + Authority Ladder):
  Recall@1               : 100.0%
  Recall@3               : 100.0%
  Recall@5 (Gate >= 92%) : 100.0% [95% CI: 100.0% - 100.0%]
  MRR                    : 1.0000
  NDCG@5 (Gate >= 88%)   : 98.8% [95% CI: 98.1% - 99.4%]
  Official Source Hit    : 100.0% (Gate >= 90%)
  Official Source Top-3  : 100.0%
  Irrelevant Top-1       : 0.0% (Gate <= 7%)
  Entity Resolution      : 99.4% (Gate >= 90%)

📌 HISTORICAL RETRIEVAL STATUS: RETRIEVAL_VALIDATION_V1
============================================================

✔ HISTORICAL RETRIEVAL VALIDATION V1 — GOLD-DERIVED ORACLE (N=168 QUERIES) (3099.484ms)
ℹ tests 1
ℹ suites 0
ℹ pass 1
ℹ fail 0
ℹ cancelled 0
ℹ skipped 0
ℹ todo 0
ℹ duration_ms 3105.3933
(node:23580) ExperimentalWarning: `--experimental-loader` may be removed in the future; instead use `register()`:
--import 'data:text/javascript,import { register } from "node:module"; import { pathToFileURL } from "node:url"; register("file%3A///D%3A/StudentHub-CodexRuns/FULL_REPAIR_20261001/candidate/frontend/tests/foundation/ts-extension-loader.mjs", pathToFileURL("./"));'
(Use `node --trace-warnings ...` to show where the warning was created)
﹣ HISTORICAL RETRIEVAL VALIDATION V1 (superseded by V3) (0.4161ms) # Superseded by blind runtime RETRIEVAL_VALIDATION_V1 V3; retained for historical comparison only
ℹ tests 1
ℹ suites 0
ℹ pass 0
ℹ fail 0
ℹ cancelled 0
ℹ skipped 1
ℹ todo 0
ℹ duration_ms 3.4815
[QUALITY_GATE] BLOCKED_BY_EXTERNAL_GATE: frontend\tests\evidence\fresh_retrieval_holdout_v3.test.mjs
[QUALITY_GATE] BLOCKED_BY_EXTERNAL_GATE: frontend\tests\evidence\fresh_retrieval_holdout_v4.test.mjs
[QUALITY_GATE] BLOCKED_BY_EXTERNAL_GATE: frontend\tests\evidence\fresh_retrieval_holdout_v5_public_api.test.mjs
(node:26776) ExperimentalWarning: `--experimental-loader` may be removed in the future; instead use `register()`:
--import 'data:text/javascript,import { register } from "node:module"; import { pathToFileURL } from "node:url"; register("file%3A///D%3A/StudentHub-CodexRuns/FULL_REPAIR_20261001/candidate/frontend/tests/foundation/ts-extension-loader.mjs", pathToFileURL("./"));'
(Use `node --trace-warnings ...` to show where the warning was created)

============================================================
📋 RUNNING HISTORICAL SOURCE INDEPENDENCE VALIDATION V1 (N=100 UNITS)
============================================================

📊 OVERALL SOURCE INDEPENDENCE METRICS:
  Units Evaluated            : 100
  Exact Count Accuracy       : 100.0% (Gate >= 92.0%)
  Same-Origin Precision      : 100.0%
  Same-Origin Recall         : 100.0%
  Same-Origin F1             : 100.0% (Gate >= 93.0%)
  False Merge Rate           : 0.00% (Gate <= 2.0%)
  False Split Rate           : 0.00%

📈 CHALLENGE TYPE BREAKDOWN:
  - VERBATIM_SYNDICATION         (N=15): Accuracy=100.0%
  - LIGHT_REWRITES               (N=15): Accuracy=100.0%
  - TRANSLATION                  (N=10): Accuracy=100.0%
  - WIRE_SERVICE_ATTRIBUTION     (N=15): Accuracy=100.0%
  - PRESS_RELEASE_MIRRORS        (N=15): Accuracy=100.0%
  - SAME_EVENT_INDEPENDENT       (N=15): Accuracy=100.0%
  - SAME_DOMAIN_DIFFERENT_DOCS   (N=10): Accuracy=100.0%
  - CROSS_DOMAIN_COPIED          (N= 5): Accuracy=100.0%

📌 SOURCE INDEPENDENCE STATUS: SOURCE_INDEPENDENCE_VALIDATION_V1
============================================================

✔ HISTORICAL SOURCE INDEPENDENCE VALIDATION V1 (N=100 UNITS) (10.5678ms)
ℹ tests 1
ℹ suites 0
ℹ pass 1
ℹ fail 0
ℹ cancelled 0
ℹ skipped 0
ℹ todo 0
ℹ duration_ms 13.7051
(node:16776) ExperimentalWarning: `--experimental-loader` may be removed in the future; instead use `register()`:
--import 'data:text/javascript,import { register } from "node:module"; import { pathToFileURL } from "node:url"; register("file%3A///D%3A/StudentHub-CodexRuns/FULL_REPAIR_20261001/candidate/frontend/tests/foundation/ts-extension-loader.mjs", pathToFileURL("./"));'
(Use `node --trace-warnings ...` to show where the warning was created)

============================================================
📋 RUNNING SOURCE INDEPENDENCE VALIDATION V2 (N=150 CLUSTERS)
============================================================

📊 1. CLUSTERING PAIRWISE METRICS (N=150):
  Pairwise Precision : 100.00%
  Pairwise Recall    : 100.00%
  Pairwise F1 Score  : 100.00% [Target >= 93.0%]
  False Merge Rate   : 0.00% [Target <= 2.0%]
  False Split Rate   : 0.00%

🎯 2. ORIGIN COUNT ACCURACY:
  Exact Origin Count Matches : 150 / 150 (100.00%) [Target >= 90.0%]

📑 3. BREAKDOWN BY CHALLENGE TYPE:
--------------------------------------------------------------------------------
Challenge Type                       | Units | Exact Matches | Accuracy
--------------------------------------------------------------------------------
WIRE_COPY_CHAIN                      |    19 |            19 | 100.0%
TRANSLATION_REPOST                   |    19 |            19 | 100.0%
PARTIAL_REWRITE_PARAPHRASE           |    19 |            19 | 100.0%
SAME_PRIMARY_SOURCE_CHAIN            |    19 |            19 | 100.0%
INDEPENDENT_INVESTIGATION_SAME_EVENT |    19 |            19 | 100.0%
SAME_DOMAIN_DISTINCT_OFFICIAL_DOCS   |    19 |            19 | 100.0%
CROSS_DOMAIN_MIRROR                  |    18 |            18 | 100.0%
PRESS_RELEASE_SYNDICATION            |    18 |            18 | 100.0%
--------------------------------------------------------------------------------

📌 GATES CHECK FOR SOURCE INDEPENDENCE VALIDATION V2:
  - F1 Score >= 93.0%:             PASS (100.00%)
  - False Merge Rate <= 2.0%:      PASS (0.00%)
  - Origin Count Acc >= 90.0%:     PASS (100.00%)

STATUS: SOURCE_INDEPENDENCE_VALIDATION_V2_VERIFIED
============================================================

✔ SOURCE INDEPENDENCE VALIDATION V2 — BLIND ORIGIN FEATURES (N=150 CLUSTERS) (9.7826ms)
ℹ tests 1
ℹ suites 0
ℹ pass 1
ℹ fail 0
ℹ cancelled 0
ℹ skipped 0
ℹ todo 0
ℹ duration_ms 12.9082
[QUALITY_GATE] BLOCKED_BY_EXTERNAL_GATE: frontend\tests\evidence\live_web_retrieval.test.mjs
(node:10496) ExperimentalWarning: `--experimental-loader` may be removed in the future; instead use `register()`:
--import 'data:text/javascript,import { register } from "node:module"; import { pathToFileURL } from "node:url"; register("file%3A///D%3A/StudentHub-CodexRuns/FULL_REPAIR_20261001/candidate/frontend/tests/foundation/ts-extension-loader.mjs", pathToFileURL("./"));'
(Use `node --trace-warnings ...` to show where the warning was created)
✔ MetricForensics uses exact CP bounds and query-specific IR denominators (1.4793ms)
✔ MetricForensics covers calibration and predicted-only classes (0.2681ms)
ℹ tests 2
ℹ suites 0
ℹ pass 2
ℹ fail 0
ℹ cancelled 0
ℹ skipped 0
ℹ todo 0
ℹ duration_ms 5.3923
(node:18932) ExperimentalWarning: `--experimental-loader` may be removed in the future; instead use `register()`:
--import 'data:text/javascript,import { register } from "node:module"; import { pathToFileURL } from "node:url"; register("file%3A///D%3A/StudentHub-CodexRuns/FULL_REPAIR_20261001/candidate/frontend/tests/foundation/ts-extension-loader.mjs", pathToFileURL("./"));'
(Use `node --trace-warnings ...` to show where the warning was created)
============================================================
📋 RUNNING 20-CASE OPERATIONAL CORPUS PIPELINE (G8)
============================================================
  [OP-01] Học bổng toàn phần yêu cầu chuyển cọc giữ chỗ   -> Verdict: HIGH_RISK        (133ms)
  [OP-02] Thông báo nộp học phí qua cổng ngân hàng chín   -> Verdict: NEEDS_EXPERT_REVIEW (35ms)
  [OP-03] Thuê phòng ký túc xá yêu cầu cọc qua ví Momo    -> Verdict: HIGH_RISK        (35ms)
  [OP-04] Dự án NCKH Lab Robot yêu cầu nộp tiền thế châ   -> Verdict: INSUFFICIENT_EVIDENCE (18ms)
  [OP-05] Quy chế chuẩn đầu ra ngoại ngữ tốt nghiệp K24   -> Verdict: NEEDS_EXPERT_REVIEW (21ms)
  [OP-06] Công an gọi điện đe dọa liên quan án ma túy y   -> Verdict: INSUFFICIENT_EVIDENCE (17ms)
  [OP-07] Giả mạo ngân hàng gửi link yêu cầu nhập mã OT   -> Verdict: HIGH_RISK        (24ms)
  [OP-08] Thông báo lịch đăng ký môn học học kỳ hè 2026   -> Verdict: INSUFFICIENT_EVIDENCE (16ms)
  [OP-09] Việc làm thêm online thanh toán đơn hàng Shop   -> Verdict: HIGH_RISK        (23ms)
  [OP-10] Điều kiện làm khóa luận tốt nghiệp ngành CNTT   -> Verdict: INSUFFICIENT_EVIDENCE (18ms)
  [OP-11] Bán đề thi cuối kỳ môn Kiến trúc Máy tính kèm   -> Verdict: INSUFFICIENT_EVIDENCE (16ms)
  [OP-12] Học bổng khuyến khích học tập theo Quyết định   -> Verdict: INSUFFICIENT_EVIDENCE (19ms)
  [OP-13] Cho thuê tài khoản ngân hàng nhận hoa hồng 50   -> Verdict: INSUFFICIENT_EVIDENCE (17ms)
  [OP-14] Quy định cảnh báo học vụ theo Quyết định 3116   -> Verdict: CONTRADICTED     (23ms)
  [OP-15] Fanpage giả mạo CLB Sinh viên tuyển tình nguy   -> Verdict: HIGH_RISK        (20ms)
  [OP-16] Thông báo cấp giấy chứng nhận sinh viên tạm h   -> Verdict: INSUFFICIENT_EVIDENCE (16ms)
  [OP-17] Vay tiền nhanh sinh viên giải ngân trong 10 p   -> Verdict: INSUFFICIENT_EVIDENCE (16ms)
  [OP-18] Hội thảo Khoa học Sinh viên Nghiên cứu Công n   -> Verdict: INSUFFICIENT_EVIDENCE (27ms)
  [OP-19] Email giả danh Phòng Khảo thí thông báo nợ đi   -> Verdict: INSUFFICIENT_EVIDENCE (22ms)
  [OP-20] Thời gian đăng ký xét tốt nghiệp đợt 1 năm 20   -> Verdict: INSUFFICIENT_EVIDENCE (20ms)
============================================================
✅ 20/20 OPERATIONAL FLOWS VERIFIED (10 WITH SOURCE CANDIDATES + 10 INSUFFICIENT-EVIDENCE)
============================================================

✔ G8 OPERATIONAL CORPUS: Mixed Source & Insufficient-Evidence Pipeline Readiness (536.7301ms)
ℹ tests 1
ℹ suites 0
ℹ pass 1
ℹ fail 0
ℹ cancelled 0
ℹ skipped 0
ℹ todo 0
ℹ duration_ms 544.5759
[QUALITY_GATE] BLOCKED_BY_EXTERNAL_GATE: frontend\tests\evidence\real_world_live_search_golden_flow.test.mjs
(node:3796) ExperimentalWarning: `--experimental-loader` may be removed in the future; instead use `register()`:
--import 'data:text/javascript,import { register } from "node:module"; import { pathToFileURL } from "node:url"; register("file%3A///D%3A/StudentHub-CodexRuns/FULL_REPAIR_20261001/candidate/frontend/tests/foundation/ts-extension-loader.mjs", pathToFileURL("./"));'
(Use `node --trace-warnings ...` to show where the warning was created)

============================================================
📋 RUNNING RETRIEVAL BENCHMARK (N=84 QUERIES)
============================================================

📊 RETRIEVAL BENCHMARK RESULTS (N=84):
  Entity Resolution Accuracy : 89.3%
  Recall@5                   : 96.4% (Target: >= 95.0%)
  NDCG@5                     : 99.3% (Target: >= 90.0%)
  Official Source Hit Rate   : 100.0% (Target: >= 90.0%)
  Official Source Top-3 Rate : 100.0% (Target: >= 85.0%)
  Irrelevant Top-1 Rate      : 2.4% (Target: <= 5.0%)
  Duplicate Origin Inflation : 0 (Controlled benchmark pipeline)

🔬 RETRIEVAL ABLATION DELTAS (Recall@5):
  [System A] Keyword Only              : 53.6%
  [System B] Entity-Aware Retrieval    : 97.6% (+44.0%)
  [System C] Full Candidate (+Ranking) : 96.4% (+42.9%)
============================================================


📌 BENCHMARK CLASSIFICATION: RETRIEVAL_DEV
✔ RETRIEVAL DEV BENCHMARK: 84 Controlled Queries Evaluation across 12 Domains (492.4587ms)
ℹ tests 1
ℹ suites 0
ℹ pass 1
ℹ fail 0
ℹ cancelled 0
ℹ skipped 0
ℹ todo 0
ℹ duration_ms 495.8928
(node:2680) ExperimentalWarning: `--experimental-loader` may be removed in the future; instead use `register()`:
--import 'data:text/javascript,import { register } from "node:module"; import { pathToFileURL } from "node:url"; register("file%3A///D%3A/StudentHub-CodexRuns/FULL_REPAIR_20261001/candidate/frontend/tests/foundation/ts-extension-loader.mjs", pathToFileURL("./"));'
(Use `node --trace-warnings ...` to show where the warning was created)

============================================================
📋 RUNNING SOURCE INDEPENDENCE BENCHMARK (N=60 UNITS)
============================================================

📊 SOURCE INDEPENDENCE BENCHMARK RESULTS (N=60 UNITS):
  Same-Origin Precision      : 100.0%
  Same-Origin Recall         : 97.9%
  Cluster F1 Score           : 98.9%
  False Merge Rate           : 0.00% (Target: < 2.0%)
  Missed Syndication Rate    : 2.08%
  Exact Origin Count Match   : 98.3% (59/60)
============================================================

📌 VALIDATION STATUS: SOURCE_INDEPENDENCE_VALIDATION_V1
✔ SOURCE INDEPENDENCE VALIDATION V1: 60 Reviewed Multi-Source Units (7.0795ms)
ℹ tests 1
ℹ suites 0
ℹ pass 1
ℹ fail 0
ℹ cancelled 0
ℹ skipped 0
ℹ todo 0
ℹ duration_ms 10.2291
(node:15372) ExperimentalWarning: `--experimental-loader` may be removed in the future; instead use `register()`:
--import 'data:text/javascript,import { register } from "node:module"; import { pathToFileURL } from "node:url"; register("file%3A///D%3A/StudentHub-CodexRuns/FULL_REPAIR_20261001/candidate/frontend/tests/foundation/ts-extension-loader.mjs", pathToFileURL("./"));'
(Use `node --trace-warnings ...` to show where the warning was created)
﹣ Blind Expert 16-Pair Matrix — Exhaustive 4x4 matrix (U0..U3 x E0..E3) verification (0.4876ms) # DISPOSABLE_DB_BLOCKED_BY_LOCAL_ENV
ℹ tests 1
ℹ suites 0
ℹ pass 0
ℹ fail 0
ℹ cancelled 0
ℹ skipped 1
ℹ todo 0
ℹ duration_ms 4.5346
(node:34856) ExperimentalWarning: `--experimental-loader` may be removed in the future; instead use `register()`:
--import 'data:text/javascript,import { register } from "node:module"; import { pathToFileURL } from "node:url"; register("file%3A///D%3A/StudentHub-CodexRuns/FULL_REPAIR_20261001/candidate/frontend/tests/foundation/ts-extension-loader.mjs", pathToFileURL("./"));'
(Use `node --trace-warnings ...` to show where the warning was created)
﹣ Blind Expert AI Hidden — Zero AI leakage to Expert pre-submission (including Senior E0) (0.4289ms) # DISPOSABLE_DB_BLOCKED_BY_LOCAL_ENV
ℹ tests 1
ℹ suites 0
ℹ pass 0
ℹ fail 0
ℹ cancelled 0
ℹ skipped 1
ℹ todo 0
ℹ duration_ms 4.3393
(node:18844) ExperimentalWarning: `--experimental-loader` may be removed in the future; instead use `register()`:
--import 'data:text/javascript,import { register } from "node:module"; import { pathToFileURL } from "node:url"; register("file%3A///D%3A/StudentHub-CodexRuns/FULL_REPAIR_20261001/candidate/frontend/tests/foundation/ts-extension-loader.mjs", pathToFileURL("./"));'
(Use `node --trace-warnings ...` to show where the warning was created)
﹣ Blind Expert Authorization — BOLA & role boundaries strictly enforced (0.5545ms) # DISPOSABLE_DB_BLOCKED_BY_LOCAL_ENV
ℹ tests 1
ℹ suites 0
ℹ pass 0
ℹ fail 0
ℹ cancelled 0
ℹ skipped 1
ℹ todo 0
ℹ duration_ms 4.2965
(node:33596) ExperimentalWarning: `--experimental-loader` may be removed in the future; instead use `register()`:
--import 'data:text/javascript,import { register } from "node:module"; import { pathToFileURL } from "node:url"; register("file%3A///D%3A/StudentHub-CodexRuns/FULL_REPAIR_20261001/candidate/frontend/tests/foundation/ts-extension-loader.mjs", pathToFileURL("./"));'
(Use `node --trace-warnings ...` to show where the warning was created)
﹣ Blind Expert Concurrency — Two browser tabs submitting concurrently serialized cleanly by DB lock (0.402ms) # DISPOSABLE_DB_BLOCKED_BY_LOCAL_ENV
ℹ tests 1
ℹ suites 0
ℹ pass 0
ℹ fail 0
ℹ cancelled 0
ℹ skipped 1
ℹ todo 0
ℹ duration_ms 4.0819
(node:24368) ExperimentalWarning: `--experimental-loader` may be removed in the future; instead use `register()`:
--import 'data:text/javascript,import { register } from "node:module"; import { pathToFileURL } from "node:url"; register("file%3A///D%3A/StudentHub-CodexRuns/FULL_REPAIR_20261001/candidate/frontend/tests/foundation/ts-extension-loader.mjs", pathToFileURL("./"));'
(Use `node --trace-warnings ...` to show where the warning was created)
﹣ Blind Expert Evidence — Validates URLs with SafeRemoteUrl and enforces security against SSRF (0.4182ms) # DISPOSABLE_DB_BLOCKED_BY_LOCAL_ENV
ℹ tests 1
ℹ suites 0
ℹ pass 0
ℹ fail 0
ℹ cancelled 0
ℹ skipped 1
ℹ todo 0
ℹ duration_ms 3.9771
(node:16140) ExperimentalWarning: `--experimental-loader` may be removed in the future; instead use `register()`:
--import 'data:text/javascript,import { register } from "node:module"; import { pathToFileURL } from "node:url"; register("file%3A///D%3A/StudentHub-CodexRuns/FULL_REPAIR_20261001/candidate/frontend/tests/foundation/ts-extension-loader.mjs", pathToFileURL("./"));'
(Use `node --trace-warnings ...` to show where the warning was created)
﹣ Blind Expert Idempotency — Deterministic single-execution guarantees across dispatch & submission (0.4254ms) # DISPOSABLE_DB_BLOCKED_BY_LOCAL_ENV
ℹ tests 1
ℹ suites 0
ℹ pass 0
ℹ fail 0
ℹ cancelled 0
ℹ skipped 1
ℹ todo 0
ℹ duration_ms 4.1859
(node:26984) ExperimentalWarning: `--experimental-loader` may be removed in the future; instead use `register()`:
--import 'data:text/javascript,import { register } from "node:module"; import { pathToFileURL } from "node:url"; register("file%3A///D%3A/StudentHub-CodexRuns/FULL_REPAIR_20261001/candidate/frontend/tests/foundation/ts-extension-loader.mjs", pathToFileURL("./"));'
(Use `node --trace-warnings ...` to show where the warning was created)
﹣ Blind Expert L1 Dispatch — Dispatches assignments to eligible experts upon L1 claim ready (0.4125ms) # DISPOSABLE_DB_BLOCKED_BY_LOCAL_ENV
ℹ tests 1
ℹ suites 0
ℹ pass 0
ℹ fail 0
ℹ cancelled 0
ℹ skipped 1
ℹ todo 0
ℹ duration_ms 3.7272
(node:20772) ExperimentalWarning: `--experimental-loader` may be removed in the future; instead use `register()`:
--import 'data:text/javascript,import { register } from "node:module"; import { pathToFileURL } from "node:url"; register("file%3A///D%3A/StudentHub-CodexRuns/FULL_REPAIR_20261001/candidate/frontend/tests/foundation/ts-extension-loader.mjs", pathToFileURL("./"));'
(Use `node --trace-warnings ...` to show where the warning was created)
﹣ Blind Expert L5 Reveal Gate — Reveal opens ONLY when Expert is locked AND L5 is completed (0.4082ms) # DISPOSABLE_DB_BLOCKED_BY_LOCAL_ENV
ℹ tests 1
ℹ suites 0
ℹ pass 0
ℹ fail 0
ℹ cancelled 0
ℹ skipped 1
ℹ todo 0
ℹ duration_ms 4.0562
(node:16944) ExperimentalWarning: `--experimental-loader` may be removed in the future; instead use `register()`:
--import 'data:text/javascript,import { register } from "node:module"; import { pathToFileURL } from "node:url"; register("file%3A///D%3A/StudentHub-CodexRuns/FULL_REPAIR_20261001/candidate/frontend/tests/foundation/ts-extension-loader.mjs", pathToFileURL("./"));'
(Use `node --trace-warnings ...` to show where the warning was created)
﹣ Blind Expert Offline Recovery — Full reconstruction of pending reviews from database without realtime dependency (0.4466ms) # DISPOSABLE_DB_BLOCKED_BY_LOCAL_ENV
ℹ tests 1
ℹ suites 0
ℹ pass 0
ℹ fail 0
ℹ cancelled 0
ℹ skipped 1
ℹ todo 0
ℹ duration_ms 4.1658
(node:25288) ExperimentalWarning: `--experimental-loader` may be removed in the future; instead use `register()`:
--import 'data:text/javascript,import { register } from "node:module"; import { pathToFileURL } from "node:url"; register("file%3A///D%3A/StudentHub-CodexRuns/FULL_REPAIR_20261001/candidate/frontend/tests/foundation/ts-extension-loader.mjs", pathToFileURL("./"));'
(Use `node --trace-warnings ...` to show where the warning was created)
﹣ Blind Expert Other Votes Hidden — Independent expert votes strictly isolated pre-submission (0.4168ms) # DISPOSABLE_DB_BLOCKED_BY_LOCAL_ENV
ℹ tests 1
ℹ suites 0
ℹ pass 0
ℹ fail 0
ℹ cancelled 0
ℹ skipped 1
ℹ todo 0
ℹ duration_ms 4.0104
(node:32300) ExperimentalWarning: `--experimental-loader` may be removed in the future; instead use `register()`:
--import 'data:text/javascript,import { register } from "node:module"; import { pathToFileURL } from "node:url"; register("file%3A///D%3A/StudentHub-CodexRuns/FULL_REPAIR_20261001/candidate/frontend/tests/foundation/ts-extension-loader.mjs", pathToFileURL("./"));'
(Use `node --trace-warnings ...` to show where the warning was created)
﹣ Blind Expert Privacy — Strict cross-user and cross-expert isolation boundaries (0.4309ms) # DISPOSABLE_DB_BLOCKED_BY_LOCAL_ENV
ℹ tests 1
ℹ suites 0
ℹ pass 0
ℹ fail 0
ℹ cancelled 0
ℹ skipped 1
ℹ todo 0
ℹ duration_ms 4.1433
(node:14024) ExperimentalWarning: `--experimental-loader` may be removed in the future; instead use `register()`:
--import 'data:text/javascript,import { register } from "node:module"; import { pathToFileURL } from "node:url"; register("file%3A///D%3A/StudentHub-CodexRuns/FULL_REPAIR_20261001/candidate/frontend/tests/foundation/ts-extension-loader.mjs", pathToFileURL("./"));'
(Use `node --trace-warnings ...` to show where the warning was created)
﹣ Blind Expert Realtime — Emits minimal projection without broadcasting raw claim or private data (0.4104ms) # DISPOSABLE_DB_BLOCKED_BY_LOCAL_ENV
ℹ tests 1
ℹ suites 0
ℹ pass 0
ℹ fail 0
ℹ cancelled 0
ℹ skipped 1
ℹ todo 0
ℹ duration_ms 3.9674
(node:17568) ExperimentalWarning: `--experimental-loader` may be removed in the future; instead use `register()`:
--import 'data:text/javascript,import { register } from "node:module"; import { pathToFileURL } from "node:url"; register("file%3A///D%3A/StudentHub-CodexRuns/FULL_REPAIR_20261001/candidate/frontend/tests/foundation/ts-extension-loader.mjs", pathToFileURL("./"));'
(Use `node --trace-warnings ...` to show where the warning was created)
﹣ Blind Expert Reputation & Calibration — V1 preservation, V2 multi-dimensional calibration, anti-AI imitation (0.4525ms) # DISPOSABLE_DB_BLOCKED_BY_LOCAL_ENV
ℹ tests 1
ℹ suites 0
ℹ pass 0
ℹ fail 0
ℹ cancelled 0
ℹ skipped 1
ℹ todo 0
ℹ duration_ms 4.2774
(node:36420) ExperimentalWarning: `--experimental-loader` may be removed in the future; instead use `register()`:
--import 'data:text/javascript,import { register } from "node:module"; import { pathToFileURL } from "node:url"; register("file%3A///D%3A/StudentHub-CodexRuns/FULL_REPAIR_20261001/candidate/frontend/tests/foundation/ts-extension-loader.mjs", pathToFileURL("./"));'
(Use `node --trace-warnings ...` to show where the warning was created)
﹣ Blind Expert Submission Lock — Submitted assessments are strictly locked & immutable (0.4305ms) # DISPOSABLE_DB_BLOCKED_BY_LOCAL_ENV
ℹ tests 1
ℹ suites 0
ℹ pass 0
ℹ fail 0
ℹ cancelled 0
ℹ skipped 1
ℹ todo 0
ℹ duration_ms 4.4136
(node:25972) ExperimentalWarning: `--experimental-loader` may be removed in the future; instead use `register()`:
--import 'data:text/javascript,import { register } from "node:module"; import { pathToFileURL } from "node:url"; register("file%3A///D%3A/StudentHub-CodexRuns/FULL_REPAIR_20261001/candidate/frontend/tests/foundation/ts-extension-loader.mjs", pathToFileURL("./"));'
(Use `node --trace-warnings ...` to show where the warning was created)
✔ Blind Expert Widget Contract — Canonical vote enum and status lifecycle (0.4693ms)
ℹ tests 1
ℹ suites 0
ℹ pass 1
ℹ fail 0
ℹ cancelled 0
ℹ skipped 0
ℹ todo 0
ℹ duration_ms 3.5423
(node:27540) ExperimentalWarning: `--experimental-loader` may be removed in the future; instead use `register()`:
--import 'data:text/javascript,import { register } from "node:module"; import { pathToFileURL } from "node:url"; register("file%3A///D%3A/StudentHub-CodexRuns/FULL_REPAIR_20261001/candidate/frontend/tests/foundation/ts-extension-loader.mjs", pathToFileURL("./"));'
(Use `node --trace-warnings ...` to show where the warning was created)
✔ Community-bound Expert summary contains only the published statement, never source-case evidence or intake (0.9765ms)
ℹ tests 1
ℹ suites 0
ℹ pass 1
ℹ fail 0
ℹ cancelled 0
ℹ skipped 0
ℹ todo 0
ℹ duration_ms 4.0514
(node:15092) ExperimentalWarning: `--experimental-loader` may be removed in the future; instead use `register()`:
--import 'data:text/javascript,import { register } from "node:module"; import { pathToFileURL } from "node:url"; register("file%3A///D%3A/StudentHub-CodexRuns/FULL_REPAIR_20261001/candidate/frontend/tests/foundation/ts-extension-loader.mjs", pathToFileURL("./"));'
(Use `node --trace-warnings ...` to show where the warning was created)
▶ ExpertAuthorizationPrivacy
  ✔ should redact private phone, email, and personal IDs from public profile view (1.4264ms)
✔ ExpertAuthorizationPrivacy (1.9416ms)
ℹ tests 1
ℹ suites 1
ℹ pass 1
ℹ fail 0
ℹ cancelled 0
ℹ skipped 0
ℹ todo 0
ℹ duration_ms 5.312
(node:18928) ExperimentalWarning: `--experimental-loader` may be removed in the future; instead use `register()`:
--import 'data:text/javascript,import { register } from "node:module"; import { pathToFileURL } from "node:url"; register("file%3A///D%3A/StudentHub-CodexRuns/FULL_REPAIR_20261001/candidate/frontend/tests/foundation/ts-extension-loader.mjs", pathToFileURL("./"));'
(Use `node --trace-warnings ...` to show where the warning was created)
▶ ExpertClaimEvaluation
  ✔ should evaluate expert claim and return complete auditable evaluation object (2.5012ms)
✔ ExpertClaimEvaluation (3.1952ms)
ℹ tests 1
ℹ suites 1
ℹ pass 1
ℹ fail 0
ℹ cancelled 0
ℹ skipped 0
ℹ todo 0
ℹ duration_ms 6.4724
(node:29960) ExperimentalWarning: `--experimental-loader` may be removed in the future; instead use `register()`:
--import 'data:text/javascript,import { register } from "node:module"; import { pathToFileURL } from "node:url"; register("file%3A///D%3A/StudentHub-CodexRuns/FULL_REPAIR_20261001/candidate/frontend/tests/foundation/ts-extension-loader.mjs", pathToFileURL("./"));'
(Use `node --trace-warnings ...` to show where the warning was created)
▶ ExpertClaims
  ✔ should preserve claim versioning and immutable history across revisions (1.1538ms)
✔ ExpertClaims (1.7181ms)
ℹ tests 1
ℹ suites 1
ℹ pass 1
ℹ fail 0
ℹ cancelled 0
ℹ skipped 0
ℹ todo 0
ℹ duration_ms 5.5213
(node:34172) ExperimentalWarning: `--experimental-loader` may be removed in the future; instead use `register()`:
--import 'data:text/javascript,import { register } from "node:module"; import { pathToFileURL } from "node:url"; register("file%3A///D%3A/StudentHub-CodexRuns/FULL_REPAIR_20261001/candidate/frontend/tests/foundation/ts-extension-loader.mjs", pathToFileURL("./"));'
(Use `node --trace-warnings ...` to show where the warning was created)
▶ ExpertConflict
  ✔ should flag CONFLICT_OF_INTEREST when active commercial sponsorship or conflict is registered (2.5127ms)
✔ ExpertConflict (3.0853ms)
ℹ tests 1
ℹ suites 1
ℹ pass 1
ℹ fail 0
ℹ cancelled 0
ℹ skipped 0
ℹ todo 0
ℹ duration_ms 6.308
(node:31548) ExperimentalWarning: `--experimental-loader` may be removed in the future; instead use `register()`:
--import 'data:text/javascript,import { register } from "node:module"; import { pathToFileURL } from "node:url"; register("file%3A///D%3A/StudentHub-CodexRuns/FULL_REPAIR_20261001/candidate/frontend/tests/foundation/ts-extension-loader.mjs", pathToFileURL("./"));'
(Use `node --trace-warnings ...` to show where the warning was created)
▶ ExpertConflictOfInterest
  ✔ should flag CONFLICT_OF_INTEREST and disqualify claim when commercial endorsement is present (1.8206ms)
✔ ExpertConflictOfInterest (2.9007ms)
ℹ tests 1
ℹ suites 1
ℹ pass 1
ℹ fail 0
ℹ cancelled 0
ℹ skipped 0
ℹ todo 0
ℹ duration_ms 6.021
(node:15396) ExperimentalWarning: `--experimental-loader` may be removed in the future; instead use `register()`:
--import 'data:text/javascript,import { register } from "node:module"; import { pathToFileURL } from "node:url"; register("file%3A///D%3A/StudentHub-CodexRuns/FULL_REPAIR_20261001/candidate/frontend/tests/foundation/ts-extension-loader.mjs", pathToFileURL("./"));'
(Use `node --trace-warnings ...` to show where the warning was created)
▶ ExpertConsensus
  ✔ should cluster claims citing the same paper into a single shared evidence cluster rather than independent consensus (1.6963ms)
  ✔ should recognize true independent consensus when >= 3 experts provide independent evidence (0.6457ms)
✔ ExpertConsensus (2.9373ms)
ℹ tests 2
ℹ suites 1
ℹ pass 2
ℹ fail 0
ℹ cancelled 0
ℹ skipped 0
ℹ todo 0
ℹ duration_ms 6.396
(node:16324) ExperimentalWarning: `--experimental-loader` may be removed in the future; instead use `register()`:
--import 'data:text/javascript,import { register } from "node:module"; import { pathToFileURL } from "node:url"; register("file%3A///D%3A/StudentHub-CodexRuns/FULL_REPAIR_20261001/candidate/frontend/tests/foundation/ts-extension-loader.mjs", pathToFileURL("./"));'
(Use `node --trace-warnings ...` to show where the warning was created)
▶ ExpertCredentials
  ✔ should mark valid degree as VERIFIED with verificationSource (1.3572ms)
  ✔ should automatically detect EXPIRED credentials when validUntil is in the past (0.148ms)
✔ ExpertCredentials (2.1038ms)
ℹ tests 2
ℹ suites 1
ℹ pass 2
ℹ fail 0
ℹ cancelled 0
ℹ skipped 0
ℹ todo 0
ℹ duration_ms 5.9102
(node:30712) ExperimentalWarning: `--experimental-loader` may be removed in the future; instead use `register()`:
--import 'data:text/javascript,import { register } from "node:module"; import { pathToFileURL } from "node:url"; register("file%3A///D%3A/StudentHub-CodexRuns/FULL_REPAIR_20261001/candidate/frontend/tests/foundation/ts-extension-loader.mjs", pathToFileURL("./"));'
(Use `node --trace-warnings ...` to show where the warning was created)
▶ ExpertCredentialsVerification
  ✔ should create verified expert profile with verified credentials and publications (1.8134ms)
✔ ExpertCredentialsVerification (2.3586ms)
ℹ tests 1
ℹ suites 1
ℹ pass 1
ℹ fail 0
ℹ cancelled 0
ℹ skipped 0
ℹ todo 0
ℹ duration_ms 6.0294
(node:27944) ExperimentalWarning: `--experimental-loader` may be removed in the future; instead use `register()`:
--import 'data:text/javascript,import { register } from "node:module"; import { pathToFileURL } from "node:url"; register("file%3A///D%3A/StudentHub-CodexRuns/FULL_REPAIR_20261001/candidate/frontend/tests/foundation/ts-extension-loader.mjs", pathToFileURL("./"));'
(Use `node --trace-warnings ...` to show where the warning was created)
▶ Expert credibility dossier V3
  ✔ uses canonical model fields and does not invent a high history score (5.313ms)
  ✔ returns a public verification dossier without exposing institutional email (0.5235ms)
✔ Expert credibility dossier V3 (6.4582ms)
ℹ tests 2
ℹ suites 1
ℹ pass 2
ℹ fail 0
ℹ cancelled 0
ℹ skipped 0
ℹ todo 0
ℹ duration_ms 10.2333
(node:23716) ExperimentalWarning: `--experimental-loader` may be removed in the future; instead use `register()`:
--import 'data:text/javascript,import { register } from "node:module"; import { pathToFileURL } from "node:url"; register("file%3A///D%3A/StudentHub-CodexRuns/FULL_REPAIR_20261001/candidate/frontend/tests/foundation/ts-extension-loader.mjs", pathToFileURL("./"));'
(Use `node --trace-warnings ...` to show where the warning was created)
▶ ExpertIntelligenceE2E
  ✔ should execute full E2E flow: entity resolution -> domain scope query -> claim evaluation -> authority boundary check (3.8218ms)
✔ ExpertIntelligenceE2E (4.3543ms)
ℹ tests 1
ℹ suites 1
ℹ pass 1
ℹ fail 0
ℹ cancelled 0
ℹ skipped 0
ℹ todo 0
ℹ duration_ms 7.6577
(node:26872) ExperimentalWarning: `--experimental-loader` may be removed in the future; instead use `register()`:
--import 'data:text/javascript,import { register } from "node:module"; import { pathToFileURL } from "node:url"; register("file%3A///D%3A/StudentHub-CodexRuns/FULL_REPAIR_20261001/candidate/frontend/tests/foundation/ts-extension-loader.mjs", pathToFileURL("./"));'
(Use `node --trace-warnings ...` to show where the warning was created)
▶ ExpertEntityResolution
  ✔ should disambiguate same-name experts using exact ORCID (0.6425ms)
  ✔ should flag IDENTITY_AMBIGUOUS and never merge when only common name is provided without strong signals (0.8752ms)
✔ ExpertEntityResolution (2.1521ms)
ℹ tests 2
ℹ suites 1
ℹ pass 2
ℹ fail 0
ℹ cancelled 0
ℹ skipped 0
ℹ todo 0
ℹ duration_ms 7.5266
(node:30916) ExperimentalWarning: `--experimental-loader` may be removed in the future; instead use `register()`:
--import 'data:text/javascript,import { register } from "node:module"; import { pathToFileURL } from "node:url"; register("file%3A///D%3A/StudentHub-CodexRuns/FULL_REPAIR_20261001/candidate/frontend/tests/foundation/ts-extension-loader.mjs", pathToFileURL("./"));'
(Use `node --trace-warnings ...` to show where the warning was created)
▶ ExpertIdentity
  ✔ should verify identity with official ORCID, email, and institutional directory (1.6203ms)
  ✔ should mark self-claimed profile without proof as UNVERIFIED (0.1573ms)
✔ ExpertIdentity (2.3745ms)
ℹ tests 2
ℹ suites 1
ℹ pass 2
ℹ fail 0
ℹ cancelled 0
ℹ skipped 0
ℹ todo 0
ℹ duration_ms 6.0994
(node:27380) ExperimentalWarning: `--experimental-loader` may be removed in the future; instead use `register()`:
--import 'data:text/javascript,import { register } from "node:module"; import { pathToFileURL } from "node:url"; register("file%3A///D%3A/StudentHub-CodexRuns/FULL_REPAIR_20261001/candidate/frontend/tests/foundation/ts-extension-loader.mjs", pathToFileURL("./"));'
(Use `node --trace-warnings ...` to show where the warning was created)
▶ ExpertIntelligenceE2E
  ✔ should run full E2E flow: load expert profile -> evaluate claim against scope -> verify boundary (3.0886ms)
✔ ExpertIntelligenceE2E (3.6572ms)
ℹ tests 1
ℹ suites 1
ℹ pass 1
ℹ fail 0
ℹ cancelled 0
ℹ skipped 0
ℹ todo 0
ℹ duration_ms 6.774
(node:2120) ExperimentalWarning: `--experimental-loader` may be removed in the future; instead use `register()`:
--import 'data:text/javascript,import { register } from "node:module"; import { pathToFileURL } from "node:url"; register("file%3A///D%3A/StudentHub-CodexRuns/FULL_REPAIR_20261001/candidate/frontend/tests/foundation/ts-extension-loader.mjs", pathToFileURL("./"));'
(Use `node --trace-warnings ...` to show where the warning was created)
▶ ExpertIntelligenceMutationGuard
  ✔ Mutant 1: Academic professor opinion must NEVER automatically become official institutional regulation (2.3687ms)
  ✔ Mutant 2: High reputation score must NEVER override an unestablished domain in scope graph (0.2625ms)
  ✔ Mutant 3: Retracted statement must NEVER be classified as QUALIFIED_EXPERT_OPINION (0.1788ms)
  ✔ Mutant 4: Commercial endorsement must NEVER be classified as independent expert opinion (0.1734ms)
✔ ExpertIntelligenceMutationGuard (3.6244ms)
ℹ tests 4
ℹ suites 1
ℹ pass 4
ℹ fail 0
ℹ cancelled 0
ℹ skipped 0
ℹ todo 0
ℹ duration_ms 6.734
(node:37524) ExperimentalWarning: `--experimental-loader` may be removed in the future; instead use `register()`:
--import 'data:text/javascript,import { register } from "node:module"; import { pathToFileURL } from "node:url"; register("file%3A///D%3A/StudentHub-CodexRuns/FULL_REPAIR_20261001/candidate/frontend/tests/foundation/ts-extension-loader.mjs", pathToFileURL("./"));'
(Use `node --trace-warnings ...` to show where the warning was created)
▶ ExpertJurisdictionAuthority
  ✔ should flag AUTHORITY_MISMATCH when professor without registrar role asserts HCMUTE official policy (2.3181ms)
  ✔ should permit institutional claims when expert holds registrar authority role (0.1849ms)
✔ ExpertJurisdictionAuthority (3.0845ms)
ℹ tests 2
ℹ suites 1
ℹ pass 2
ℹ fail 0
ℹ cancelled 0
ℹ skipped 0
ℹ todo 0
ℹ duration_ms 6.1634
(node:35444) ExperimentalWarning: `--experimental-loader` may be removed in the future; instead use `register()`:
--import 'data:text/javascript,import { register } from "node:module"; import { pathToFileURL } from "node:url"; register("file%3A///D%3A/StudentHub-CodexRuns/FULL_REPAIR_20261001/candidate/frontend/tests/foundation/ts-extension-loader.mjs", pathToFileURL("./"));'
(Use `node --trace-warnings ...` to show where the warning was created)
▶ ExpertIntelligenceMutationGuard
  ✔ Mutant 1: Unverified self-claim must NEVER be marked as verified or produce verified opinions (2.0141ms)
  ✔ Mutant 2: Same-name collision must NEVER merge silently into a single profile (0.4573ms)
  ✔ Mutant 3: Academic rank alone must NEVER expand authority to official institutional regulations (0.1952ms)
  ✔ Mutant 4: Expired role must NEVER retain active administrative authority (0.3745ms)
  ✔ Mutant 5: Commercial conflict must NEVER be counted as independent qualified expert opinion (0.3197ms)
  ✔ Mutant 6: Shared single-source citation must NEVER be counted as multiple independent confirmations (0.226ms)
  ✔ Mutant 7: Self-claimed credential without issuer/verification must NEVER be VERIFIED (0.174ms)
✔ ExpertIntelligenceMutationGuard (4.4991ms)
ℹ tests 7
ℹ suites 1
ℹ pass 7
ℹ fail 0
ℹ cancelled 0
ℹ skipped 0
ℹ todo 0
ℹ duration_ms 8.6783
(node:8604) ExperimentalWarning: `--experimental-loader` may be removed in the future; instead use `register()`:
--import 'data:text/javascript,import { register } from "node:module"; import { pathToFileURL } from "node:url"; register("file%3A///D%3A/StudentHub-CodexRuns/FULL_REPAIR_20261001/candidate/frontend/tests/foundation/ts-extension-loader.mjs", pathToFileURL("./"));'
(Use `node --trace-warnings ...` to show where the warning was created)
✔ qualification quiz is versioned, shuffled by a supplied CSPRNG boundary, and redacts answer keys (0.7968ms)
✔ quiz grading returns a bounded score and requires the configured threshold (0.3052ms)
ℹ tests 2
ℹ suites 0
ℹ pass 2
ℹ fail 0
ℹ cancelled 0
ℹ skipped 0
ℹ todo 0
ℹ duration_ms 4.8569
(node:17816) ExperimentalWarning: `--experimental-loader` may be removed in the future; instead use `register()`:
--import 'data:text/javascript,import { register } from "node:module"; import { pathToFileURL } from "node:url"; register("file%3A///D%3A/StudentHub-CodexRuns/FULL_REPAIR_20261001/candidate/frontend/tests/foundation/ts-extension-loader.mjs", pathToFileURL("./"));'
(Use `node --trace-warnings ...` to show where the warning was created)
▶ ExpertRedTeamAdversarialDefense
  ✔ Attack A: Fake professor claiming credentials without verification remains UNVERIFIED (1.7938ms)
  ✔ Attack B & C: Same-name collision without strong signals must never merge silently (0.6267ms)
  ✔ Attack F: Expired administrative position must not have current institutional authority (0.3546ms)
  ✔ Attack G: Expert claim outside domain must remain OUT_OF_SCOPE (0.2257ms)
  ✔ Attack H: Sponsored recommendation must be flagged as CONFLICT_OF_INTEREST (0.3005ms)
  ✔ Attack I: Circular consensus citing single paper must collapse to 1 cluster (0.2129ms)
  ✔ Attack J: Retracted claim must be classified as RETRACTED (0.1625ms)
✔ ExpertRedTeamAdversarialDefense (4.3814ms)
ℹ tests 7
ℹ suites 1
ℹ pass 7
ℹ fail 0
ℹ cancelled 0
ℹ skipped 0
ℹ todo 0
ℹ duration_ms 8.3347
(node:28624) ExperimentalWarning: `--experimental-loader` may be removed in the future; instead use `register()`:
--import 'data:text/javascript,import { register } from "node:module"; import { pathToFileURL } from "node:url"; register("file%3A///D%3A/StudentHub-CodexRuns/FULL_REPAIR_20261001/candidate/frontend/tests/foundation/ts-extension-loader.mjs", pathToFileURL("./"));'
(Use `node --trace-warnings ...` to show where the warning was created)
✔ ExpertReputationPolicy exports canonical constants and thresholds (0.8855ms)
✔ StarLevel derivation resolves all 4 QA expert baselines correctly (0.1441ms)
✔ StarLevel quality gates enforce suspension, qualification, and activation state (0.0959ms)
ℹ tests 3
ℹ suites 0
ℹ pass 3
ℹ fail 0
ℹ cancelled 0
ℹ skipped 0
ℹ todo 0
ℹ duration_ms 4.9427
(node:33524) ExperimentalWarning: `--experimental-loader` may be removed in the future; instead use `register()`:
--import 'data:text/javascript,import { register } from "node:module"; import { pathToFileURL } from "node:url"; register("file%3A///D%3A/StudentHub-CodexRuns/FULL_REPAIR_20261001/candidate/frontend/tests/foundation/ts-extension-loader.mjs", pathToFileURL("./"));'
(Use `node --trace-warnings ...` to show where the warning was created)
▶ ExpertRetractionCorrection
  ✔ should mark claim RETRACTED when expert or council withdraws the statement (1.7854ms)
✔ ExpertRetractionCorrection (2.3111ms)
ℹ tests 1
ℹ suites 1
ℹ pass 1
ℹ fail 0
ℹ cancelled 0
ℹ skipped 0
ℹ todo 0
ℹ duration_ms 6.0053
(node:35532) ExperimentalWarning: `--experimental-loader` may be removed in the future; instead use `register()`:
--import 'data:text/javascript,import { register } from "node:module"; import { pathToFileURL } from "node:url"; register("file%3A///D%3A/StudentHub-CodexRuns/FULL_REPAIR_20261001/candidate/frontend/tests/foundation/ts-extension-loader.mjs", pathToFileURL("./"));'
(Use `node --trace-warnings ...` to show where the warning was created)
▶ ExpertScope
  ✔ should match strong subdomain to QUALIFIED_EXPERT_OPINION (1.4108ms)
  ✔ should classify out-of-scope domain as OUT_OF_SCOPE (0.2468ms)
✔ ExpertScope (2.2629ms)
ℹ tests 2
ℹ suites 1
ℹ pass 2
ℹ fail 0
ℹ cancelled 0
ℹ skipped 0
ℹ todo 0
ℹ duration_ms 6.3204
(node:15108) ExperimentalWarning: `--experimental-loader` may be removed in the future; instead use `register()`:
--import 'data:text/javascript,import { register } from "node:module"; import { pathToFileURL } from "node:url"; register("file%3A///D%3A/StudentHub-CodexRuns/FULL_REPAIR_20261001/candidate/frontend/tests/foundation/ts-extension-loader.mjs", pathToFileURL("./"));'
(Use `node --trace-warnings ...` to show where the warning was created)
▶ ExpertScopeGraph
  ✔ should classify strong domain match as QUALIFIED_EXPERT_OPINION (1.7556ms)
  ✔ should classify moderate domain match as INTERPRETATION_ONLY (0.1863ms)
  ✔ should classify unestablished domain as OUT_OF_SCOPE (0.1979ms)
✔ ExpertScopeGraph (2.8059ms)
ℹ tests 3
ℹ suites 1
ℹ pass 3
ℹ fail 0
ℹ cancelled 0
ℹ skipped 0
ℹ todo 0
ℹ duration_ms 7.0055
(node:14348) ExperimentalWarning: `--experimental-loader` may be removed in the future; instead use `register()`:
--import 'data:text/javascript,import { register } from "node:module"; import { pathToFileURL } from "node:url"; register("file%3A///D%3A/StudentHub-CodexRuns/FULL_REPAIR_20261001/candidate/frontend/tests/foundation/ts-extension-loader.mjs", pathToFileURL("./"));'
(Use `node --trace-warnings ...` to show where the warning was created)
✔ serves seeded experts when durable storage is unavailable (2.8727ms)
ℹ tests 1
ℹ suites 0
ℹ pass 1
ℹ fail 0
ℹ cancelled 0
ℹ skipped 0
ℹ todo 0
ℹ duration_ms 7.9574
(node:7088) ExperimentalWarning: `--experimental-loader` may be removed in the future; instead use `register()`:
--import 'data:text/javascript,import { register } from "node:module"; import { pathToFileURL } from "node:url"; register("file%3A///D%3A/StudentHub-CodexRuns/FULL_REPAIR_20261001/candidate/frontend/tests/foundation/ts-extension-loader.mjs", pathToFileURL("./"));'
(Use `node --trace-warnings ...` to show where the warning was created)
▶ ExpertTemporal
  ✔ should flag AUTHORITY_MISMATCH when an administrative position has expired in 2024 and is evaluated in 2026 (2.402ms)
✔ ExpertTemporal (2.9447ms)
ℹ tests 1
ℹ suites 1
ℹ pass 1
ℹ fail 0
ℹ cancelled 0
ℹ skipped 0
ℹ todo 0
ℹ duration_ms 6.0665
(node:29268) ExperimentalWarning: `--experimental-loader` may be removed in the future; instead use `register()`:
--import 'data:text/javascript,import { register } from "node:module"; import { pathToFileURL } from "node:url"; register("file%3A///D%3A/StudentHub-CodexRuns/FULL_REPAIR_20261001/candidate/frontend/tests/foundation/ts-extension-loader.mjs", pathToFileURL("./"));'
(Use `node --trace-warnings ...` to show where the warning was created)
▶ ExpertV2ContextWhyAndWhere
  ✔ should generate complete 'Why this expert?' report with identity and role proofs (0.6629ms)
  ✔ should generate 'Where NOT to trust' scope boundaries classifying established vs unestablished domains (0.1538ms)
✔ ExpertV2ContextWhyAndWhere (1.9589ms)
ℹ tests 2
ℹ suites 1
ℹ pass 2
ℹ fail 0
ℹ cancelled 0
ℹ skipped 0
ℹ todo 0
ℹ duration_ms 6.5197
(node:7816) ExperimentalWarning: `--experimental-loader` may be removed in the future; instead use `register()`:
--import 'data:text/javascript,import { register } from "node:module"; import { pathToFileURL } from "node:url"; register("file%3A///D%3A/StudentHub-CodexRuns/FULL_REPAIR_20261001/candidate/frontend/tests/foundation/ts-extension-loader.mjs", pathToFileURL("./"));'
(Use `node --trace-warnings ...` to show where the warning was created)
▶ ExpertV2DisagreementMap
  ✔ should generate a structured Disagreement Map between two experts without choosing an arbitrary winner (1.5598ms)
  ✔ should detect disagreement reasons across datasets, cohorts, and timeframes (0.387ms)
✔ ExpertV2DisagreementMap (2.5297ms)
ℹ tests 2
ℹ suites 1
ℹ pass 2
ℹ fail 0
ℹ cancelled 0
ℹ skipped 0
ℹ todo 0
ℹ duration_ms 6.5396
(node:22772) ExperimentalWarning: `--experimental-loader` may be removed in the future; instead use `register()`:
--import 'data:text/javascript,import { register } from "node:module"; import { pathToFileURL } from "node:url"; register("file%3A///D%3A/StudentHub-CodexRuns/FULL_REPAIR_20261001/candidate/frontend/tests/foundation/ts-extension-loader.mjs", pathToFileURL("./"));'
(Use `node --trace-warnings ...` to show where the warning was created)
▶ ExpertV2GoldenScenariosE2E
  ✔ Scenario A: Known HCMUTE professor with verified profile resolves to EXACT_MATCH (2.5238ms)
  ✔ Scenario B: Same-name query with ambiguous institution resolves to IDENTITY_AMBIGUOUS (0.7763ms)
  ✔ Scenario C: Verified AI researcher asked about HCMUTE tuition regulation is flagged as AUTHORITY_MISMATCH (0.8799ms)
  ✔ Scenario D: Former department head from 2022 has historical role preserved while current role is inactive (0.344ms)
  ✔ Scenario E: Expert citing retracted publication triggers automatic retraction cascade (1.2768ms)
  ✔ Scenario F: Three experts citing the same study collapse into 1 provenance cluster (0.6459ms)
  ✔ Scenario G: Two experts disagreeing produces structured Disagreement Map (0.5368ms)
  ✔ Scenario H: Fake professor account remains UNVERIFIED (0.2856ms)
✔ ExpertV2GoldenScenariosE2E (8.0647ms)
ℹ tests 8
ℹ suites 1
ℹ pass 8
ℹ fail 0
ℹ cancelled 0
ℹ skipped 0
ℹ todo 0
ℹ duration_ms 11.9447
(node:32836) ExperimentalWarning: `--experimental-loader` may be removed in the future; instead use `register()`:
--import 'data:text/javascript,import { register } from "node:module"; import { pathToFileURL } from "node:url"; register("file%3A///D%3A/StudentHub-CodexRuns/FULL_REPAIR_20261001/candidate/frontend/tests/foundation/ts-extension-loader.mjs", pathToFileURL("./"));'
(Use `node --trace-warnings ...` to show where the warning was created)
▶ ExpertV2MetamorphicTests
  ✔ Metamorphic 1: JSON Serialization Roundtrip preserves evaluation semantics (2.4658ms)
  ✔ Metamorphic 2: Publication array reordering has zero effect on domain scope evaluation (0.6119ms)
  ✔ Metamorphic 3: Adding newer expired role preserves historical interval without escalating current authority (0.2484ms)
✔ ExpertV2MetamorphicTests (3.9625ms)
ℹ tests 3
ℹ suites 1
ℹ pass 3
ℹ fail 0
ℹ cancelled 0
ℹ skipped 0
ℹ todo 0
ℹ duration_ms 7.1156
(node:16976) ExperimentalWarning: `--experimental-loader` may be removed in the future; instead use `register()`:
--import 'data:text/javascript,import { register } from "node:module"; import { pathToFileURL } from "node:url"; register("file%3A///D%3A/StudentHub-CodexRuns/FULL_REPAIR_20261001/candidate/frontend/tests/foundation/ts-extension-loader.mjs", pathToFileURL("./"));'
(Use `node --trace-warnings ...` to show where the warning was created)
▶ ExpertV2MutationTestSuite
  ✔ Mutant 1: Name-only identity must never mutate to EXACT_MATCH when multiple candidates exist (1.901ms)
  ✔ Mutant 2: Self-claimed credential must never mutate to VERIFIED (0.1923ms)
  ✔ Mutant 3: Expired role must never mutate to isCurrent = true (0.14ms)
  ✔ Mutant 4: Out-of-scope domain must never mutate to QUALIFIED_EXPERT_OPINION (0.3971ms)
  ✔ Mutant 5: Shared evidence from 3 experts must never mutate to isIndependentConsensus = true (0.2305ms)
  ✔ Mutant 6: Retracted claim must never mutate to SUPPORTED (0.1576ms)
  ✔ Mutant 7: Fake portal must never mutate to verified institutional domain (0.1216ms)
  ✔ Mutant 8: Injected client credential with expiresAt in the past must never remain active (0.1002ms)
  ✔ Mutant 9: Commercial conflict must never mutate to hasConflictOfInterest = false (0.2388ms)
  ✔ Mutant 10: Institutional policy authority must never be automatically inferred for professors (0.1999ms)
✔ ExpertV2MutationTestSuite (4.4742ms)
ℹ tests 10
ℹ suites 1
ℹ pass 10
ℹ fail 0
ℹ cancelled 0
ℹ skipped 0
ℹ todo 0
ℹ duration_ms 8.5579
(node:19280) ExperimentalWarning: `--experimental-loader` may be removed in the future; instead use `register()`:
--import 'data:text/javascript,import { register } from "node:module"; import { pathToFileURL } from "node:url"; register("file%3A///D%3A/StudentHub-CodexRuns/FULL_REPAIR_20261001/candidate/frontend/tests/foundation/ts-extension-loader.mjs", pathToFileURL("./"));'
(Use `node --trace-warnings ...` to show where the warning was created)
▶ ExpertV2PropertyTests
  ✔ Property 1: Idempotency — Same expert + same claim produces identical evaluation (0.9709ms)
  ✔ Property 2: Name similarity alone NEVER resolves to EXACT_MATCH without strong signals (0.482ms)
  ✔ Property 3: Reputation or follower count changes have ZERO effect on domain expertise (0.2637ms)
  ✔ Property 4: Client credential injection without external proof remains UNVERIFIED (0.1909ms)
✔ ExpertV2PropertyTests (3.2045ms)
ℹ tests 4
ℹ suites 1
ℹ pass 4
ℹ fail 0
ℹ cancelled 0
ℹ skipped 0
ℹ todo 0
ℹ duration_ms 7.6609
(node:30096) ExperimentalWarning: `--experimental-loader` may be removed in the future; instead use `register()`:
--import 'data:text/javascript,import { register } from "node:module"; import { pathToFileURL } from "node:url"; register("file%3A///D%3A/StudentHub-CodexRuns/FULL_REPAIR_20261001/candidate/frontend/tests/foundation/ts-extension-loader.mjs", pathToFileURL("./"));'
(Use `node --trace-warnings ...` to show where the warning was created)
▶ ExpertV2RedTeamAdversarialSuite
  ✔ Attack A: Fake professor identity without verification remains UNVERIFIED (1.3694ms)
  ✔ Attack B & C: Real professor impersonation & same-name collision (0.5658ms)
  ✔ Attack D: Fake institutional page is rejected by impersonation guard (0.2265ms)
  ✔ Attack F: Fake/Clashing ORCID with mismatching name triggers collision (0.1211ms)
  ✔ Attack H: Expired administrative role from 2022 evaluated in 2026 cannot assert official policy (0.2397ms)
  ✔ Attack I & J: Expert claiming outside domain or official policy without authority is caught (0.2523ms)
  ✔ Attack K: Commercial sponsorship must be flagged as CONFLICT_OF_INTEREST (0.2331ms)
  ✔ Attack L & M: 3 experts citing the same single paper collapse into 1 cluster (0.2268ms)
  ✔ Attack N: Retracted publication or claim must trigger RETRACTED status (0.1713ms)
  ✔ Attack O: Client credential injection without verification proof is rejected (0.2236ms)
✔ ExpertV2RedTeamAdversarialSuite (4.4447ms)
ℹ tests 10
ℹ suites 1
ℹ pass 10
ℹ fail 0
ℹ cancelled 0
ℹ skipped 0
ℹ todo 0
ℹ duration_ms 9.4738
(node:36028) ExperimentalWarning: `--experimental-loader` may be removed in the future; instead use `register()`:
--import 'data:text/javascript,import { register } from "node:module"; import { pathToFileURL } from "node:url"; register("file%3A///D%3A/StudentHub-CodexRuns/FULL_REPAIR_20261001/candidate/frontend/tests/foundation/ts-extension-loader.mjs", pathToFileURL("./"));'
(Use `node --trace-warnings ...` to show where the warning was created)
✔ production profile refuses demo-fixture DTOs and labels accepted dev fixtures (1.2887ms)
✔ Expert demo profiles and queues are not reachable through production product routes (20.7971ms)
✔ public Expert search adapter contains no private queue or case index path (0.4455ms)
ℹ tests 3
ℹ suites 0
ℹ pass 3
ℹ fail 0
ℹ cancelled 0
ℹ skipped 0
ℹ todo 0
ℹ duration_ms 26.4857
(node:24360) ExperimentalWarning: `--experimental-loader` may be removed in the future; instead use `register()`:
--import 'data:text/javascript,import { register } from "node:module"; import { pathToFileURL } from "node:url"; register("file%3A///D%3A/StudentHub-CodexRuns/FULL_REPAIR_20261001/candidate/frontend/tests/foundation/ts-extension-loader.mjs", pathToFileURL("./"));'
(Use `node --trace-warnings ...` to show where the warning was created)
✔ Expert V4 blind DTO keeps missing contract fields unknown and separates the question from the claim (0.6052ms)
✔ Expert case exposure fails closed unless the case visibility is explicitly public (0.102ms)
✔ Expert V4 uses the canonical review request and assessment APIs without browser draft persistence (0.9636ms)
✔ public Expert UI does not mount legacy reputation or cinematic surfaces (0.8984ms)
ℹ tests 4
ℹ suites 0
ℹ pass 4
ℹ fail 0
ℹ cancelled 0
ℹ skipped 0
ℹ todo 0
ℹ duration_ms 6.628
(node:29500) ExperimentalWarning: `--experimental-loader` may be removed in the future; instead use `register()`:
--import 'data:text/javascript,import { register } from "node:module"; import { pathToFileURL } from "node:url"; register("file%3A///D%3A/StudentHub-CodexRuns/FULL_REPAIR_20261001/candidate/frontend/tests/foundation/ts-extension-loader.mjs", pathToFileURL("./"));'
(Use `node --trace-warnings ...` to show where the warning was created)
✔ daily mission routes use authenticated server-owned Expert permission (1.8865ms)
✔ mission DTO keeps answer key and explanation out of the in-progress projection (1.2582ms)
✔ mission progression remains separate from credential/reputation mutations (0.4535ms)
✔ mission page exposes source link, an honest empty bank state and no per-second live announcements (0.6419ms)
✔ daily mission readback distinguishes missing verified scope from an empty validated bank (0.5242ms)
✔ daily mission assignment sends no body to the zero-byte POST contract (0.4378ms)
✔ V5 audit event and config contracts match every server-side writer (1.928ms)
✔ V5 editorial and source snapshot APIs are admin-only and source activation requires human checks (0.912ms)
✔ source registry readback exposes durable creator and creation timestamp (0.4494ms)
✔ source snapshot readback exposes stored provider outcome metadata (0.684ms)
✔ grounded question draft insert uses the source snapshot selected inside its transaction (0.409ms)
ℹ tests 11
ℹ suites 0
ℹ pass 11
ℹ fail 0
ℹ cancelled 0
ℹ skipped 0
ℹ todo 0
ℹ duration_ms 13.4008
(node:4892) ExperimentalWarning: `--experimental-loader` may be removed in the future; instead use `register()`:
--import 'data:text/javascript,import { register } from "node:module"; import { pathToFileURL } from "node:url"; register("file%3A///D%3A/StudentHub-CodexRuns/FULL_REPAIR_20261001/candidate/frontend/tests/foundation/ts-extension-loader.mjs", pathToFileURL("./"));'
(Use `node --trace-warnings ...` to show where the warning was created)
✔ mission difficulty eligibility is server-owned and separate from credential/reputation stars (1.0668ms)
✔ difficulty derives deterministically from declared evidence properties (0.1232ms)
✔ login, paywall and anti-bot source outcomes remain blocked and cannot produce a Trust answer (0.1719ms)
✔ question activation requires fetched immutable source, evidence map and human review (1.1827ms)
✔ objective evaluators are deterministic and unsupported item types fail closed (0.1869ms)
✔ question serving checks active state and freshness; changed or unavailable sources require revalidation (0.1463ms)
✔ room transitions reject shortcuts around trust and human adjudication (0.3225ms)
✔ supervisor lottery excludes host, participants, conflicts, other domains and stale presence (1.1717ms)
✔ answers stay hidden before lock except from their owner and outsiders never read them (0.1504ms)
✔ room system proposal requires evidence refs and uses a versioned deterministic rubric (0.2663ms)
✔ reputation thresholds and daily cap never penalize an ordinary wrong answer (0.1137ms)
ℹ tests 11
ℹ suites 0
ℹ pass 11
ℹ fail 0
ℹ cancelled 0
ℹ skipped 0
ℹ todo 0
ℹ duration_ms 9.2182
[QUALITY_GATE] BLOCKED_BY_EXTERNAL_GATE: frontend\tests\expert\expert_v5_live_readonly.test.mjs
(node:36812) ExperimentalWarning: `--experimental-loader` may be removed in the future; instead use `register()`:
--import 'data:text/javascript,import { register } from "node:module"; import { pathToFileURL } from "node:url"; register("file%3A///D%3A/StudentHub-CodexRuns/FULL_REPAIR_20261001/candidate/frontend/tests/foundation/ts-extension-loader.mjs", pathToFileURL("./"));'
(Use `node --trace-warnings ...` to show where the warning was created)
✔ 9. Formal Expert Assessment is absent when backend data is absent (1.1339ms)
✔ 10. Conversational Expert Response remains distinct from Formal Assessment (0.5711ms)
✔ 11. Expert Qualification renders all 8 server-owned states without simulated transitions (0.5762ms)
✔ 12. Expert Reputation Matrix only displays real signals without fake client scores (0.4946ms)
✔ 13. Multi-Expert Disagreement displays differing opinions side-by-side without forced consensus (0.3725ms)
✔ 14. Expert Review Desk Modal binds live-review.mp4 with safe fallback (0.5718ms)
ℹ tests 6
ℹ suites 0
ℹ pass 6
ℹ fail 0
ℹ cancelled 0
ℹ skipped 0
ℹ todo 0
ℹ duration_ms 8.2532
(node:13820) ExperimentalWarning: `--experimental-loader` may be removed in the future; instead use `register()`:
--import 'data:text/javascript,import { register } from "node:module"; import { pathToFileURL } from "node:url"; register("file%3A///D%3A/StudentHub-CodexRuns/FULL_REPAIR_20261001/candidate/frontend/tests/foundation/ts-extension-loader.mjs", pathToFileURL("./"));'
(Use `node --trace-warnings ...` to show where the warning was created)
✔ forum ranking orders by aggregate vote expressions with deterministic tie breaks (1.8548ms)
ℹ tests 1
ℹ suites 0
ℹ pass 1
ℹ fail 0
ℹ cancelled 0
ℹ skipped 0
ℹ todo 0
ℹ duration_ms 5.0743
(node:4628) ExperimentalWarning: `--experimental-loader` may be removed in the future; instead use `register()`:
--import 'data:text/javascript,import { register } from "node:module"; import { pathToFileURL } from "node:url"; register("file%3A///D%3A/StudentHub-CodexRuns/FULL_REPAIR_20261001/candidate/frontend/tests/foundation/ts-extension-loader.mjs", pathToFileURL("./"));'
(Use `node --trace-warnings ...` to show where the warning was created)
✔ foundation dependency direction keeps transport imports in the adapter (4.1118ms)
✔ only explicit source provenance can identify demo output (0.4666ms)
ℹ tests 2
ℹ suites 0
ℹ pass 2
ℹ fail 0
ℹ cancelled 0
ℹ skipped 0
ℹ todo 0
ℹ duration_ms 8.1422
(node:34908) ExperimentalWarning: `--experimental-loader` may be removed in the future; instead use `register()`:
--import 'data:text/javascript,import { register } from "node:module"; import { pathToFileURL } from "node:url"; register("file%3A///D%3A/StudentHub-CodexRuns/FULL_REPAIR_20261001/candidate/frontend/tests/foundation/ts-extension-loader.mjs", pathToFileURL("./"));'
(Use `node --trace-warnings ...` to show where the warning was created)
▶ explicit provider modes
  ✔ DemoProvider is deterministic, labeled, and network-free (5.6839ms)
  ✔ live selection never falls back to DemoProvider (1.0542ms)
  ✔ rejects a demo bundle supplied to the live slot (0.3254ms)
✔ explicit provider modes (7.7317ms)
▶ API adapter boundary
  ✔ rejects invalid transport responses instead of creating a result (1.6702ms)
  ✔ validates caller input before a provider call (0.3087ms)
  ✔ normalizes live community and expert DTOs without exposing backend shapes (2.8634ms)
  ✔ submits a community observation through the existing endpoint and stays partial when case scope is not echoed (0.7215ms)
  ✔ reads existing community and expert detail endpoints through canonical ports (1.0146ms)
  ✔ rejects a transport collection when a record cannot be normalized (0.6883ms)
  ✔ maps live provider failure to unavailable and never leaks the raw error (0.3417ms)
  ✔ keeps provider partial results typed and identifies the missing dependency (0.2977ms)
  ✔ preserves case/revision scope for assessment commands (0.9073ms)
  ✔ normalizes the existing Passport endpoints without granting client authority (0.8998ms)
  ✔ does not attach a Passport from a different case revision (0.1766ms)
  ✔ keeps a valid incomplete Trust pipeline partial instead of inventing success (5.0081ms)
✔ API adapter boundary (15.2982ms)
▶ safe API request behavior
  ✔ uses request identity and ignores raw backend messages (13.9561ms)
  ✔ maps timeout and abort deterministically (15.5571ms)
  ✔ maps invalid JSON to a typed response error without exposing the body (0.3773ms)
✔ safe API request behavior (30.0623ms)
ℹ tests 18
ℹ suites 3
ℹ pass 18
ℹ fail 0
ℹ cancelled 0
ℹ skipped 0
ℹ todo 0
ℹ duration_ms 57.8768
(node:22460) ExperimentalWarning: `--experimental-loader` may be removed in the future; instead use `register()`:
--import 'data:text/javascript,import { register } from "node:module"; import { pathToFileURL } from "node:url"; register("file%3A///D%3A/StudentHub-CodexRuns/FULL_REPAIR_20261001/candidate/frontend/tests/foundation/ts-extension-loader.mjs", pathToFileURL("./"));'
(Use `node --trace-warnings ...` to show where the warning was created)
✔ F02 exposes primitive, semantic, component, status, type, and motion token layers (0.8788ms)
✔ uncertainty and unavailable status tokens are not aliases for safe (0.5403ms)
✔ reduced-motion token fallback is explicit (0.1335ms)
ℹ tests 3
ℹ suites 0
ℹ pass 3
ℹ fail 0
ℹ cancelled 0
ℹ skipped 0
ℹ todo 0
ℹ duration_ms 5.4022
(node:23848) ExperimentalWarning: `--experimental-loader` may be removed in the future; instead use `register()`:
--import 'data:text/javascript,import { register } from "node:module"; import { pathToFileURL } from "node:url"; register("file%3A///D%3A/StudentHub-CodexRuns/FULL_REPAIR_20261001/candidate/frontend/tests/foundation/ts-extension-loader.mjs", pathToFileURL("./"));'
(Use `node --trace-warnings ...` to show where the warning was created)
▶ canonical UI state envelope
  ✔ preserves success, empty, and partial semantics (2.7086ms)
  ✔ requires explicit uncertainty and rejects UNKNOWN-to-SAFE presentation (0.5291ms)
  ✔ preserves conflict/unavailable/error/offline meanings (0.89ms)
✔ canonical UI state envelope (4.7537ms)
▶ stale request/run guard
  ✔ commits only the current request and run (0.2394ms)
✔ stale request/run guard (0.3171ms)
ℹ tests 4
ℹ suites 2
ℹ pass 4
ℹ fail 0
ℹ cancelled 0
ℹ skipped 0
ℹ todo 0
ℹ duration_ms 8.5726
(node:2416) ExperimentalWarning: `--experimental-loader` may be removed in the future; instead use `register()`:
--import 'data:text/javascript,import { register } from "node:module"; import { pathToFileURL } from "node:url"; register("file%3A///D%3A/StudentHub-CodexRuns/FULL_REPAIR_20261001/candidate/frontend/tests/foundation/ts-extension-loader.mjs", pathToFileURL("./"));'
(Use `node --trace-warnings ...` to show where the warning was created)
▶ EvidenceFusionAuthorityTestSuite
  ✔ should enforce official truth precedence over 10,000 viral community rumors (3.0978ms)
  ✔ should prevent AI 99% confidence from creating authoritative state without official source (0.2488ms)
✔ EvidenceFusionAuthorityTestSuite (3.9503ms)
ℹ tests 2
ℹ suites 1
ℹ pass 2
ℹ fail 0
ℹ cancelled 0
ℹ skipped 0
ℹ todo 0
ℹ duration_ms 7.3081
(node:11528) ExperimentalWarning: `--experimental-loader` may be removed in the future; instead use `register()`:
--import 'data:text/javascript,import { register } from "node:module"; import { pathToFileURL } from "node:url"; register("file%3A///D%3A/StudentHub-CodexRuns/FULL_REPAIR_20261001/candidate/frontend/tests/foundation/ts-extension-loader.mjs", pathToFileURL("./"));'
(Use `node --trace-warnings ...` to show where the warning was created)
▶ EvidenceFusionAuthorizationTestSuite
  ✔ should prevent cross-student private data leakage during public serialization (0.497ms)
✔ EvidenceFusionAuthorizationTestSuite (1.074ms)
ℹ tests 1
ℹ suites 1
ℹ pass 1
ℹ fail 0
ℹ cancelled 0
ℹ skipped 0
ℹ todo 0
ℹ duration_ms 4.8105
(node:30672) ExperimentalWarning: `--experimental-loader` may be removed in the future; instead use `register()`:
--import 'data:text/javascript,import { register } from "node:module"; import { pathToFileURL } from "node:url"; register("file%3A///D%3A/StudentHub-CodexRuns/FULL_REPAIR_20261001/candidate/frontend/tests/foundation/ts-extension-loader.mjs", pathToFileURL("./"));'
(Use `node --trace-warnings ...` to show where the warning was created)
▶ EvidenceFusionBlastRadiusTestSuite
  ✔ should compute downstream consumers impacted by deadline and exit standard updates (0.4345ms)
✔ EvidenceFusionBlastRadiusTestSuite (0.9508ms)
ℹ tests 1
ℹ suites 1
ℹ pass 1
ℹ fail 0
ℹ cancelled 0
ℹ skipped 0
ℹ todo 0
ℹ duration_ms 4.437
(node:31724) ExperimentalWarning: `--experimental-loader` may be removed in the future; instead use `register()`:
--import 'data:text/javascript,import { register } from "node:module"; import { pathToFileURL } from "node:url"; register("file%3A///D%3A/StudentHub-CodexRuns/FULL_REPAIR_20261001/candidate/frontend/tests/foundation/ts-extension-loader.mjs", pathToFileURL("./"));'
(Use `node --trace-warnings ...` to show where the warning was created)
▶ EvidenceFusionClaimAlignmentTestSuite
  ✔ should normalize diverse phrasing into the same canonical claim representation (1.8034ms)
  ✔ should correctly classify claim relation as SUPERSEDES for official timeline updates (0.1948ms)
  ✔ should correctly classify claim relation as QUALIFIES for distinct cohort scopes (0.1952ms)
✔ EvidenceFusionClaimAlignmentTestSuite (3.3097ms)
ℹ tests 3
ℹ suites 1
ℹ pass 3
ℹ fail 0
ℹ cancelled 0
ℹ skipped 0
ℹ todo 0
ℹ duration_ms 6.3427
(node:23988) ExperimentalWarning: `--experimental-loader` may be removed in the future; instead use `register()`:
--import 'data:text/javascript,import { register } from "node:module"; import { pathToFileURL } from "node:url"; register("file%3A///D%3A/StudentHub-CodexRuns/FULL_REPAIR_20261001/candidate/frontend/tests/foundation/ts-extension-loader.mjs", pathToFileURL("./"));'
(Use `node --trace-warnings ...` to show where the warning was created)
▶ EvidenceFusionContradictionTestSuite
  ✔ should trigger CONFLICTED and REQUIRES_REVIEW when two active official sources contradict each other (2.9338ms)
  ✔ should preserve expert disagreements without modifying official authoritative truth (0.386ms)
✔ EvidenceFusionContradictionTestSuite (3.9152ms)
ℹ tests 2
ℹ suites 1
ℹ pass 2
ℹ fail 0
ℹ cancelled 0
ℹ skipped 0
ℹ todo 0
ℹ duration_ms 6.8973
(node:22936) ExperimentalWarning: `--experimental-loader` may be removed in the future; instead use `register()`:
--import 'data:text/javascript,import { register } from "node:module"; import { pathToFileURL } from "node:url"; register("file%3A///D%3A/StudentHub-CodexRuns/FULL_REPAIR_20261001/candidate/frontend/tests/foundation/ts-extension-loader.mjs", pathToFileURL("./"));'
(Use `node --trace-warnings ...` to show where the warning was created)
▶ EvidenceFusionE2EGoldenScenarioTestSuite
  ✔ E2E Scenario A: Official 05/09 + Expert supports + Community reports 10/09 + AI summarizes (0.797ms)
  ✔ E2E Scenario B: Official V1 (30/08) → Official V2 (05/09) supersession (0.1402ms)
  ✔ E2E Scenario C: Official 3-day target vs Community 6-8 days → OPERATIONAL_REALITY_GAP (0.21ms)
  ✔ E2E Scenario D: AI claims 'surely deadline is 10/09' with no evidence → UNSUPPORTED (0.1608ms)
  ✔ E2E Scenario E: Two current official sources conflict → AUTHORITATIVE_CONFLICT + HUMAN_REVIEW_REQUIRED (0.231ms)
  ✔ E2E Scenario F: Expert A supports X + Expert B supports Y + Both cite same study → shared evidence cluster (0.1996ms)
  ✔ E2E Scenario G: 30 community posts copied from one article → 1 provenance cluster (0.4392ms)
  ✔ E2E Scenario H: Three scoped claims K24=550, K25=500, K20=450 → no contradiction, 3 scope partitions (0.2634ms)
  ✔ E2E Scenario I: Source retracted → DEGRADED evidence health + dependent claims identified (0.1671ms)
  ✔ E2E Scenario J: Fusion result changes → new KNO version + blast radius computed (0.1949ms)
✔ EvidenceFusionE2EGoldenScenarioTestSuite (3.6133ms)
ℹ tests 10
ℹ suites 1
ℹ pass 10
ℹ fail 0
ℹ cancelled 0
ℹ skipped 0
ℹ todo 0
ℹ duration_ms 7.3299
(node:6616) ExperimentalWarning: `--experimental-loader` may be removed in the future; instead use `register()`:
--import 'data:text/javascript,import { register } from "node:module"; import { pathToFileURL } from "node:url"; register("file%3A///D%3A/StudentHub-CodexRuns/FULL_REPAIR_20261001/candidate/frontend/tests/foundation/ts-extension-loader.mjs", pathToFileURL("./"));'
(Use `node --trace-warnings ...` to show where the warning was created)
▶ EvidenceFusionHistoryDiffTestSuite
  ✔ should generate structured Knowledge Diff between V1 and V2 (0.4363ms)
✔ EvidenceFusionHistoryDiffTestSuite (0.953ms)
ℹ tests 1
ℹ suites 1
ℹ pass 1
ℹ fail 0
ℹ cancelled 0
ℹ skipped 0
ℹ todo 0
ℹ duration_ms 4.4883
(node:26396) ExperimentalWarning: `--experimental-loader` may be removed in the future; instead use `register()`:
--import 'data:text/javascript,import { register } from "node:module"; import { pathToFileURL } from "node:url"; register("file%3A///D%3A/StudentHub-CodexRuns/FULL_REPAIR_20261001/candidate/frontend/tests/foundation/ts-extension-loader.mjs", pathToFileURL("./"));'
(Use `node --trace-warnings ...` to show where the warning was created)
▶ EvidenceFusionIndependenceTestSuite
  ✔ should recognize Official -> Expert -> AI as a linear derivation chain and not 3 independent confirmations (0.4476ms)
✔ EvidenceFusionIndependenceTestSuite (1.0055ms)
ℹ tests 1
ℹ suites 1
ℹ pass 1
ℹ fail 0
ℹ cancelled 0
ℹ skipped 0
ℹ todo 0
ℹ duration_ms 4.6582
(node:11212) ExperimentalWarning: `--experimental-loader` may be removed in the future; instead use `register()`:
--import 'data:text/javascript,import { register } from "node:module"; import { pathToFileURL } from "node:url"; register("file%3A///D%3A/StudentHub-CodexRuns/FULL_REPAIR_20261001/candidate/frontend/tests/foundation/ts-extension-loader.mjs", pathToFileURL("./"));'
(Use `node --trace-warnings ...` to show where the warning was created)
▶ EvidenceFusionKnowledgeObjectTestSuite
  ✔ should retrieve stored Knowledge Object with complete layered properties (0.4879ms)
✔ EvidenceFusionKnowledgeObjectTestSuite (0.9974ms)
ℹ tests 1
ℹ suites 1
ℹ pass 1
ℹ fail 0
ℹ cancelled 0
ℹ skipped 0
ℹ todo 0
ℹ duration_ms 4.4938
(node:13480) ExperimentalWarning: `--experimental-loader` may be removed in the future; instead use `register()`:
--import 'data:text/javascript,import { register } from "node:module"; import { pathToFileURL } from "node:url"; register("file%3A///D%3A/StudentHub-CodexRuns/FULL_REPAIR_20261001/candidate/frontend/tests/foundation/ts-extension-loader.mjs", pathToFileURL("./"));'
(Use `node --trace-warnings ...` to show where the warning was created)
▶ EvidenceFusionMetamorphicTestSuite
  ✔ Metamorphic 1: Reordering multi-layer inputs produces semantically identical Knowledge Object (3.3426ms)
  ✔ Metamorphic 2: JSON serialization roundtrip preserves entity structure and state (0.3057ms)
✔ EvidenceFusionMetamorphicTestSuite (4.2421ms)
ℹ tests 2
ℹ suites 1
ℹ pass 2
ℹ fail 0
ℹ cancelled 0
ℹ skipped 0
ℹ todo 0
ℹ duration_ms 7.6531
(node:24808) ExperimentalWarning: `--experimental-loader` may be removed in the future; instead use `register()`:
--import 'data:text/javascript,import { register } from "node:module"; import { pathToFileURL } from "node:url"; register("file%3A///D%3A/StudentHub-CodexRuns/FULL_REPAIR_20261001/candidate/frontend/tests/foundation/ts-extension-loader.mjs", pathToFileURL("./"));'
(Use `node --trace-warnings ...` to show where the warning was created)
▶ EvidenceFusionModelTestSuite
  ✔ should create immutable canonical claims with appropriate authority class and hash (1.8392ms)
  ✔ should create canonical Knowledge Objects with complete four-layer components (0.3076ms)
  ✔ should redact private student metadata and contact information in redactForPublic (0.1507ms)
✔ EvidenceFusionModelTestSuite (2.9029ms)
ℹ tests 3
ℹ suites 1
ℹ pass 3
ℹ fail 0
ℹ cancelled 0
ℹ skipped 0
ℹ todo 0
ℹ duration_ms 6.8711
(node:33680) ExperimentalWarning: `--experimental-loader` may be removed in the future; instead use `register()`:
--import 'data:text/javascript,import { register } from "node:module"; import { pathToFileURL } from "node:url"; register("file%3A///D%3A/StudentHub-CodexRuns/FULL_REPAIR_20261001/candidate/frontend/tests/foundation/ts-extension-loader.mjs", pathToFileURL("./"));'
(Use `node --trace-warnings ...` to show where the warning was created)
▶ EvidenceFusionMutationTestSuite
  ✔ Mutant 1: community → official mutation — Community claim MUST NOT be treated as official truth (2.3493ms)
  ✔ Mutant 2: expert → official mutation — Expert interpretation MUST NOT become official policy (0.2435ms)
  ✔ Mutant 3: AI → official mutation — AI synthesis MUST NOT create authoritative academic truth (0.1858ms)
  ✔ Mutant 4: duplicate → independent mutation — Duplicate provenance MUST NOT inflate independence count (0.511ms)
  ✔ Mutant 5: old → current mutation — Historical source MUST NOT silently become current (0.1002ms)
  ✔ Mutant 6: contradiction → ignored mutation — Contradictions MUST be recorded, never silently dropped (0.2368ms)
  ✔ Mutant 7: scope mismatch → merged mutation — Disjoint scopes MUST NOT be merged as contradictions (0.1714ms)
  ✔ Mutant 8: retracted → active mutation — Retracted evidence MUST NOT remain active (0.1745ms)
  ✔ Mutant 9: fusion order affects result mutation — Order invariance must hold (0.26ms)
  ✔ Mutant 10: client authority accepted mutation — Client-injected authority class MUST be overridden (0.1965ms)
  ✔ Mutant 11: weighted-average fallback mutation — System MUST NOT use numeric averaging for truth determination (0.1882ms)
  ✔ Mutant 12: Knowledge Object immutability mutation — Frozen objects MUST NOT be modifiable (0.3193ms)
✔ EvidenceFusionMutationTestSuite (5.7547ms)
ℹ tests 12
ℹ suites 1
ℹ pass 12
ℹ fail 0
ℹ cancelled 0
ℹ skipped 0
ℹ todo 0
ℹ duration_ms 10.1675
(node:6600) ExperimentalWarning: `--experimental-loader` may be removed in the future; instead use `register()`:
--import 'data:text/javascript,import { register } from "node:module"; import { pathToFileURL } from "node:url"; register("file%3A///D%3A/StudentHub-CodexRuns/FULL_REPAIR_20261001/candidate/frontend/tests/foundation/ts-extension-loader.mjs", pathToFileURL("./"));'
(Use `node --trace-warnings ...` to show where the warning was created)
▶ EvidenceFusionPropertyTestSuite
  ✔ Property 1: Idempotency — Fusing identical input claims produces identical Knowledge Objects (3.0725ms)
  ✔ Property 2: Order Invariance — Shuffling input claim order has zero effect on authoritative outcome (0.3677ms)
  ✔ Property 3: Client Injected Authority Immunity — Unverified source cannot claim INSTITUTIONAL_AUTHORITY (0.1871ms)
  ✔ Property 4: Non-Democratic Invariance — Upvote counts have zero weight in truth determination (0.2706ms)
✔ EvidenceFusionPropertyTestSuite (4.5735ms)
ℹ tests 4
ℹ suites 1
ℹ pass 4
ℹ fail 0
ℹ cancelled 0
ℹ skipped 0
ℹ todo 0
ℹ duration_ms 7.9005
(node:28012) ExperimentalWarning: `--experimental-loader` may be removed in the future; instead use `register()`:
--import 'data:text/javascript,import { register } from "node:module"; import { pathToFileURL } from "node:url"; register("file%3A///D%3A/StudentHub-CodexRuns/FULL_REPAIR_20261001/candidate/frontend/tests/foundation/ts-extension-loader.mjs", pathToFileURL("./"));'
(Use `node --trace-warnings ...` to show where the warning was created)
▶ EvidenceFusionProvenanceTestSuite
  ✔ should trace complete backward lineage DAG from Knowledge Object to Official Source (0.5382ms)
✔ EvidenceFusionProvenanceTestSuite (1.1591ms)
ℹ tests 1
ℹ suites 1
ℹ pass 1
ℹ fail 0
ℹ cancelled 0
ℹ skipped 0
ℹ todo 0
ℹ duration_ms 4.7926
(node:37848) ExperimentalWarning: `--experimental-loader` may be removed in the future; instead use `register()`:
--import 'data:text/javascript,import { register } from "node:module"; import { pathToFileURL } from "node:url"; register("file%3A///D%3A/StudentHub-CodexRuns/FULL_REPAIR_20261001/candidate/frontend/tests/foundation/ts-extension-loader.mjs", pathToFileURL("./"));'
(Use `node --trace-warnings ...` to show where the warning was created)
▶ EvidenceFusionRedTeamTestSuite
  ✔ Attack A: 10,000 forum posts MUST NOT overpower a single official source (3.4954ms)
  ✔ Attack B: Expert authority spoof — community claim labeled EXPERT must not gain expert privilege (0.2977ms)
  ✔ Attack C: AI confidence 99% must NOT create AUTHORITATIVE state without official source (0.2443ms)
  ✔ Attack D: AI + Expert + Community unanimous but NO official source must NOT reach AUTHORITATIVE (0.2205ms)
  ✔ Attack E: Old official source + newer forum rumor — old official still takes precedence over forum (0.1835ms)
  ✔ Attack F: New official source + old official mirror — newer wins via supersession (0.2112ms)
  ✔ Attack G: 30 copied community posts must collapse into 1 provenance cluster, not 30 independent confirmations (0.5275ms)
  ✔ Attack H: Expert cites same official source as AI — shared evidence cluster, not independent (0.2004ms)
  ✔ Attack I: Community observes gap but falsely claims policy violation — no policy mutation (0.2306ms)
  ✔ Attack J: Scope mismatch — K24 claim must not merge with K26 claim (0.2469ms)
  ✔ Attack K: Temporal mismatch — historical source must not override current source (0.1616ms)
  ✔ Attack L: Source laundering — Forum cites Expert who cites Official. Must not count as 3 independent sources (0.1554ms)
  ✔ Attack M: Retracted source must trigger DEGRADED evidence health (0.1353ms)
  ✔ Attack N: Fake citation in community claim must not elevate to AUTHORITATIVE (0.136ms)
  ✔ Attack O: Client injects AUTHORITATIVE state directly — server must override based on evidence (0.108ms)
✔ EvidenceFusionRedTeamTestSuite (7.4575ms)
ℹ tests 15
ℹ suites 1
ℹ pass 15
ℹ fail 0
ℹ cancelled 0
ℹ skipped 0
ℹ todo 0
ℹ duration_ms 11.915
(node:37836) ExperimentalWarning: `--experimental-loader` may be removed in the future; instead use `register()`:
--import 'data:text/javascript,import { register } from "node:module"; import { pathToFileURL } from "node:url"; register("file%3A///D%3A/StudentHub-CodexRuns/FULL_REPAIR_20261001/candidate/frontend/tests/foundation/ts-extension-loader.mjs", pathToFileURL("./"));'
(Use `node --trace-warnings ...` to show where the warning was created)
▶ EvidenceFusionScopeTestSuite
  ✔ should recognize that K24, K25, K20 claims are distinct scope partitions and not contradictions (0.4522ms)
  ✔ should partition a collection of claims by scope dimension cleanly (0.1594ms)
✔ EvidenceFusionScopeTestSuite (1.2621ms)
ℹ tests 2
ℹ suites 1
ℹ pass 2
ℹ fail 0
ℹ cancelled 0
ℹ skipped 0
ℹ todo 0
ℹ duration_ms 4.8198
(node:30556) ExperimentalWarning: `--experimental-loader` may be removed in the future; instead use `register()`:
--import 'data:text/javascript,import { register } from "node:module"; import { pathToFileURL } from "node:url"; register("file%3A///D%3A/StudentHub-CodexRuns/FULL_REPAIR_20261001/candidate/frontend/tests/foundation/ts-extension-loader.mjs", pathToFileURL("./"));'
(Use `node --trace-warnings ...` to show where the warning was created)
▶ EvidenceFusionSupersessionTestSuite
  ✔ should invalidate old official version when newer regulation version is published (0.5434ms)
✔ EvidenceFusionSupersessionTestSuite (1.1043ms)
ℹ tests 1
ℹ suites 1
ℹ pass 1
ℹ fail 0
ℹ cancelled 0
ℹ skipped 0
ℹ todo 0
ℹ duration_ms 5.0032
(node:26488) ExperimentalWarning: `--experimental-loader` may be removed in the future; instead use `register()`:
--import 'data:text/javascript,import { register } from "node:module"; import { pathToFileURL } from "node:url"; register("file%3A///D%3A/StudentHub-CodexRuns/FULL_REPAIR_20261001/candidate/frontend/tests/foundation/ts-extension-loader.mjs", pathToFileURL("./"));'
(Use `node --trace-warnings ...` to show where the warning was created)
▶ EvidenceFusionTemporalTestSuite
  ✔ should evaluate supersession when a newer official notice replaces an older one (0.4261ms)
  ✔ should categorize 3-year old claims as HISTORICAL_SUPERSEDED (0.6071ms)
✔ EvidenceFusionTemporalTestSuite (1.6462ms)
ℹ tests 2
ℹ suites 1
ℹ pass 2
ℹ fail 0
ℹ cancelled 0
ℹ skipped 0
ℹ todo 0
ℹ duration_ms 5.301
(node:12600) ExperimentalWarning: `--experimental-loader` may be removed in the future; instead use `register()`:
--import 'data:text/javascript,import { register } from "node:module"; import { pathToFileURL } from "node:url"; register("file%3A///D%3A/StudentHub-CodexRuns/FULL_REPAIR_20261001/candidate/frontend/tests/foundation/ts-extension-loader.mjs", pathToFileURL("./"));'
(Use `node --trace-warnings ...` to show where the warning was created)
▶ EvidenceFusionUIContractTestSuite
  ✔ should provide all Knowledge Objects via getAll() for server-side rendering (0.5584ms)
  ✔ should return null for non-existent Knowledge Object IDs (0.1105ms)
  ✔ should return structured Knowledge Diff with explanation for version history (0.1357ms)
  ✔ should ensure Knowledge Object contract includes all required canonical fields (0.0889ms)
✔ EvidenceFusionUIContractTestSuite (1.5328ms)
ℹ tests 4
ℹ suites 1
ℹ pass 4
ℹ fail 0
ℹ cancelled 0
ℹ skipped 0
ℹ todo 0
ℹ duration_ms 5.556
(node:34048) ExperimentalWarning: `--experimental-loader` may be removed in the future; instead use `register()`:
--import 'data:text/javascript,import { register } from "node:module"; import { pathToFileURL } from "node:url"; register("file%3A///D%3A/StudentHub-CodexRuns/FULL_REPAIR_20261001/candidate/frontend/tests/foundation/ts-extension-loader.mjs", pathToFileURL("./"));'
(Use `node --trace-warnings ...` to show where the warning was created)
✔ bounded transient failover advances through models and never calls OpenAI (4.9141ms)
✔ successful structured Gemini output is parsed, validated, and consumed (0.3253ms)
✔ Layer 4 remains deterministic and retains the model trace when all Gemini models fail (4.2651ms)
✔ cost and latency budgets remain explicit synthetic assumptions (0.1288ms)
ℹ tests 4
ℹ suites 0
ℹ pass 4
ℹ fail 0
ℹ cancelled 0
ℹ skipped 0
ℹ todo 0
ℹ duration_ms 13.2989
(node:19452) ExperimentalWarning: `--experimental-loader` may be removed in the future; instead use `register()`:
--import 'data:text/javascript,import { register } from "node:module"; import { pathToFileURL } from "node:url"; register("file%3A///D%3A/StudentHub-CodexRuns/FULL_REPAIR_20261001/candidate/frontend/tests/foundation/ts-extension-loader.mjs", pathToFileURL("./"));'
(Use `node --trace-warnings ...` to show where the warning was created)
▶ Geospatial Protocol 1: Location Quality & Spike Detection
  ✔ should evaluate accuracy radius and grade location quality (0.471ms)
  ✔ should detect impossible teleportation spikes (e.g. 20km in 2s) (0.2297ms)
  ✔ should smooth GPS jitter while keeping raw observations untouched (0.1242ms)
✔ Geospatial Protocol 1: Location Quality & Spike Detection (1.4421ms)
▶ Geospatial Protocol 2: Map Matching & Campus Context
  ✔ should snap coordinates to road segments with confidence (0.2042ms)
  ✔ should resolve HCMUTE campus context and state indoor limitations (0.1961ms)
✔ Geospatial Protocol 2: Map Matching & Campus Context (0.5032ms)
▶ Geospatial Protocol 3: Segment-Level Risk & Traffic Modes
  ✔ should isolate risk to specific road segments instead of labeling entire route (0.4242ms)
  ✔ should distinguish Google Routes traffic modes (0.0885ms)
  ✔ should detect geofenced safe arrival in Trip Companion session (0.8336ms)
  ✔ should execute full 7-stage master geospatial orchestration (0.3663ms)
✔ Geospatial Protocol 3: Segment-Level Risk & Traffic Modes (1.8925ms)
ℹ tests 9
ℹ suites 3
ℹ pass 9
ℹ fail 0
ℹ cancelled 0
ℹ skipped 0
ℹ todo 0
ℹ duration_ms 8.1524
(node:26244) ExperimentalWarning: `--experimental-loader` may be removed in the future; instead use `register()`:
--import 'data:text/javascript,import { register } from "node:module"; import { pathToFileURL } from "node:url"; register("file%3A///D%3A/StudentHub-CodexRuns/FULL_REPAIR_20261001/candidate/frontend/tests/foundation/ts-extension-loader.mjs", pathToFileURL("./"));'
(Use `node --trace-warnings ...` to show where the warning was created)
▶ friend backend authoritative trust pipeline
  ✔ sends the PowerShell text contract and never replaces the friend's final verdict (14.1864ms)
  ✔ uses local Tavily only as Layer 3 evidence recovery and keeps friend L4 authoritative (2.1026ms)
  ✔ fires the L1 handoff with the user's original Trust input (1.5044ms)
✔ friend backend authoritative trust pipeline (18.4494ms)
ℹ tests 3
ℹ suites 1
ℹ pass 3
ℹ fail 0
ℹ cancelled 0
ℹ skipped 0
ℹ todo 0
ℹ duration_ms 21.8636
(node:15716) ExperimentalWarning: `--experimental-loader` may be removed in the future; instead use `register()`:
--import 'data:text/javascript,import { register } from "node:module"; import { pathToFileURL } from "node:url"; register("file%3A///D%3A/StudentHub-CodexRuns/FULL_REPAIR_20261001/candidate/frontend/tests/foundation/ts-extension-loader.mjs", pathToFileURL("./"));'
(Use `node --trace-warnings ...` to show where the warning was created)
▶ legacy four-layer anti-corruption adapter
  ✔ normalizes Layer 2 SAFE/no-match without converting it to safe proof (6.3399ms)
  ✔ retains Layer 2 DANGEROUS and UNKNOWN as distinct findings (0.6298ms)
  ✔ uses the friend's exact image contract across Layers 2, 3, and 4 (14.1585ms)
  ✔ forwards the normalized text Layer 2 result to the friend's Layer 3/4 contract (0.6518ms)
  ✔ maps Layer 2 outage to UNAVAILABLE and never DEMO (0.3278ms)
  ✔ maps a malformed Layer 2 payload to typed invalid response without provider truth (0.2799ms)
  ✔ sends only bounded server-side JSON and rejects non-JSON responses (0.5092ms)
  ✔ redacts sensitive URL query material before the Layer 2 provider boundary (0.3358ms)
  ✔ rejects oversized responses before JSON parsing (0.2529ms)
  ✔ times out a hanging legacy request without retrying or substituting demo data (311.2356ms)
  ✔ propagates caller cancellation instead of converting it to provider outage (0.5795ms)
  ✔ fails closed for a private legacy backend target before issuing a request (0.2106ms)
  ✔ preserves Layer 3 TRUE/FALSE/UNKNOWN and validated continuation (1.1834ms)
  ✔ does not promote a high-confidence TRUE claim without evidence-backed provenance (0.2277ms)
  ✔ does not auto-continue an unavailable Layer 3 verdict when continuation is omitted (0.1496ms)
  ✔ rejects malformed Layer 3 continuation and maps it to unavailable (0.2924ms)
  ✔ normalizes Layer 4 TRUE/FALSE/UNKNOWN, contradictions, and model confidence separately (0.1601ms)
  ✔ keeps Layer 4 sources separate from Layer 3 sources (0.3567ms)
  ✔ returns explicit NOT_CONFIGURED without a demo fallback (0.1527ms)
  ✔ projects only normalized records into TrustGraph and Passport descriptors (1.1754ms)
  ✔ does not equate legacy assessment confidence with safety probability (0.3763ms)
  ✔ preserves distinct Layer 3 and Layer 4 provenance when IDs and URLs overlap (0.6513ms)
✔ legacy four-layer anti-corruption adapter (341.5367ms)
ℹ tests 22
ℹ suites 1
ℹ pass 22
ℹ fail 0
ℹ cancelled 0
ℹ skipped 0
ℹ todo 0
ℹ duration_ms 345.224
(node:10408) ExperimentalWarning: `--experimental-loader` may be removed in the future; instead use `register()`:
--import 'data:text/javascript,import { register } from "node:module"; import { pathToFileURL } from "node:url"; register("file%3A///D%3A/StudentHub-CodexRuns/FULL_REPAIR_20261001/candidate/frontend/tests/foundation/ts-extension-loader.mjs", pathToFileURL("./"));'
(Use `node --trace-warnings ...` to show where the warning was created)
▶ canonical Trust orchestrator and legacy layer boundary
  ✔ runs legacy L2/L3/L4 behind the server orchestrator and retains canonical projections (18.243ms)
  ✔ enforces Layer 3 continuation server-side and skips legacy synthesis without treating it as pass (3.2014ms)
  ✔ marks an optional legacy Layer 4 outage as partial while preserving local deterministic policy (2.9928ms)
✔ canonical Trust orchestrator and legacy layer boundary (25.5139ms)
ℹ tests 3
ℹ suites 1
ℹ pass 3
ℹ fail 0
ℹ cancelled 0
ℹ skipped 0
ℹ todo 0
ℹ duration_ms 28.7612
(node:33104) ExperimentalWarning: `--experimental-loader` may be removed in the future; instead use `register()`:
--import 'data:text/javascript,import { register } from "node:module"; import { pathToFileURL } from "node:url"; register("file%3A///D%3A/StudentHub-CodexRuns/FULL_REPAIR_20261001/candidate/frontend/tests/foundation/ts-extension-loader.mjs", pathToFileURL("./"));'
(Use `node --trace-warnings ...` to show where the warning was created)
▶ Trust Render backend wiring
  ✔ accepts the existing friend-backend URL as a server-only compatibility alias (3.2782ms)
  ✔ attaches configured Friend observations as shadow while StudentHub completes the four-layer pipeline (999.4028ms)
✔ Trust Render backend wiring (1003.3774ms)
ℹ tests 2
ℹ suites 1
ℹ pass 2
ℹ fail 0
ℹ cancelled 0
ℹ skipped 0
ℹ todo 0
ℹ duration_ms 1006.0806
(node:8740) ExperimentalWarning: `--experimental-loader` may be removed in the future; instead use `register()`:
--import 'data:text/javascript,import { register } from "node:module"; import { pathToFileURL } from "node:url"; register("file%3A///D%3A/StudentHub-CodexRuns/FULL_REPAIR_20261001/candidate/frontend/tests/foundation/ts-extension-loader.mjs", pathToFileURL("./"));'
(Use `node --trace-warnings ...` to show where the warning was created)
▶ GenSpark AI Drive read-only bridge
  ✔ normalizes safe paths and rejects traversal, relative, control, and backslash paths (0.7359ms)
  ✔ reports configuration without exposing the token (0.4132ms)
  ✔ rejects custom or non-HTTPS origins unless explicitly allowlisted (0.1413ms)
  ✔ lists bounded normalized items through the documented SDK endpoint (15.9068ms)
  ✔ maps provider authentication errors without returning provider bodies (0.3839ms)
✔ GenSpark AI Drive read-only bridge (18.5362ms)
ℹ tests 5
ℹ suites 1
ℹ pass 5
ℹ fail 0
ℹ cancelled 0
ℹ skipped 0
ℹ todo 0
ℹ duration_ms 22.9358
(node:16220) ExperimentalWarning: `--experimental-loader` may be removed in the future; instead use `register()`:
--import 'data:text/javascript,import { register } from "node:module"; import { pathToFileURL } from "node:url"; register("file%3A///D%3A/StudentHub-CodexRuns/FULL_REPAIR_20261001/candidate/frontend/tests/foundation/ts-extension-loader.mjs", pathToFileURL("./"));'
(Use `node --trace-warnings ...` to show where the warning was created)
✔ SHADOW persists and leases an event without opening transport; STAGING catches it up (15.0045ms)
✔ outbox event identity is idempotent and conflicts on a changed hash (0.3475ms)
✔ timeout after receiver commit retries the same event without a second business effect (0.7647ms)
✔ retry backoff, permanent conflict, and lease expiry are explicit worker states (1.928ms)
✔ SKIP LOCKED permits multiple workers and lease tokens prevent stale completion (1.2814ms)
✔ Trust transaction contract places outbox insert before COMMIT and rolls back together (0.1709ms)
✔ Labbe authority is observation-only and assurance freshness is authorization-gated (0.2729ms)
ℹ tests 7
ℹ suites 0
ℹ pass 7
ℹ fail 0
ℹ cancelled 0
ℹ skipped 0
ℹ todo 0
ℹ duration_ms 23.4978
(node:21320) ExperimentalWarning: `--experimental-loader` may be removed in the future; instead use `register()`:
--import 'data:text/javascript,import { register } from "node:module"; import { pathToFileURL } from "node:url"; register("file%3A///D%3A/StudentHub-CodexRuns/FULL_REPAIR_20261001/candidate/frontend/tests/foundation/ts-extension-loader.mjs", pathToFileURL("./"));'
(Use `node --trace-warnings ...` to show where the warning was created)
✔ Labbe bridge emits a canonical minimal hashed Trust signal (3.1845ms)
✔ DISABLED and SHADOW never open a network request; SHADOW remains outbox-backed (0.3646ms)
✔ CONTROLLED is recognized but disabled for this closure pass (0.2113ms)
✔ STAGING requires HTTPS, workload scope, and pins auth/classification headers (14.7799ms)
✔ transport rejects unknown/private payload fields and detects hash mismatch before network (0.2931ms)
✔ receiver conflict and timeout remain typed delivery outcomes (0.467ms)
ℹ tests 6
ℹ suites 0
ℹ pass 6
ℹ fail 0
ℹ cancelled 0
ℹ skipped 0
ℹ todo 0
ℹ duration_ms 23.7267
(node:21464) ExperimentalWarning: `--experimental-loader` may be removed in the future; instead use `register()`:
--import 'data:text/javascript,import { register } from "node:module"; import { pathToFileURL } from "node:url"; register("file%3A///D%3A/StudentHub-CodexRuns/FULL_REPAIR_20261001/candidate/frontend/tests/foundation/ts-extension-loader.mjs", pathToFileURL("./"));'
(Use `node --trace-warnings ...` to show where the warning was created)
✔ Node StudentHub canonical JSON matches every golden vector (1.0886ms)
✔ different object key ordering has identical canonical bytes and hash (0.1849ms)
✔ Python Labbe reference verifier matches the same golden vectors (109.4408ms)
ℹ tests 3
ℹ suites 0
ℹ pass 3
ℹ fail 0
ℹ cancelled 0
ℹ skipped 0
ℹ todo 0
ℹ duration_ms 113.9843
(node:4352) ExperimentalWarning: `--experimental-loader` may be removed in the future; instead use `register()`:
--import 'data:text/javascript,import { register } from "node:module"; import { pathToFileURL } from "node:url"; register("file%3A///D%3A/StudentHub-CodexRuns/FULL_REPAIR_20261001/candidate/frontend/tests/foundation/ts-extension-loader.mjs", pathToFileURL("./"));'
(Use `node --trace-warnings ...` to show where the warning was created)
﹣ real Labbe STAGING transport: TLS, workload auth, scope, classification, Unicode hash, duplicate, and conflict (0.4483ms) # LABBE_STAGING_BLOCKED_BY_ENV: missing STUDENTHUB_LABBE_BASE_URL, STUDENTHUB_LABBE_TOKEN, STUDENTHUB_LABBE_SCOPE, STUDENTHUB_LABBE_TEST_DATABASE_URL
﹣ real Labbe STAGING rejects wrong workload token and wrong scope (0.0684ms) # LABBE_STAGING_BLOCKED_BY_ENV: missing STUDENTHUB_LABBE_BASE_URL, STUDENTHUB_LABBE_TOKEN, STUDENTHUB_LABBE_SCOPE, STUDENTHUB_LABBE_TEST_DATABASE_URL
﹣ real Labbe STAGING transaction, restart, lease worker, and catch-up gate (0.0763ms) # LABBE_STAGING_BLOCKED_BY_ENV: missing STUDENTHUB_LABBE_BASE_URL, STUDENTHUB_LABBE_TOKEN, STUDENTHUB_LABBE_SCOPE, STUDENTHUB_LABBE_TEST_DATABASE_URL
﹣ real Labbe receiver timeout is observable and retryable (0.0434ms) # LABBE_STAGING_BLOCKED_BY_ENV: STUDENTHUB_LABBE_TIMEOUT_URL is required for the controlled timeout probe
﹣ real Labbe receiver outage remains unavailable (0.0593ms) # LABBE_STAGING_BLOCKED_BY_ENV: STUDENTHUB_LABBE_OUTAGE_URL is required for the controlled outage probe
ℹ tests 5
ℹ suites 0
ℹ pass 0
ℹ fail 0
ℹ cancelled 0
ℹ skipped 5
ℹ todo 0
ℹ duration_ms 4.8007
(node:16744) ExperimentalWarning: `--experimental-loader` may be removed in the future; instead use `register()`:
--import 'data:text/javascript,import { register } from "node:module"; import { pathToFileURL } from "node:url"; register("file%3A///D%3A/StudentHub-CodexRuns/FULL_REPAIR_20261001/candidate/frontend/tests/foundation/ts-extension-loader.mjs", pathToFileURL("./"));'
(Use `node --trace-warnings ...` to show where the warning was created)
✔ OSS reference ledger records licenses and concept-only boundaries (0.6928ms)
✔ Promax runtime does not import the reference projects as dependencies (1.0737ms)
ℹ tests 2
ℹ suites 0
ℹ pass 2
ℹ fail 0
ℹ cancelled 0
ℹ skipped 0
ℹ todo 0
ℹ duration_ms 6.0362
(node:15844) ExperimentalWarning: `--experimental-loader` may be removed in the future; instead use `register()`:
--import 'data:text/javascript,import { register } from "node:module"; import { pathToFileURL } from "node:url"; register("file%3A///D%3A/StudentHub-CodexRuns/FULL_REPAIR_20261001/candidate/frontend/tests/foundation/ts-extension-loader.mjs", pathToFileURL("./"));'
(Use `node --trace-warnings ...` to show where the warning was created)
======================================================================
🔬 STUDENTHUB AI — AUDIT V2 ADVERSARIAL TEST SUITE
======================================================================
▶ [AUDIT-V2-01] Input Contract: Fail-Closed on Invalid Input
  ✔ evaluateRisk(null) → INSUFFICIENT_DATA, no crash (1.7914ms)
  ✔ evaluateRisk(undefined) → INSUFFICIENT_DATA, no crash (0.1217ms)
  ✔ evaluateRisk({}) → INSUFFICIENT_DATA (no usable url or text) (0.1127ms)
  ✔ evaluateRisk({ url: '' }) → INSUFFICIENT_DATA (0.0692ms)
  ✔ evaluateRisk({ text: '' }) → INSUFFICIENT_DATA (0.0878ms)
  ✔ evaluateRisk({ url: '   ', text: '  ' }) → INSUFFICIENT_DATA (whitespace only) (0.069ms)
  ✔ evaluateRisk(42) → INSUFFICIENT_DATA (non-object) (0.0595ms)
  ✔ evaluateRisk('string') → INSUFFICIENT_DATA (non-object) (0.0533ms)
  ✔ evaluateRisk([]) → INSUFFICIENT_DATA (array is not valid payload) (0.1198ms)
  ✔ evaluateRisk({ url: null, text: null }) → INSUFFICIENT_DATA (null fields) (0.1239ms)
  ✔ evaluateRisk({ url: 123, text: true }) → INSUFFICIENT_DATA (wrong types) (0.1403ms)
  ✔ evaluateRisk({ metadata: null }) → INSUFFICIENT_DATA (no url/text with null metadata) (0.0811ms)
✔ [AUDIT-V2-01] Input Contract: Fail-Closed on Invalid Input (3.6939ms)
▶ [AUDIT-V2-02] URL Canonicalization & Domain Trust
  ✔ should handle case-insensitive URLs correctly: HTTPS://HCMUTE.EDU.VN (1.6507ms)
  ✔ should strip trailing dot: hcmute.edu.vn. → hcmute.edu.vn (0.9919ms)
  ✔ should detect userinfo attack: hcmute.edu.vn@attacker.com (1.1323ms)
  ✔ should NOT inherit official trust for attacker suffix: hcmute.edu.vn.attacker.com (0.1606ms)
  ✔ should NOT inherit official trust for path-only: attacker.com/hcmute.edu.vn (0.17ms)
  ✔ should correctly identify official subdomain: daotao.hcmute.edu.vn (0.1099ms)
✔ [AUDIT-V2-02] URL Canonicalization & Domain Trust (4.3601ms)
▶ [AUDIT-V2-03] Homoglyph & IDN Detection (Corrected Punycode)
  ✔ should detect Cyrillic е (U+0435) in raw URL as homoglyph attack (1.7717ms)
  ✔ should detect correct Punycode xn--hcmut-3we.edu.vn as confusable with hcmute (0.1909ms)
  ✔ should NOT flag legitimate unrelated IDN domain as malicious (0.2178ms)
  ✔ should NOT flag normal ASCII domain as homoglyph (0.1653ms)
✔ [AUDIT-V2-03] Homoglyph & IDN Detection (Corrected Punycode) (2.433ms)
▶ [AUDIT-V2-04] Payment Fraud with Digit Obfuscation
  ✔ should detect spaced digits: Momo: 0 9 8 7 6 5 4 3 2 1 (0.2076ms)
  ✔ should detect dashed digits: Momo: 0987-654-321 (0.1919ms)
  ✔ should detect dotted digits: ZaloPay: 0987.654.321 (0.0838ms)
  ✔ should still detect normal compact digits: Momo: 0987654321 (0.064ms)
✔ [AUDIT-V2-04] Payment Fraud with Digit Obfuscation (0.6225ms)
▶ [AUDIT-V2-05] False Positive Matrix — Legitimate Content Must NOT Be Fraud
  ✔ should NOT flag legitimate official login instructions as credential theft (0.1576ms)
  ✔ should NOT flag official TOEIC update from TIER_1 as fraud (0.1121ms)
  ✔ should NOT flag official bank account (Trường Đại học Sư phạm Kỹ thuật) as personal payment (0.2243ms)
  ✔ should NOT flag legitimate scholarship announcement (0.1056ms)
✔ [AUDIT-V2-05] False Positive Matrix — Legitimate Content Must NOT Be Fraud (0.7174ms)
▶ [AUDIT-V2-06] False Negative Matrix — Attacks Must Be Detected
  ✔ should detect credential exfiltration with semantic paraphrasing (0.1484ms)
  ✔ should detect zero-width character evasion (0.093ms)
  ✔ should detect financial pressure without explicit payment (0.0628ms)
✔ [AUDIT-V2-06] False Negative Matrix — Attacks Must Be Detected (0.3673ms)
▶ [AUDIT-V2-07] Hard Rule Precedence Over Composite Score
  ✔ should BLOCK even when only one hard rule fires and other dimensions are low (0.0756ms)
✔ [AUDIT-V2-07] Hard Rule Precedence Over Composite Score (0.1079ms)
▶ [AUDIT-V2-08] Evidence Completeness Replaces Hardcoded Confidence
  ✔ should have evidenceCompleteness instead of hardcoded confidence (0.0915ms)
  ✔ should have higher evidenceCompleteness when more dimensions have signal (0.1027ms)
✔ [AUDIT-V2-08] Evidence Completeness Replaces Hardcoded Confidence (0.2657ms)
▶ [AUDIT-V2-09] Rejected: Vietnamese Đ/đ Regex Works with /i Flag
  ✔ /trường đại học sư phạm kỹ thuật/i matches 'Trường Đại học Sư phạm Kỹ thuật TP.HCM' (0.1491ms)
  ✔ official beneficiary check correctly identifies 'Trường Đại học Sư phạm Kỹ thuật' as official (0.076ms)
✔ [AUDIT-V2-09] Rejected: Vietnamese Đ/đ Regex Works with /i Flag (0.2818ms)
▶ [AUDIT-V2-10] Fail-Closed: No Error Path Returns VERIFIED_OFFICIAL
  ✔ evaluateRisk(null) must NOT return VERIFIED_OFFICIAL (0.1158ms)
  ✔ evaluateRisk(undefined) must NOT return VERIFIED_OFFICIAL (0.0287ms)
  ✔ evaluateRisk({}) must NOT return VERIFIED_OFFICIAL (0.0369ms)
  ✔ evaluateRisk({ url: '' }) must NOT return VERIFIED_OFFICIAL (0.0229ms)
  ✔ evaluateRisk({ text: '' }) must NOT return VERIFIED_OFFICIAL (0.0181ms)
  ✔ evaluateRisk({ url: null }) must NOT return VERIFIED_OFFICIAL (0.0224ms)
  ✔ evaluateRisk({ text: null }) must NOT return VERIFIED_OFFICIAL (0.0187ms)
  ✔ evaluateRisk(42) must NOT return VERIFIED_OFFICIAL (0.0166ms)
  ✔ evaluateRisk('string') must NOT return VERIFIED_OFFICIAL (0.0192ms)
  ✔ evaluateRisk([]) must NOT return VERIFIED_OFFICIAL (0.0378ms)
  ✔ evaluateRisk(true) must NOT return VERIFIED_OFFICIAL (0.0211ms)
  ✔ evaluateRisk({ metadata: {} }) must NOT return VERIFIED_OFFICIAL (0.0256ms)
✔ [AUDIT-V2-10] Fail-Closed: No Error Path Returns VERIFIED_OFFICIAL (0.9436ms)
▶ [AUDIT-V2-11] Security Property Tests
  ✔ PROPERTY A: Equivalent URL representations → equivalent trust decisions (0.2323ms)
  ✔ PROPERTY B: Adding harmless text should NOT remove a hard malicious signal (0.1036ms)
  ✔ PROPERTY C: No malformed input produces VERIFIED_OFFICIAL (comprehensive) (0.0702ms)
✔ [AUDIT-V2-11] Security Property Tests (0.4809ms)
ℹ tests 53
ℹ suites 11
ℹ pass 53
ℹ fail 0
ℹ cancelled 0
ℹ skipped 0
ℹ todo 0
ℹ duration_ms 20.6847
(node:29544) ExperimentalWarning: `--experimental-loader` may be removed in the future; instead use `register()`:
--import 'data:text/javascript,import { register } from "node:module"; import { pathToFileURL } from "node:url"; register("file%3A///D%3A/StudentHub-CodexRuns/FULL_REPAIR_20261001/candidate/frontend/tests/foundation/ts-extension-loader.mjs", pathToFileURL("./"));'
(Use `node --trace-warnings ...` to show where the warning was created)
======================================================================
🛡️  STUDENTHUB AI — AUDIT V3 SECURITY INVARIANT & BOUNDARY SUITE
======================================================================
▶ [AUDIT-V3-DOMAIN-A] Fail-Closed Security Invariants
  ✔ Invariant A.1: Symbol and function payloads must return INSUFFICIENT_DATA (1.5022ms)
  ✔ Invariant A.2: NaN, Infinity, and BigInt primitives must return INSUFFICIENT_DATA (0.1035ms)
  ✔ Invariant A.3: Deeply nested empty / invalid objects must return INSUFFICIENT_DATA (0.5831ms)
  ✔ Invariant A.4: Unverified standalone text (TIER_4_UNKNOWN) must NEVER return VERIFIED_OFFICIAL (2.9547ms)
✔ [AUDIT-V3-DOMAIN-A] Fail-Closed Security Invariants (5.7844ms)
▶ [AUDIT-V3-DOMAIN-B] URL Authority & Parser Boundary Defense
  ✔ Authority Boundary B.1: Subdomain parsing must respect exact official domains (0.5437ms)
  ✔ Authority Boundary B.2: Attacker suffix domains must be rejected as untrusted (0.3268ms)
  ✔ Authority Boundary B.3: Path and query traversal must NOT grant official authority (0.2228ms)
  ✔ Authority Boundary B.4: Userinfo attacks must be BLOCKED via KNOWN_MALICIOUS_DOMAIN (0.4246ms)
✔ [AUDIT-V3-DOMAIN-B] URL Authority & Parser Boundary Defense (1.831ms)
▶ [AUDIT-V3-DOMAIN-C] Dangerous URI Scheme Filtering
  ✔ Scheme Filter C.1: javascript: scheme must trigger MALWARE_DOWNLOAD and BLOCK (0.2351ms)
  ✔ Scheme Filter C.2: data: URI payload must trigger MALWARE_DOWNLOAD and BLOCK (0.4121ms)
  ✔ Scheme Filter C.3: file: and vbscript: schemes must trigger MALWARE_DOWNLOAD and BLOCK (0.8544ms)
✔ [AUDIT-V3-DOMAIN-C] Dangerous URI Scheme Filtering (1.646ms)
▶ [AUDIT-V3-DOMAIN-D] Diacritic & Unaccented Phishing Adversarial Defense
  ✔ Phishing D.1: Unaccented OTP requests must trigger OTP_REQUEST and BLOCK (0.3728ms)
  ✔ Phishing D.2: Unaccented Password theft must trigger CREDENTIAL_EXFILTRATION_REQUEST and BLOCK (0.1436ms)
  ✔ Phishing D.3: Unaccented Tuition Payment Scams must trigger PAYMENT_DESTINATION_CHANGE and BLOCK (0.1328ms)
  ✔ Phishing D.4: Unaccented Coercion and Fake Authority must elevate risk (0.0937ms)
✔ [AUDIT-V3-DOMAIN-D] Diacritic & Unaccented Phishing Adversarial Defense (0.8271ms)
▶ [AUDIT-V3-DOMAIN-E] Metamorphic Authority Invariance Tests
  ✔ Metamorphic E.1: Official URL authority is invariant under case, trailing dot, query, and hash (0.2298ms)
  ✔ Metamorphic E.2: Attacker URL is invariant under all cosmetic transformations and NEVER becomes official (0.1819ms)
✔ [AUDIT-V3-DOMAIN-E] Metamorphic Authority Invariance Tests (0.572ms)
▶ [AUDIT-V3-DOMAIN-F] Deterministic Property Generator Tests
  ✔ Property F.1: 50 random variations of attacker hostnames never become trusted (3.7085ms)
  ✔ Property F.2: Inserting harmless text never suppresses a hard safety rule (0.3684ms)
✔ [AUDIT-V3-DOMAIN-F] Deterministic Property Generator Tests (4.1494ms)
▶ [AUDIT-V3-DOMAIN-G] Conflicting Evidence Precedence & Beneficiary Boundaries
  ✔ Precedence G.1: Official TIER_1 URL with personal payment payload must be BLOCKED (0.3157ms)
  ✔ Precedence G.2: Official TIER_1 URL with credential exfiltration payload must be BLOCKED (0.0928ms)
  ✔ Beneficiary Boundary G.3: Official beneficiary pattern rejects attacker trailing qualifiers (0.3535ms)
  ✔ Beneficiary Boundary G.4: Exact official beneficiary names are exempted from payment fraud (0.2552ms)
✔ [AUDIT-V3-DOMAIN-G] Conflicting Evidence Precedence & Beneficiary Boundaries (1.106ms)
▶ [AUDIT-V3-DOMAIN-H] Normalization Idempotency & Separator Robustness
  ✔ Normalization H.1: Normalized text is idempotent: N(N(x)) === N(x) (0.2267ms)
  ✔ Normalization H.2: Zero-width characters are stripped without corrupting surrounding words (0.0973ms)
✔ [AUDIT-V3-DOMAIN-H] Normalization Idempotency & Separator Robustness (0.3759ms)
ℹ tests 25
ℹ suites 8
ℹ pass 25
ℹ fail 0
ℹ cancelled 0
ℹ skipped 0
ℹ todo 0
ℹ duration_ms 21.7073
(node:2708) ExperimentalWarning: `--experimental-loader` may be removed in the future; instead use `register()`:
--import 'data:text/javascript,import { register } from "node:module"; import { pathToFileURL } from "node:url"; register("file%3A///D%3A/StudentHub-CodexRuns/FULL_REPAIR_20261001/candidate/frontend/tests/foundation/ts-extension-loader.mjs", pathToFileURL("./"));'
(Use `node --trace-warnings ...` to show where the warning was created)
▶ ▶ [AUDIT-V5-DOMAIN-1] API Boundary & Schema Robustness
  ✔ D1.1: FraudRiskEngine handles unexpected primitive and non-object inputs safely (1.6212ms)
  ✔ D1.2: AcademicLiveSyncBridge handles null and malformed input objects safely (0.3016ms)
  ✔ D1.3: Layer4TrustService handles missing/null layer outputs with fail-closed default (4.1831ms)
✔ ▶ [AUDIT-V5-DOMAIN-1] API Boundary & Schema Robustness (6.7477ms)
▶ ▶ [AUDIT-V5-DOMAIN-2] Serialization & Deserialization Invariance
  ✔ D2.1: Full evaluation report survives JSON serialization roundtrip without loss (2.5686ms)
  ✔ D2.2: Malicious payload serialization roundtrip preserves BLOCKED verdict (1.186ms)
✔ ▶ [AUDIT-V5-DOMAIN-2] Serialization & Deserialization Invariance (4.1066ms)
▶ ▶ [AUDIT-V5-DOMAIN-3] Decision & Security Field Injection Resistance
  ✔ D3.1: Attacker cannot inject fake decision, fake risk, or fake provenance (0.2935ms)
✔ ▶ [AUDIT-V5-DOMAIN-3] Decision & Security Field Injection Resistance (0.4781ms)
▶ ▶ [AUDIT-V5-DOMAIN-4] Persistence Immutability & In-Memory Tamper Resistance
  ✔ D4.1: Mutating returned snapshot object does NOT mutate internal archive (0.2153ms)
✔ ▶ [AUDIT-V5-DOMAIN-4] Persistence Immutability & In-Memory Tamper Resistance (0.4269ms)
▶ ▶ [AUDIT-V5-DOMAIN-5] Snapshot Staleness & TOCTOU Hash Pinning
  ✔ D5.1: Live source failure triggers serveLastVerifiedState with STALE warning (0.1458ms)
  ✔ D5.2: Content hash is deterministic SHA-256 (0.3388ms)
✔ ▶ [AUDIT-V5-DOMAIN-5] Snapshot Staleness & TOCTOU Hash Pinning (0.682ms)
▶ ▶ [AUDIT-V5-DOMAIN-6] Configuration & Domain Allowlist Integrity
  ✔ D6.1: Allowlist contains only valid official HCMUTE domains (0.1168ms)
  ✔ D6.2: Suffix lookalike domains are strictly rejected from official status (1.0588ms)
✔ ▶ [AUDIT-V5-DOMAIN-6] Configuration & Domain Allowlist Integrity (1.3742ms)
▶ ▶ [AUDIT-V5-DOMAIN-7] ReDoS Boundedness & Resource Limits
  ✔ D7.1: Pathological large string evaluates in < 50ms without catastrophic backtracking (0.6066ms)
✔ ▶ [AUDIT-V5-DOMAIN-7] ReDoS Boundedness & Resource Limits (0.7387ms)
▶ ▶ [AUDIT-V5-DOMAIN-8] End-to-End Adversarial Attack Chains
  ✔ Chain A: Unknown source copying official wording does NOT yield VERIFIED_UPDATED (1.1694ms)
  ✔ Chain B: Educational wrapper around dangerous javascript: URI triggers BLOCKED (0.604ms)
  ✔ Chain C: Cyrillic homoglyph + Userinfo + Unaccented OTP + Spaced payment is BLOCKED (0.2824ms)
  ✔ Chain D: Official institutional OTP warning is NOT falsely blocked (0.1167ms)
✔ ▶ [AUDIT-V5-DOMAIN-8] End-to-End Adversarial Attack Chains (2.4799ms)
▶ ▶ [AUDIT-V5-DOMAIN-9] Reason / Decision Logical Consistency
  ✔ D9.1: BLOCKED decisions always contain explicit non-empty reasons and matched rules (0.289ms)
  ✔ D9.2: VERIFIED_OFFICIAL decisions have zero hard rules and low risk (0.1289ms)
✔ ▶ [AUDIT-V5-DOMAIN-9] Reason / Decision Logical Consistency (1.198ms)
ℹ tests 27
ℹ suites 0
ℹ pass 27
ℹ fail 0
ℹ cancelled 0
ℹ skipped 0
ℹ todo 0
ℹ duration_ms 22.0761
(node:27892) ExperimentalWarning: `--experimental-loader` may be removed in the future; instead use `register()`:
--import 'data:text/javascript,import { register } from "node:module"; import { pathToFileURL } from "node:url"; register("file%3A///D%3A/StudentHub-CodexRuns/FULL_REPAIR_20261001/candidate/frontend/tests/foundation/ts-extension-loader.mjs", pathToFileURL("./"));'
(Use `node --trace-warnings ...` to show where the warning was created)
▶ ▶ [AUDIT-V4-PROTOCOL-1] Cross-Layer Decision Monotonicity: Layer 1 BLOCK Preservation
  ✔ P1.1: Layer 1 malware delivery cannot be downgraded by informative text (4.1125ms)
  ✔ P1.2: Layer 1 credential phishing cannot be downgraded by educational discussion tag (0.563ms)
✔ ▶ [AUDIT-V4-PROTOCOL-1] Cross-Layer Decision Monotonicity: Layer 1 BLOCK Preservation (5.1878ms)
▶ ▶ [AUDIT-V4-PROTOCOL-2] Cross-Layer Semantic BLOCK Preservation: Layer 2 BLOCK
  ✔ P2.1: Layer 2 neural/semantic BLOCK overrides clean Layer 3 retrieval (0.3444ms)
✔ ▶ [AUDIT-V4-PROTOCOL-2] Cross-Layer Semantic BLOCK Preservation: Layer 2 BLOCK (0.5132ms)
▶ ▶ [AUDIT-V4-PROTOCOL-3] Academic LiveSync Bridge: Provenance Monotonicity
  ✔ P3.1: TIER_4_UNKNOWN forum post modifying regulations must be held as unverified (3.6747ms)
  ✔ P3.2: TIER_1_OFFICIAL from official domain creates verified candidate (1.3021ms)
✔ ▶ [AUDIT-V4-PROTOCOL-3] Academic LiveSync Bridge: Provenance Monotonicity (5.2189ms)
▶ ▶ [AUDIT-V4-PROTOCOL-4] Academic LiveSync Bridge: Fail-Closed on INSUFFICIENT_DATA
  ✔ P4.1: Empty rawBody must yield INSUFFICIENT_DATA and reject ingestion (1.1688ms)
✔ ▶ [AUDIT-V4-PROTOCOL-4] Academic LiveSync Bridge: Fail-Closed on INSUFFICIENT_DATA (1.4659ms)
▶ ▶ [AUDIT-V4-PROTOCOL-5] Decision Injection & Object Spread Defense
  ✔ P5.1: Caller-injected decision field in payload is strictly ignored (0.5814ms)
  ✔ P5.2: Caller-injected hardSafetyRules object is ignored (0.3338ms)
✔ ▶ [AUDIT-V4-PROTOCOL-5] Decision Injection & Object Spread Defense (1.1627ms)
▶ ▶ [AUDIT-V4-PROTOCOL-6] Prototype Pollution & Object Shape Robustness
  ✔ P6.1: Object with null prototype evaluates safely without crash (0.1906ms)
  ✔ P6.2: Object with overridden toString/valueOf evaluates safely (0.1961ms)
✔ ▶ [AUDIT-V4-PROTOCOL-6] Prototype Pollution & Object Shape Robustness (0.5725ms)
▶ ▶ [AUDIT-V4-PROTOCOL-7] Multi-Vector Adversarial Composition
  ✔ P7.1: Cyrillic homoglyph + Userinfo spoof + Unaccented OTP + Spaced payment (0.8133ms)
✔ ▶ [AUDIT-V4-PROTOCOL-7] Multi-Vector Adversarial Composition (0.947ms)
▶ ▶ [AUDIT-V4-PROTOCOL-8] Metamorphic & Serialization Invariance
  ✔ P8.1: JSON stringify -> parse roundtrip preserves identical security verdict (0.4748ms)
✔ ▶ [AUDIT-V4-PROTOCOL-8] Metamorphic & Serialization Invariance (0.6002ms)
▶ ▶ [AUDIT-V4-PROTOCOL-9] Benign Control & False Positive Matrix
  ✔ P9.1: Legitimate official tuition notice remains VERIFIED_OFFICIAL (0.1784ms)
  ✔ P9.2: Legitimate OTP warning notice does NOT trigger false positive block (0.1291ms)
✔ ▶ [AUDIT-V4-PROTOCOL-9] Benign Control & False Positive Matrix (0.4908ms)
ℹ tests 23
ℹ suites 0
ℹ pass 23
ℹ fail 0
ℹ cancelled 0
ℹ skipped 0
ℹ todo 0
ℹ duration_ms 19.8798
(node:1556) ExperimentalWarning: `--experimental-loader` may be removed in the future; instead use `register()`:
--import 'data:text/javascript,import { register } from "node:module"; import { pathToFileURL } from "node:url"; register("file%3A///D%3A/StudentHub-CodexRuns/FULL_REPAIR_20261001/candidate/frontend/tests/foundation/ts-extension-loader.mjs", pathToFileURL("./"));'
(Use `node --trace-warnings ...` to show where the warning was created)
======================================================================
🛡️ STUDENTHUB AI — FRAUD RISK & HARDENED LIVE-SYNC SUITE
======================================================================
▶ [PROTOCOL 1] Live-Sync Hardening (Cases A, B, C, D)
  ✔ Case A: should return UNCHANGED when server responds HTTP 304 or ETag matches (0.4712ms)
  ✔ Case B: should return UNCHANGED when Last-Modified matches (0.0953ms)
  ✔ Case C: should fallback to SHA-256 comparison when server lacks ETag & Last-Modified (0.0913ms)
  ✔ Case D: should flag quarantineRequired on HTTP error or network failure (0.0679ms)
✔ [PROTOCOL 1] Live-Sync Hardening (Cases A, B, C, D) (1.3075ms)
▶ [PROTOCOL 2] Source Tier Precedence & Anti-Overwrite Protection
  ✔ should block TIER_4_UNKNOWN or TIER_5_UNTRUSTED from overwriting TIER_1_OFFICIAL (0.1126ms)
✔ [PROTOCOL 2] Source Tier Precedence & Anti-Overwrite Protection (0.1793ms)
▶ [PROTOCOL 3] Parser Safety & Disguised HTTP 200 Error Page Detection
  ✔ should detect IIS Runtime Error or 404 Disguised as HTTP 200 (0.4203ms)
  ✔ should detect Cloudflare / WAF / CAPTCHA Challenge screen (0.1652ms)
  ✔ should detect login wall replacing public portal (0.3049ms)
✔ [PROTOCOL 3] Parser Safety & Disguised HTTP 200 Error Page Detection (1.0468ms)
▶ [PROTOCOL 4] Domain Spoofing, Homoglyphs & Typosquatting Defense
  ✔ should trigger KNOWN_MALICIOUS_DOMAIN on Cyrillic Homoglyph Attack (3.3192ms)
  ✔ should trigger OFFICIAL_DOMAIN_MISMATCH on Lookalike domain (1.1451ms)
  ✔ should flag URL shorteners with high domain risk (0.3775ms)
✔ [PROTOCOL 4] Domain Spoofing, Homoglyphs & Typosquatting Defense (4.9512ms)
▶ [PROTOCOL 5] Payment & Financial Fraud Detection
  ✔ should trigger PAYMENT_DESTINATION_CHANGE hard rule on personal bank/Momo account in tuition notice (0.3008ms)
✔ [PROTOCOL 5] Payment & Financial Fraud Detection (0.3525ms)
▶ [PROTOCOL 6] Credential Exfiltration & OTP Theft Hard Safety Rules
  ✔ should trigger OTP_REQUEST hard rule and BLOCK immediately (0.1598ms)
  ✔ should trigger CREDENTIAL_EXFILTRATION_REQUEST and MALWARE_DOWNLOAD hard rules (0.1117ms)
✔ [PROTOCOL 6] Credential Exfiltration & OTP Theft Hard Safety Rules (0.3302ms)
▶ [PROTOCOL 7] Social Engineering & Coercive Psychology Defense
  ✔ should detect fake department identity and coercive psychological threats (0.1064ms)
✔ [PROTOCOL 7] Social Engineering & Coercive Psychology Defense (0.1359ms)
▶ [PROTOCOL 8] False-Positive Defense: Legitimate Regulation Update vs Fake Discrepancy
  ✔ should recognize legitimate TOEIC update from TIER_1_OFFICIAL as candidate for Human Review, NOT fraud (0.174ms)
  ✔ should flag unverified source altering academic rules as UNVERIFIED_SEMANTIC_ALTERATION (0.1632ms)
✔ [PROTOCOL 8] False-Positive Defense: Legitimate Regulation Update vs Fake Discrepancy (0.398ms)
▶ [PROTOCOL 9] Deterministic Hard Rules Short-Circuiting
  ✔ should ensure overallRisk is high and decision is BLOCKED when any hard rule fires (0.1811ms)
✔ [PROTOCOL 9] Deterministic Hard Rules Short-Circuiting (0.2246ms)
▶ [PROTOCOL 10] Master End-to-End Pipeline Integration (Live Source -> Twin)
  ✔ should successfully process legitimate prospective update from Tier 1 source through all 8 stages (1.6948ms)
  ✔ should quarantine immediately when receiving corrupted or disguised error page (0.2824ms)
✔ [PROTOCOL 10] Master End-to-End Pipeline Integration (Live Source -> Twin) (2.0402ms)
ℹ tests 20
ℹ suites 10
ℹ pass 20
ℹ fail 0
ℹ cancelled 0
ℹ skipped 0
ℹ todo 0
ℹ duration_ms 16.1563
(node:11608) ExperimentalWarning: `--experimental-loader` may be removed in the future; instead use `register()`:
--import 'data:text/javascript,import { register } from "node:module"; import { pathToFileURL } from "node:url"; register("file%3A///D%3A/StudentHub-CodexRuns/FULL_REPAIR_20261001/candidate/frontend/tests/foundation/ts-extension-loader.mjs", pathToFileURL("./"));'
(Use `node --trace-warnings ...` to show where the warning was created)
======================================================================
☠️  STUDENTHUB AI — MUTATION / DEATH TESTING (AUDIT V2)
======================================================================
  ✓ Mutation KILLED: Empty input without guard returns SUSPICIOUS_NEEDS_REVIEW instead of INSUFFICIENT_DATA
  ✓ Mutation KILLED: OTP scam passes through without OTP hard rule
  ✓ Mutation KILLED: Payment scam passes through without payment hard rule
  ✓ Mutation KILLED: Cyrillic domain spoof passes without homoglyph detector
  ✓ Mutation KILLED: overallRisk=0.75 < 0.95 without risk floor
  ✓ Mutation KILLED: Userinfo attack passes without userinfo guard

  ══════════════════════════════════════════
  MUTATION TESTING RESULTS:
  ──────────────────────────────────────────
  Mutation 1 (Empty Input Guard)   → KILLED
  Mutation 2 (OTP Hard Rule)       → KILLED
  Mutation 3 (Payment Hard Rule)   → KILLED
  Mutation 4 (Homoglyph Detection) → KILLED
  Mutation 5 (Risk Floor)          → KILLED
  Mutation 6 (Userinfo Attack)     → KILLED
  ══════════════════════════════════════════
▶ [MUTATION-1] Disable Empty Input Guard → INSUFFICIENT_DATA test must fail
  ✔ should kill mutation: removing input validation makes {} return VERIFIED_OFFICIAL (19.9253ms)
✔ [MUTATION-1] Disable Empty Input Guard → INSUFFICIENT_DATA test must fail (20.468ms)
▶ [MUTATION-2] Disable OTP Hard Rule → OTP detection must fail
  ✔ should kill mutation: removing OTP detection lets OTP scam pass through (16.6263ms)
✔ [MUTATION-2] Disable OTP Hard Rule → OTP detection must fail (16.7254ms)
▶ [MUTATION-3] Disable Payment Hard Rule → Payment fraud must escape
  ✔ should kill mutation: removing payment detection lets Momo scam pass through (23.7521ms)
✔ [MUTATION-3] Disable Payment Hard Rule → Payment fraud must escape (23.8568ms)
▶ [MUTATION-4] Disable Homoglyph Detection → Domain spoof must escape
  ✔ should kill mutation: removing homoglyph detection lets Cyrillic spoof pass (15.7688ms)
✔ [MUTATION-4] Disable Homoglyph Detection → Domain spoof must escape (15.8661ms)
▶ [MUTATION-5] Disable Hard Rule Risk Floor → Risk score won't be elevated
  ✔ should kill mutation: without risk floor, hard rules produce low overallRisk (16.7202ms)
✔ [MUTATION-5] Disable Hard Rule Risk Floor → Risk score won't be elevated (16.8513ms)
▶ [MUTATION-6] Disable Userinfo Attack Detection → URL spoofs must escape
  ✔ should kill mutation: removing userinfo guard lets attacker domain pass (15.2508ms)
✔ [MUTATION-6] Disable Userinfo Attack Detection → URL spoofs must escape (15.3486ms)
▶ [MUTATION-SUMMARY] Mutation Testing Summary
  ✔ should confirm all 6 mutations are meaningful (0.1798ms)
✔ [MUTATION-SUMMARY] Mutation Testing Summary (0.33ms)
ℹ tests 7
ℹ suites 7
ℹ pass 7
ℹ fail 0
ℹ cancelled 0
ℹ skipped 0
ℹ todo 0
ℹ duration_ms 114.9096
(node:31780) ExperimentalWarning: `--experimental-loader` may be removed in the future; instead use `register()`:
--import 'data:text/javascript,import { register } from "node:module"; import { pathToFileURL } from "node:url"; register("file%3A///D%3A/StudentHub-CodexRuns/FULL_REPAIR_20261001/candidate/frontend/tests/foundation/ts-extension-loader.mjs", pathToFileURL("./"));'
(Use `node --trace-warnings ...` to show where the warning was created)
======================================================================
☠️  STUDENTHUB AI — MUTATION / DEATH TESTING SUITE (AUDIT V3)
======================================================================
  ✓ Mutant 01 KILLED: {} returned SUSPICIOUS_NEEDS_REVIEW instead of INSUFFICIENT_DATA
  ✓ Mutant 02 KILLED: javascript: URI escaped MALWARE_DOWNLOAD trigger
  ✓ Mutant 03 KILLED: includes() flaw falsely marked attacker domain as VERIFIED_OFFICIAL
  ✓ Mutant 04 KILLED: Userinfo spoof escaped USERINFO_ATTACK detection
  ✓ Mutant 05 KILLED: Unaccented OTP scam escaped OTP_REQUEST trigger
  ✓ Mutant 06 KILLED: Unaccented payment scam escaped PAYMENT_DESTINATION_CHANGE
  ✓ Mutant 07 KILLED: Attacker fake beneficiary escaped due to missing boundary anchor
  ✓ Mutant 08 KILLED: Hard rule failed to force BLOCKED decision (returned HIGH_RISK)
  ✓ Mutant 09 KILLED: Unverified standalone text was falsely marked VERIFIED_OFFICIAL
  ✓ Mutant 10 KILLED: Cyrillic homoglyph spoof escaped KNOWN_MALICIOUS_DOMAIN

  ══════════════════════════════════════════════════════════
  AUDIT V3 EXPANDED MUTATION TESTING RESULTS:
  ──────────────────────────────────────────────────────────
  Mutant 01 (Fail-Closed Input Guard)              → KILLED
  Mutant 02 (Dangerous URI Scheme Filter)          → KILLED
  Mutant 03 (Exact Domain Boundary vs includes)    → KILLED
  Mutant 04 (Userinfo Attack Detection)            → KILLED
  Mutant 05 (Unaccented OTP Detection)             → KILLED
  Mutant 06 (Unaccented Payment Context Detection) → KILLED
  Mutant 07 (Beneficiary Qualification Boundary)   → KILLED
  Mutant 08 (Hard Rule Short-Circuiting)           → KILLED
  Mutant 09 (Provenance Gate & Leak Prevention)    → KILLED
  Mutant 10 (Homoglyph Confusable Detector)        → KILLED
  ══════════════════════════════════════════════════════════
  TOTAL: 10/10 MUTANTS KILLED | SURVIVING: 0
  ══════════════════════════════════════════════════════════

▶ [MUTANT-01] Disable Fail-Closed Input Guard
  ✔ should KILL mutant: removing input guard makes {} bypass INSUFFICIENT_DATA (19.8724ms)
✔ [MUTANT-01] Disable Fail-Closed Input Guard (20.4173ms)
▶ [MUTANT-02] Disable Dangerous URI Scheme Filter
  ✔ should KILL mutant: removing scheme filter allows javascript: URI to escape MALWARE_DOWNLOAD (16.5009ms)
✔ [MUTANT-02] Disable Dangerous URI Scheme Filter (16.5957ms)
▶ [MUTANT-03] Replace Exact Domain Boundary with includes()
  ✔ should KILL mutant: using includes() falsely verifies hcmute.edu.vn.attacker.com (15.8792ms)
✔ [MUTANT-03] Replace Exact Domain Boundary with includes() (15.9935ms)
▶ [MUTANT-04] Remove Userinfo Attack Detection
  ✔ should KILL mutant: removing userinfo guard allows spoof to escape KNOWN_MALICIOUS_DOMAIN (16.8294ms)
✔ [MUTANT-04] Remove Userinfo Attack Detection (16.9155ms)
▶ [MUTANT-05] Disable Unaccented OTP Detection
  ✔ should KILL mutant: removing unaccented pattern allows 'gui ma otp' to escape (15.5729ms)
✔ [MUTANT-05] Disable Unaccented OTP Detection (15.6924ms)
▶ [MUTANT-06] Disable Unaccented Payment Context
  ✔ should KILL mutant: removing unaccented payment terms lets 'nop hoc phi vao vi Momo' escape (15.1761ms)
✔ [MUTANT-06] Disable Unaccented Payment Context (15.2765ms)
▶ [MUTANT-07] Disable Beneficiary Qualification Boundary
  ✔ should KILL mutant: loose beneficiary regex lets attacker trailing suffix escape (16.1441ms)
✔ [MUTANT-07] Disable Beneficiary Qualification Boundary (16.2226ms)
▶ [MUTANT-08] Disable Hard Rule Short-Circuiting
  ✔ should KILL mutant: without short-circuiting, hard rules do NOT force BLOCKED (15.9588ms)
✔ [MUTANT-08] Disable Hard Rule Short-Circuiting (16.0227ms)
▶ [MUTANT-09] Leak VERIFIED_OFFICIAL to TIER_4_UNKNOWN
  ✔ should KILL mutant: defaulting to VERIFIED_OFFICIAL leaks unverified text (16.0317ms)
✔ [MUTANT-09] Leak VERIFIED_OFFICIAL to TIER_4_UNKNOWN (16.1064ms)
▶ [MUTANT-10] Disable Homoglyph Confusable Detection
  ✔ should KILL mutant: neutralizing homoglyph detector allows Cyrillic е to escape (17.7686ms)
✔ [MUTANT-10] Disable Homoglyph Confusable Detection (17.8432ms)
▶ [MUTATION-V3-SUMMARY] Final Audit V3 Mutation Summary
  ✔ should confirm all 10 mutants are KILLED with 0 survivors (0.2708ms)
✔ [MUTATION-V3-SUMMARY] Final Audit V3 Mutation Summary (0.3211ms)
ℹ tests 11
ℹ suites 11
ℹ pass 11
ℹ fail 0
ℹ cancelled 0
ℹ skipped 0
ℹ todo 0
ℹ duration_ms 173.0602
(node:13988) ExperimentalWarning: `--experimental-loader` may be removed in the future; instead use `register()`:
--import 'data:text/javascript,import { register } from "node:module"; import { pathToFileURL } from "node:url"; register("file%3A///D%3A/StudentHub-CodexRuns/FULL_REPAIR_20261001/candidate/frontend/tests/foundation/ts-extension-loader.mjs", pathToFileURL("./"));'
(Use `node --trace-warnings ...` to show where the warning was created)

======================================================================
☠️  STUDENTHUB AI — MUTATION / DEATH TESTING SUITE (AUDIT V4)
======================================================================
  ✓ Mutant 01 KILLED: Educational tag bypassed Layer 1 BLOCK in mutant
  ✓ Mutant 02 KILLED: Educational tag bypassed Layer 2 BLOCK in mutant
  ✓ Mutant 03 KILLED: Layer 2 returned PASS despite Layer 1 BLOCK
  ✓ Mutant 04 KILLED: Empty rawBody bypassed INSUFFICIENT_DATA guard
  ✓ Mutant 05 KILLED: TIER_4_UNKNOWN escalated to VERIFIED_UPDATED in mutant
  ✓ Mutant 06 KILLED: javascript: scheme escaped MALWARE_DOWNLOAD in mutant
  ✓ Mutant 07 KILLED: includes() falsely marked attacker domain as VERIFIED_OFFICIAL
  ✓ Mutant 08 KILLED: Userinfo spoof escaped detection in mutant
  ✓ Mutant 09 KILLED: Unaccented OTP request escaped in mutant
  ✓ Mutant 10 KILLED: Unaccented payment term escaped in mutant
  ✓ Mutant 11 KILLED: Trailing qualifier fake beneficiary escaped in mutant
  ✓ Mutant 12 KILLED: Hard rule failed to force BLOCKED decision in mutant
  ✓ Mutant 13 KILLED: Unverified standalone text leaked to VERIFIED_OFFICIAL in mutant
  ✓ Mutant 14 KILLED: Cyrillic homoglyph escaped detection in mutant
  ✓ Mutant 15 KILLED: Security warning caused false positive in mutant

  ══════════════════════════════════════════════════════════
  AUDIT V4 EXPANDED MUTATION TESTING RESULTS:
  ──────────────────────────────────────────────────────────
  Mutant 01 (HardDecisionPolicy L1 educational bypass      ) → KILLED
  Mutant 02 (HardDecisionPolicy L2 educational bypass      ) → KILLED
  Mutant 03 (Layer2DecisionEngine educational immunity ignore L1) → KILLED
  Mutant 04 (AcademicFraudLiveSyncBridge empty body guard  ) → KILLED
  Mutant 05 (AcademicFraudLiveSyncBridge TIER_4 provenance escalation) → KILLED
  Mutant 06 (FraudRiskEngine dangerous scheme filter       ) → KILLED
  Mutant 07 (FraudRiskEngine exact domain boundary         ) → KILLED
  Mutant 08 (FraudRiskEngine userinfo attack detection     ) → KILLED
  Mutant 09 (FraudRiskEngine unaccented OTP detector       ) → KILLED
  Mutant 10 (FraudRiskEngine unaccented payment context    ) → KILLED
  Mutant 11 (FraudRiskEngine beneficiary boundary anchor   ) → KILLED
  Mutant 12 (FraudRiskEngine hard rule short-circuit       ) → KILLED
  Mutant 13 (FraudRiskEngine provenance gate               ) → KILLED
  Mutant 14 (FraudRiskEngine homoglyph detector            ) → KILLED
  Mutant 15 (FraudRiskEngine negative warning filter       ) → KILLED
  ══════════════════════════════════════════════════════════
  TOTAL: 15/15 MUTANTS KILLED | SURVIVING: 0
  ══════════════════════════════════════════════════════════

✔ ▶ [MUTANT-01] HardDecisionPolicy: Re-introduce Educational Bypass on Layer 1 BLOCK (5.2207ms)
✔ ▶ [MUTANT-02] HardDecisionPolicy: Re-introduce Educational Bypass on Layer 2 BLOCK (2.2931ms)
✔ ▶ [MUTANT-03] Layer2DecisionEngine: Remove Layer 1 BLOCK Guard from isEducational (11.2359ms)
✔ ▶ [MUTANT-04] AcademicFraudLiveSyncBridge: Remove Empty Body Fail-Closed Guard (25.8137ms)
✔ ▶ [MUTANT-05] AcademicFraudLiveSyncBridge: Allow TIER_4 to escalate to VERIFIED_UPDATED (17.5192ms)
✔ ▶ [MUTANT-06] FraudRiskEngine: Allow dangerous URI schemes (javascript:) (13.2814ms)
✔ ▶ [MUTANT-07] FraudRiskEngine: Replace exact domain boundary with includes() (12.3956ms)
✔ ▶ [MUTANT-08] FraudRiskEngine: Remove Userinfo Attack Detection (18.1692ms)
✔ ▶ [MUTANT-09] FraudRiskEngine: Disable Unaccented OTP Detection (17.2269ms)
✔ ▶ [MUTANT-10] FraudRiskEngine: Disable Unaccented Payment Terms (13.0617ms)
✔ ▶ [MUTANT-11] FraudRiskEngine: Remove Beneficiary Exact Boundary Anchor (12.9033ms)
✔ ▶ [MUTANT-12] FraudRiskEngine: Disable Hard Rule Short-Circuiting (15.8949ms)
✔ ▶ [MUTANT-13] FraudRiskEngine: Leak VERIFIED_OFFICIAL to TIER_4_UNKNOWN (15.2211ms)
✔ ▶ [MUTANT-14] FraudRiskEngine: Disable Cyrillic Homoglyph Detector (12.1532ms)
✔ ▶ [MUTANT-15] FraudRiskEngine: Disable Negative OTP Warning Filter (13.3065ms)
✔ ▶ [MUTATION-V4-SUMMARY] Final Audit V4 Mutation Summary (0.367ms)
ℹ tests 16
ℹ suites 0
ℹ pass 16
ℹ fail 0
ℹ cancelled 0
ℹ skipped 0
ℹ todo 0
ℹ duration_ms 211.6386
(node:18092) ExperimentalWarning: `--experimental-loader` may be removed in the future; instead use `register()`:
--import 'data:text/javascript,import { register } from "node:module"; import { pathToFileURL } from "node:url"; register("file%3A///D%3A/StudentHub-CodexRuns/FULL_REPAIR_20261001/candidate/frontend/tests/foundation/ts-extension-loader.mjs", pathToFileURL("./"));'
(Use `node --trace-warnings ...` to show where the warning was created)
▶ T1–T4 Adversarial Test Matrix (10 Invariant Scenarios)
  ✔ Scenario 1 — User fabricates expertise: Self-claim without external proof is UNVERIFIED (0.5576ms)
  ✔ Scenario 2 — Likes / vanity counts do NOT alter factual truth or override evidence (1.03ms)
  ✔ Scenario 3 — 100 duplicated posts are detected as non-independent single cluster (1.3071ms)
  ✔ Scenario 4 — AI claims 'this is verified' without evidence: Engine returns UNRESOLVED (0.4478ms)
  ✔ Scenario 5 — Official source is stale (>3 years): Freshness score penalizes overall confidence (0.4237ms)
  ✔ Scenario 6 — Expert testimony contradicts promulgated rector regulation: Official statutory priority (0.2267ms)
  ✔ Scenario 7 — Community consensus conflicts with official statutory regulation: Both preserved (0.1759ms)
  ✔ Scenario 8 — Submitting identical validation twice does not double-count in reputation graph (0.3303ms)
  ✔ Scenario 9 — Expired credential: Valid Until in the past downgrades active credential status (0.1384ms)
  ✔ Scenario 10 — Same quoted text reposted by 10 accounts has independence penalized (0.2607ms)
✔ T1–T4 Adversarial Test Matrix (10 Invariant Scenarios) (5.7521ms)
ℹ tests 10
ℹ suites 1
ℹ pass 10
ℹ fail 0
ℹ cancelled 0
ℹ skipped 0
ℹ todo 0
ℹ duration_ms 10.2146
(node:36388) ExperimentalWarning: `--experimental-loader` may be removed in the future; instead use `register()`:
--import 'data:text/javascript,import { register } from "node:module"; import { pathToFileURL } from "node:url"; register("file%3A///D%3A/StudentHub-CodexRuns/FULL_REPAIR_20261001/candidate/frontend/tests/foundation/ts-extension-loader.mjs", pathToFileURL("./"));'
(Use `node --trace-warnings ...` to show where the warning was created)
▶ T3 Community Intelligence & Claim Governance
  ✔ should extract structured claim while strictly preserving original post text for provenance (2.0238ms)
  ✔ should evaluate consensus and preserve minority opinion signals (0.3802ms)
  ✔ should track proposed corrections without destroying historical claim state (0.307ms)
✔ T3 Community Intelligence & Claim Governance (3.9215ms)
ℹ tests 3
ℹ suites 1
ℹ pass 3
ℹ fail 0
ℹ cancelled 0
ℹ skipped 0
ℹ todo 0
ℹ duration_ms 7.3858
(node:17520) ExperimentalWarning: `--experimental-loader` may be removed in the future; instead use `register()`:
--import 'data:text/javascript,import { register } from "node:module"; import { pathToFileURL } from "node:url"; register("file%3A///D%3A/StudentHub-CodexRuns/FULL_REPAIR_20261001/candidate/frontend/tests/foundation/ts-extension-loader.mjs", pathToFileURL("./"));'
(Use `node --trace-warnings ...` to show where the warning was created)
▶ Domain 1: Academic & University OS
  ✔ should enforce Tier 1-4 Source Governance and 6-Question Provenance (1.1903ms)
  ✔ should trace prerequisite cascade and identify bottleneck courses in HCMUTE Graph (0.3041ms)
✔ Domain 1: Academic & University OS (2.0696ms)
▶ Domain 2: Document Intelligence
  ✔ should compute Document Version Diff (v1 vs v2) with ADDED, REMOVED, MODIFIED (0.5028ms)
✔ Domain 2: Document Intelligence (0.5787ms)
▶ Domain 3: Multimodal Fraud Intelligence & Evidence Fusion
  ✔ should detect NCSC blacklisted phishing domains and fraudulent bank accounts (0.2257ms)
  ✔ should analyze 24 psychological manipulation tactics (Fear, Urgency, Authority) (0.1868ms)
  ✔ should detect cross-modal brand vs domain and tuition QR code contradictions (0.176ms)
  ✔ should responsibly ABSTAIN (INSUFFICIENT_EVIDENCE) when no authoritative source exists (0.1504ms)
✔ Domain 3: Multimodal Fraud Intelligence & Evidence Fusion (0.919ms)
▶ Domain 4: Geospatial Safety & Emergency System
  ✔ should compute Provenance-Based Safety Score with explicit environmental evidence (0.1968ms)
  ✔ should calculate 3 GPS Safety Routes (Fastest, Safest, Balanced) (0.1482ms)
  ✔ should provide official emergency channels (112, 113, 114, 115) and trip companion (39.2938ms)
✔ Domain 4: Geospatial Safety & Emergency System (39.7687ms)
▶ Domain 5: 7-Head Radar, Teaching Intelligence & Unified Copilot
  ✔ should evaluate 7-Head Student Radar streams with real-time freshness decay (0.183ms)
  ✔ should provide multi-dimensional Teaching Review Intelligence with sample size and fact/opinion separation (0.0856ms)
  ✔ should support 6 Student Situation Modes in Unified Copilot (0.1844ms)
✔ Domain 5: 7-Head Radar, Teaching Intelligence & Unified Copilot (0.5523ms)
ℹ tests 13
ℹ suites 5
ℹ pass 13
ℹ fail 0
ℹ cancelled 0
ℹ skipped 0
ℹ todo 0
ℹ duration_ms 48.7147
(node:29480) ExperimentalWarning: `--experimental-loader` may be removed in the future; instead use `register()`:
--import 'data:text/javascript,import { register } from "node:module"; import { pathToFileURL } from "node:url"; register("file%3A///D%3A/StudentHub-CodexRuns/FULL_REPAIR_20261001/candidate/frontend/tests/foundation/ts-extension-loader.mjs", pathToFileURL("./"));'
(Use `node --trace-warnings ...` to show where the warning was created)
▶ T4 Evidence Fusion, Contradictions & Calibration
  ✔ should detect and classify temporal conflicts across academic revisions (2.0844ms)
  ✔ should detect direct semantic contradiction within same scope (0.1628ms)
  ✔ should prioritize official current regulation over contradictory hearsay while preserving operational nuance (0.726ms)
  ✔ should compute Brier Score for confidence calibration evaluation (0.5133ms)
  ✔ should capture and retrieve point-in-time reproducible snapshots (0.4414ms)
✔ T4 Evidence Fusion, Contradictions & Calibration (4.6811ms)
ℹ tests 5
ℹ suites 1
ℹ pass 5
ℹ fail 0
ℹ cancelled 0
ℹ skipped 0
ℹ todo 0
ℹ duration_ms 8.2962
(node:1456) ExperimentalWarning: `--experimental-loader` may be removed in the future; instead use `register()`:
--import 'data:text/javascript,import { register } from "node:module"; import { pathToFileURL } from "node:url"; register("file%3A///D%3A/StudentHub-CodexRuns/FULL_REPAIR_20261001/candidate/frontend/tests/foundation/ts-extension-loader.mjs", pathToFileURL("./"));'
(Use `node --trace-warnings ...` to show where the warning was created)
▶ T2 Expert Intelligence & Scope Boundaries
  ✔ should discover and rank experts by topic relevance and verification status (3.7029ms)
  ✔ should separate disciplinary domain expertise from historical reliability (0.5159ms)
✔ T2 Expert Intelligence & Scope Boundaries (4.9384ms)
ℹ tests 2
ℹ suites 1
ℹ pass 2
ℹ fail 0
ℹ cancelled 0
ℹ skipped 0
ℹ todo 0
ℹ duration_ms 8.892
(node:13940) ExperimentalWarning: `--experimental-loader` may be removed in the future; instead use `register()`:
--import 'data:text/javascript,import { register } from "node:module"; import { pathToFileURL } from "node:url"; register("file%3A///D%3A/StudentHub-CodexRuns/FULL_REPAIR_20261001/candidate/frontend/tests/foundation/ts-extension-loader.mjs", pathToFileURL("./"));'
(Use `node --trace-warnings ...` to show where the warning was created)
▶ T1–T4 Intelligence Fabric — End-to-End Closed Loop
  ✔ should execute full pipeline from student post to calibrated AI recommendation and outcome feedback (3.2071ms)
✔ T1–T4 Intelligence Fabric — End-to-End Closed Loop (3.7355ms)
ℹ tests 1
ℹ suites 1
ℹ pass 1
ℹ fail 0
ℹ cancelled 0
ℹ skipped 0
ℹ todo 0
ℹ duration_ms 7.1802
(node:20784) ExperimentalWarning: `--experimental-loader` may be removed in the future; instead use `register()`:
--import 'data:text/javascript,import { register } from "node:module"; import { pathToFileURL } from "node:url"; register("file%3A///D%3A/StudentHub-CodexRuns/FULL_REPAIR_20261001/candidate/frontend/tests/foundation/ts-extension-loader.mjs", pathToFileURL("./"));'
(Use `node --trace-warnings ...` to show where the warning was created)
▶ AI Grounded Recommendation Engine & Context Compiler
  ✔ should compile sanitized AI context with Security Fabric data minimization (2.0115ms)
  ✔ should generate grounded recommendations with explicit uncertainty and alternatives (0.8817ms)
✔ AI Grounded Recommendation Engine & Context Compiler (3.4938ms)
ℹ tests 2
ℹ suites 1
ℹ pass 2
ℹ fail 0
ℹ cancelled 0
ℹ skipped 0
ℹ todo 0
ℹ duration_ms 7.4079
(node:5876) ExperimentalWarning: `--experimental-loader` may be removed in the future; instead use `register()`:
--import 'data:text/javascript,import { register } from "node:module"; import { pathToFileURL } from "node:url"; register("file%3A///D%3A/StudentHub-CodexRuns/FULL_REPAIR_20261001/candidate/frontend/tests/foundation/ts-extension-loader.mjs", pathToFileURL("./"));'
(Use `node --trace-warnings ...` to show where the warning was created)
▶ T1 Trust Intelligence & Dynamic Reputation Graph
  ✔ should evaluate 10 distinct trust dimensions and generate explainable text summary (1.5638ms)
  ✔ should update topic-specific reputation and apply half-life decay over time (1.0205ms)
  ✔ should flag reciprocal mutual-validation loop as collusion (0.5907ms)
✔ T1 Trust Intelligence & Dynamic Reputation Graph (3.8479ms)
ℹ tests 3
ℹ suites 1
ℹ pass 3
ℹ fail 0
ℹ cancelled 0
ℹ skipped 0
ℹ todo 0
ℹ duration_ms 7.1878
(node:14392) ExperimentalWarning: `--experimental-loader` may be removed in the future; instead use `register()`:
--import 'data:text/javascript,import { register } from "node:module"; import { pathToFileURL } from "node:url"; register("file%3A///D%3A/StudentHub-CodexRuns/FULL_REPAIR_20261001/candidate/frontend/tests/foundation/ts-extension-loader.mjs", pathToFileURL("./"));'
(Use `node --trace-warnings ...` to show where the warning was created)
▶ AI Safety Firewall, Vector Security & Memory Guard
  ✔ should quarantine prompt injections and isolate untrusted content into passive envelopes (1.6189ms)
  ✔ should enforce authorization boundaries on vector database embeddings (1.1004ms)
  ✔ should defend against memory poisoning and require validation before permanent storage (4.0734ms)
✔ AI Safety Firewall, Vector Security & Memory Guard (7.4456ms)
ℹ tests 3
ℹ suites 1
ℹ pass 3
ℹ fail 0
ℹ cancelled 0
ℹ skipped 0
ℹ todo 0
ℹ duration_ms 11.2221
(node:31248) ExperimentalWarning: `--experimental-loader` may be removed in the future; instead use `register()`:
--import 'data:text/javascript,import { register } from "node:module"; import { pathToFileURL } from "node:url"; register("file%3A///D%3A/StudentHub-CodexRuns/FULL_REPAIR_20261001/candidate/frontend/tests/foundation/ts-extension-loader.mjs", pathToFileURL("./"));'
(Use `node --trace-warnings ...` to show where the warning was created)
▶ Social Deduplication & Coordination Engine
  ✔ should cluster duplicate reposts and dampen effective independence weight (10.1016ms)
  ✔ should flag coordinated campaign posts in tight timeframes as POTENTIAL_COORDINATION (1.2942ms)
✔ Social Deduplication & Coordination Engine (12.5726ms)
ℹ tests 2
ℹ suites 1
ℹ pass 2
ℹ fail 0
ℹ cancelled 0
ℹ skipped 0
ℹ todo 0
ℹ duration_ms 15.9085
(node:23628) ExperimentalWarning: `--experimental-loader` may be removed in the future; instead use `register()`:
--import 'data:text/javascript,import { register } from "node:module"; import { pathToFileURL } from "node:url"; register("file%3A///D%3A/StudentHub-CodexRuns/FULL_REPAIR_20261001/candidate/frontend/tests/foundation/ts-extension-loader.mjs", pathToFileURL("./"));'
(Use `node --trace-warnings ...` to show where the warning was created)
▶ Social Normalization & Signal Extraction Engine
  ✔ should normalize Vietnamese academic slang while preserving verbatim raw text (6.3931ms)
  ✔ should resolve canonical entities (courses, faculty, professors, regulations) (2.4291ms)
  ✔ should classify 11 social signal categories and assign initial evidentiary weights (3.5846ms)
  ✔ should evaluate multi-dimensional signal quality scores (0.4179ms)
✔ Social Normalization & Signal Extraction Engine (13.5346ms)
ℹ tests 4
ℹ suites 1
ℹ pass 4
ℹ fail 0
ℹ cancelled 0
ℹ skipped 0
ℹ todo 0
ℹ duration_ms 16.9611
(node:9764) ExperimentalWarning: `--experimental-loader` may be removed in the future; instead use `register()`:
--import 'data:text/javascript,import { register } from "node:module"; import { pathToFileURL } from "node:url"; register("file%3A///D%3A/StudentHub-CodexRuns/FULL_REPAIR_20261001/candidate/frontend/tests/foundation/ts-extension-loader.mjs", pathToFileURL("./"));'
(Use `node --trace-warnings ...` to show where the warning was created)
▶ Social Source Connectors & Rate Limiting
  ✔ should enforce capability declarations and deny unknown capabilities (1.0515ms)
  ✔ should register default campus connectors and list their capabilities (0.6095ms)
  ✔ should enforce token bucket rate limiting and exponential backoff on 429 (0.5261ms)
  ✔ should execute incremental sync with checkpointing and state tracking (2.0711ms)
✔ Social Source Connectors & Rate Limiting (5.5484ms)
ℹ tests 4
ℹ suites 1
ℹ pass 4
ℹ fail 0
ℹ cancelled 0
ℹ skipped 0
ℹ todo 0
ℹ duration_ms 9.5088
(node:33784) ExperimentalWarning: `--experimental-loader` may be removed in the future; instead use `register()`:
--import 'data:text/javascript,import { register } from "node:module"; import { pathToFileURL } from "node:url"; register("file%3A///D%3A/StudentHub-CodexRuns/FULL_REPAIR_20261001/candidate/frontend/tests/foundation/ts-extension-loader.mjs", pathToFileURL("./"));'
(Use `node --trace-warnings ...` to show where the warning was created)
▶ Early Warning Engine & Social-to-Official Pipeline
  ✔ should advance early warning lifecycle through UNVERIFIED -> EMERGING -> CORROBORATED (5.4818ms)
  ✔ should produce dual-layer advisory fusing statutory policy with operational ground truth (3.9128ms)
✔ Early Warning Engine & Social-to-Official Pipeline (10.1557ms)
ℹ tests 2
ℹ suites 1
ℹ pass 2
ℹ fail 0
ℹ cancelled 0
ℹ skipped 0
ℹ todo 0
ℹ duration_ms 13.4552
(node:34180) ExperimentalWarning: `--experimental-loader` may be removed in the future; instead use `register()`:
--import 'data:text/javascript,import { register } from "node:module"; import { pathToFileURL } from "node:url"; register("file%3A///D%3A/StudentHub-CodexRuns/FULL_REPAIR_20261001/candidate/frontend/tests/foundation/ts-extension-loader.mjs", pathToFileURL("./"));'
(Use `node --trace-warnings ...` to show where the warning was created)
======================================================================
🚀 LAYER 1 FULL MULTI-MODAL EVALUATION & TESTING SUITE
   (Testing URL, OCR Image, QR Code, Binary Polyglot & Text Scams)
======================================================================


----------------------------------------------------------------------
▶ 🌐 1. URL THREAT & WHITELIST BATTERY (123 Vectors)
----------------------------------------------------------------------
✅ [PASS] 1. VN Universities — HCMUTE Official
   Status: PASS | Conf: 0.99 | Latency: 5.18ms | Reasons: [whitelisted_domain]
✅ [PASS] 1. VN Universities — VNU-HCM Portal
   Status: PASS | Conf: 0.99 | Latency: 1.09ms | Reasons: [whitelisted_domain]
✅ [PASS] 1. VN Universities — HCMUT Bách Khoa TP.HCM
   Status: PASS | Conf: 0.99 | Latency: 0.12ms | Reasons: [whitelisted_domain]
✅ [PASS] 1. VN Universities — UIT Công nghệ Thông tin
   Status: PASS | Conf: 0.99 | Latency: 0.12ms | Reasons: [whitelisted_domain]
✅ [PASS] 1. VN Universities — USSH Nhân Văn TP.HCM
   Status: PASS | Conf: 0.99 | Latency: 0.1ms | Reasons: [whitelisted_domain]
✅ [PASS] 1. VN Universities — UEL Kinh tế Luật
   Status: PASS | Conf: 0.99 | Latency: 0.06ms | Reasons: [whitelisted_domain]
✅ [PASS] 1. VN Universities — HUST Bách Khoa Hà Nội
   Status: PASS | Conf: 0.99 | Latency: 0.05ms | Reasons: [whitelisted_domain]
✅ [PASS] 1. VN Universities — VNU Hà Nội
   Status: PASS | Conf: 0.99 | Latency: 0.05ms | Reasons: [whitelisted_domain]
✅ [PASS] 1. VN Universities — NEU Kinh tế Quốc dân
   Status: PASS | Conf: 0.99 | Latency: 0.07ms | Reasons: [whitelisted_domain]
✅ [PASS] 1. VN Universities — FTU Ngoại Thương
   Status: PASS | Conf: 0.99 | Latency: 0.09ms | Reasons: [whitelisted_domain]
✅ [PASS] 1. VN Universities — UEH Kinh tế TP.HCM
   Status: PASS | Conf: 0.99 | Latency: 0.06ms | Reasons: [whitelisted_domain]
✅ [PASS] 1. VN Universities — UMP Y Dược TP.HCM
   Status: PASS | Conf: 0.99 | Latency: 0.04ms | Reasons: [whitelisted_domain]
✅ [PASS] 1. VN Universities — CTU Cần Thơ
   Status: PASS | Conf: 0.99 | Latency: 0.05ms | Reasons: [whitelisted_domain]
✅ [PASS] 1. VN Universities — DUT Bách Khoa Đà Nẵng
   Status: PASS | Conf: 0.99 | Latency: 0.04ms | Reasons: [whitelisted_domain]
✅ [PASS] 1. VN Universities — TDTU Tôn Đức Thắng
   Status: PASS | Conf: 0.99 | Latency: 0.04ms | Reasons: [whitelisted_domain]
✅ [PASS] 1. VN Universities — PTIT Bưu chính Viễn thông
   Status: PASS | Conf: 0.99 | Latency: 0.03ms | Reasons: [whitelisted_domain]
✅ [PASS] 1. VN Universities — FPT University
   Status: PASS | Conf: 0.99 | Latency: 0.04ms | Reasons: [whitelisted_domain]
✅ [PASS] 1. VN Universities — RMIT Vietnam
   Status: PASS | Conf: 0.99 | Latency: 0.03ms | Reasons: [whitelisted_domain]
✅ [PASS] 1. VN Universities — HUTECH University
   Status: PASS | Conf: 0.99 | Latency: 0.04ms | Reasons: [whitelisted_domain]
✅ [PASS] 1. VN Universities — Văn Lang University
   Status: PASS | Conf: 0.99 | Latency: 0.04ms | Reasons: [whitelisted_domain]
✅ [PASS] 2. VN Banks — Vietcombank Official
   Status: PASS | Conf: 0.99 | Latency: 0.05ms | Reasons: [whitelisted_domain]
✅ [PASS] 2. VN Banks — MBBank Official
   Status: PASS | Conf: 0.99 | Latency: 0.04ms | Reasons: [whitelisted_domain]
✅ [PASS] 2. VN Banks — Techcombank Official
   Status: PASS | Conf: 0.99 | Latency: 0.04ms | Reasons: [whitelisted_domain]
✅ [PASS] 2. VN Banks — BIDV Official
   Status: PASS | Conf: 0.99 | Latency: 0.03ms | Reasons: [whitelisted_domain]
✅ [PASS] 2. VN Banks — VietinBank Official
   Status: PASS | Conf: 0.99 | Latency: 0.04ms | Reasons: [whitelisted_domain]
✅ [PASS] 2. VN Banks — Agribank Official
   Status: PASS | Conf: 0.99 | Latency: 0.11ms | Reasons: [whitelisted_domain]
✅ [PASS] 2. VN Banks — VPBank Official
   Status: PASS | Conf: 0.99 | Latency: 0.07ms | Reasons: [whitelisted_domain]
✅ [PASS] 2. VN Banks — ACB Official
   Status: PASS | Conf: 0.99 | Latency: 0.06ms | Reasons: [whitelisted_domain]
✅ [PASS] 2. VN Banks — TPBank Official
   Status: PASS | Conf: 0.99 | Latency: 0.06ms | Reasons: [whitelisted_domain]
✅ [PASS] 2. VN Banks — Sacombank Official
   Status: PASS | Conf: 0.99 | Latency: 0.04ms | Reasons: [whitelisted_domain]
✅ [PASS] 2. VN Banks — VIB Official
   Status: PASS | Conf: 0.99 | Latency: 0.04ms | Reasons: [whitelisted_domain]
✅ [PASS] 2. VN Fintech — MoMo Wallet
   Status: PASS | Conf: 0.99 | Latency: 0.04ms | Reasons: [whitelisted_domain]
✅ [PASS] 2. VN Fintech — ZaloPay Wallet
   Status: PASS | Conf: 0.99 | Latency: 0.03ms | Reasons: [whitelisted_domain]
✅ [PASS] 2. VN Fintech — VNPAY Payment Gateway
   Status: PASS | Conf: 0.99 | Latency: 0.04ms | Reasons: [whitelisted_domain]
✅ [PASS] 2. VN Fintech — Viettel Money
   Status: PASS | Conf: 0.99 | Latency: 0.04ms | Reasons: [whitelisted_domain]
✅ [PASS] 3. Gov Portals — Cổng Dịch vụ công Quốc gia
   Status: PASS | Conf: 0.99 | Latency: 0.04ms | Reasons: [whitelisted_domain]
✅ [PASS] 3. Gov Portals — VNeID Định danh điện tử
   Status: PASS | Conf: 0.99 | Latency: 0.03ms | Reasons: [whitelisted_domain]
✅ [PASS] 3. Gov Portals — Bộ Công an
   Status: PASS | Conf: 0.99 | Latency: 0.04ms | Reasons: [whitelisted_domain]
✅ [PASS] 3. Gov Portals — Bảo hiểm Xã hội Việt Nam
   Status: PASS | Conf: 0.99 | Latency: 0.3ms | Reasons: [whitelisted_domain]
✅ [PASS] 3. Gov Portals — Thuế Điện Tử Tổng cục Thuế
   Status: PASS | Conf: 0.99 | Latency: 0.05ms | Reasons: [whitelisted_domain]
✅ [PASS] 3. Gov Portals — Cục Cảnh sát Giao thông
   Status: PASS | Conf: 0.99 | Latency: 0.04ms | Reasons: [whitelisted_domain]
✅ [PASS] 3. Gov Portals — Cổng Thông tin Chính phủ
   Status: PASS | Conf: 0.99 | Latency: 0.04ms | Reasons: [whitelisted_domain]
✅ [PASS] 3. Gov Portals — Bộ Giáo dục và Đào tạo
   Status: PASS | Conf: 0.99 | Latency: 0.03ms | Reasons: [whitelisted_domain]
✅ [PASS] 4. Global Tech — Google Accounts
   Status: PASS | Conf: 0.99 | Latency: 0.04ms | Reasons: [whitelisted_domain]
✅ [PASS] 4. Global Tech — Gmail Web
   Status: PASS | Conf: 0.99 | Latency: 0.04ms | Reasons: [whitelisted_domain]
✅ [PASS] 4. Global Tech — Microsoft Online Login
   Status: PASS | Conf: 0.99 | Latency: 0.11ms | Reasons: [whitelisted_domain]
✅ [PASS] 4. Global Tech — Apple iCloud
   Status: PASS | Conf: 0.99 | Latency: 0.05ms | Reasons: [whitelisted_domain]
✅ [PASS] 4. Global Tech — GitHub Repository
   Status: PASS | Conf: 0.99 | Latency: 0.06ms | Reasons: [whitelisted_domain]
✅ [PASS] 4. Global Tech — OpenAI ChatGPT
   Status: PASS | Conf: 0.99 | Latency: 0.05ms | Reasons: [whitelisted_domain]
✅ [PASS] 4. Global Tech — Anthropic Claude
   Status: PASS | Conf: 0.99 | Latency: 0.04ms | Reasons: [whitelisted_domain]
✅ [PASS] 4. Global Tech — Canvas LMS Instructure
   Status: PASS | Conf: 0.99 | Latency: 0.04ms | Reasons: [whitelisted_domain]
✅ [PASS] 4. Global Tech — Overleaf LaTeX
   Status: PASS | Conf: 0.99 | Latency: 0.04ms | Reasons: [whitelisted_domain]
✅ [PASS] 4. Global Tech — Notion Workspace
   Status: PASS | Conf: 0.99 | Latency: 0.05ms | Reasons: [whitelisted_domain]
✅ [PASS] 4. Global Tech — Canva Design
   Status: PASS | Conf: 0.99 | Latency: 0.04ms | Reasons: [whitelisted_domain]
✅ [PASS] 4. Global Tech — Zoom Meeting
   Status: PASS | Conf: 0.99 | Latency: 0.04ms | Reasons: [whitelisted_domain]
✅ [PASS] 5. Bank Phishing — Vietcombank Sinh Trắc Học Fake
   Status: BLOCK | Conf: 0.98 | Latency: 0.25ms | Reasons: [phishing_pattern, brand_impersonation_subdomain]
✅ [PASS] 5. Bank Phishing — VCB Digibank Smart OTP Theft
   Status: BLOCK | Conf: 0.98 | Latency: 0.12ms | Reasons: [phishing_pattern, brand_impersonation_subdomain]
✅ [PASS] 5. Bank Phishing — MBBank E-banking Face ID Scam
   Status: BLOCK | Conf: 0.98 | Latency: 0.08ms | Reasons: [phishing_pattern, brand_impersonation_subdomain]
✅ [PASS] 5. Bank Phishing — Techcombank Security Alert Fake
   Status: BLOCK | Conf: 0.98 | Latency: 0.15ms | Reasons: [phishing_pattern, brand_impersonation_subdomain]
✅ [PASS] 5. Bank Phishing — BIDV SmartBanking Sinh Trắc Học
   Status: BLOCK | Conf: 0.98 | Latency: 0.11ms | Reasons: [phishing_pattern, brand_impersonation_subdomain]
✅ [PASS] 5. Bank Phishing — VietinBank iPay Data Sync Phish
   Status: BLOCK | Conf: 0.98 | Latency: 0.09ms | Reasons: [phishing_pattern, brand_impersonation_subdomain]
✅ [PASS] 5. Bank Phishing — Agribank E-banking Biometrics
   Status: BLOCK | Conf: 0.98 | Latency: 0.09ms | Reasons: [phishing_pattern, brand_impersonation_subdomain]
✅ [PASS] 5. Bank Phishing — ACB ONE OTP Confirm Trap
   Status: BLOCK | Conf: 0.98 | Latency: 0.08ms | Reasons: [phishing_pattern, brand_impersonation_subdomain]
✅ [PASS] 5. Bank Phishing — VPBank NEO Unlock Card Phish
   Status: BLOCK | Conf: 0.98 | Latency: 0.09ms | Reasons: [phishing_pattern, brand_impersonation_subdomain]
✅ [PASS] 5. Bank Phishing — TPBank Smart OTP Upgrade Scam
   Status: BLOCK | Conf: 0.98 | Latency: 0.09ms | Reasons: [phishing_pattern, brand_impersonation_subdomain]
✅ [PASS] 5. Bank Phishing — MoMo Fake Claim Voucher Trap
   Status: BLOCK | Conf: 0.98 | Latency: 0.08ms | Reasons: [phishing_pattern, brand_impersonation_subdomain]
✅ [PASS] 5. Bank Phishing — ZaloPay 2026 Reward Scam
   Status: BLOCK | Conf: 0.98 | Latency: 0.08ms | Reasons: [phishing_pattern, brand_impersonation_subdomain]
✅ [PASS] 5. Bank Phishing — VNPAY QR Merchant Activate Trap
   Status: BLOCK | Conf: 0.98 | Latency: 0.09ms | Reasons: [phishing_pattern, brand_impersonation_subdomain]
✅ [PASS] 6. Student Phishing — HCMUTE University Student OTP Theft
   Status: BLOCK | Conf: 0.98 | Latency: 0.06ms | Reasons: [phishing_pattern, brand_impersonation_subdomain]
✅ [PASS] 6. Student Phishing — HCMUTE Enterprise Scholarship Trap
   Status: BLOCK | Conf: 0.98 | Latency: 0.07ms | Reasons: [phishing_pattern, brand_impersonation_subdomain]
✅ [PASS] 6. Student Phishing — VNU-HCM Tuition Aid Scam
   Status: BLOCK | Conf: 0.98 | Latency: 0.06ms | Reasons: [phishing_pattern, brand_impersonation_subdomain]
✅ [PASS] 6. Student Phishing — HUST Bách Khoa HN Reward Phish
   Status: BLOCK | Conf: 0.98 | Latency: 0.13ms | Reasons: [phishing_pattern, brand_impersonation]
✅ [PASS] 6. Student Phishing — Shopee CTV Part-Time Deposit Scam
   Status: BLOCK | Conf: 0.98 | Latency: 0.12ms | Reasons: [phishing_pattern, brand_impersonation_subdomain]
✅ [PASS] 6. Student Phishing — Lazada Order Review Task Scam
   Status: BLOCK | Conf: 0.98 | Latency: 0.1ms | Reasons: [phishing_pattern, brand_impersonation_subdomain]
✅ [PASS] 6. Student Phishing — TikTok Shop Commission Task Scam
   Status: BLOCK | Conf: 0.98 | Latency: 0.14ms | Reasons: [phishing_pattern, brand_impersonation_subdomain]
✅ [PASS] 6. Gov Phishing — VNeID Level 2 Identification Trap
   Status: BLOCK | Conf: 0.98 | Latency: 0.08ms | Reasons: [phishing_pattern, brand_impersonation_subdomain]
✅ [PASS] 6. Gov Phishing — National CCCD Data Sync Scam
   Status: BLOCK | Conf: 0.98 | Latency: 0.07ms | Reasons: [phishing_pattern, brand_impersonation_subdomain]
✅ [PASS] 7. Homoglyph — Cyrillic 'а' in Apple
   Status: BLOCK | Conf: 0.98 | Latency: 1.51ms | Reasons: [phishing_pattern, unicode_homoglyph]
✅ [PASS] 7. Homoglyph — Cyrillic 'оо' in Google
   Status: BLOCK | Conf: 0.98 | Latency: 0.59ms | Reasons: [phishing_pattern, unicode_homoglyph]
✅ [PASS] 7. Homoglyph — Cyrillic 'і' in Vietcombank
   Status: BLOCK | Conf: 0.98 | Latency: 0.93ms | Reasons: [phishing_pattern, unicode_homoglyph]
✅ [PASS] 7. Homoglyph — Cyrillic 'і' in Microsoft
   Status: BLOCK | Conf: 0.98 | Latency: 0.63ms | Reasons: [phishing_pattern, unicode_homoglyph]
✅ [PASS] 7. Homoglyph — Cyrillic 'а' in Facebook
   Status: BLOCK | Conf: 0.98 | Latency: 0.58ms | Reasons: [phishing_pattern, unicode_homoglyph]
✅ [PASS] 7. Homoglyph — Cyrillic 'ор' in Shopee
   Status: BLOCK | Conf: 0.98 | Latency: 0.54ms | Reasons: [phishing_pattern, unicode_homoglyph]
✅ [PASS] 7. Homoglyph — Cyrillic 'о' in MoMo
   Status: BLOCK | Conf: 0.98 | Latency: 0.51ms | Reasons: [phishing_pattern, unicode_homoglyph]
✅ [PASS] 7. Homoglyph — Cyrillic 'с' in HCMUTE
   Status: BLOCK | Conf: 0.98 | Latency: 0.76ms | Reasons: [phishing_pattern, unicode_homoglyph]
✅ [PASS] 7. Punycode — Spoofed Apple IDN
   Status: BLOCK | Conf: 0.98 | Latency: 0.49ms | Reasons: [phishing_pattern, unicode_homoglyph]
✅ [PASS] 7. Punycode — Spoofed Google IDN
   Status: BLOCK | Conf: 0.98 | Latency: 0.75ms | Reasons: [phishing_pattern, unicode_homoglyph]
✅ [PASS] 8. SSRF — Standard Loopback IPv4
   Status: BLOCK | Conf: 0.99 | Latency: 0.26ms | Reasons: [ssrf_attempt]
✅ [PASS] 8. SSRF — Cloud Metadata Endpoint IPv4
   Status: BLOCK | Conf: 0.99 | Latency: 0.03ms | Reasons: [ssrf_attempt]
✅ [PASS] 8. SSRF — Decimal Dword IP (127.0.0.1 = 2130706433)
   Status: BLOCK | Conf: 0.99 | Latency: 0.03ms | Reasons: [ssrf_attempt]
✅ [PASS] 8. SSRF — Decimal Dword IP (169.254.169.254 = 2852039166)
   Status: BLOCK | Conf: 0.99 | Latency: 0.02ms | Reasons: [ssrf_attempt]
✅ [PASS] 8. SSRF — Hexadecimal IP (127.0.0.1 = 0x7f000001)
   Status: BLOCK | Conf: 0.99 | Latency: 0.02ms | Reasons: [ssrf_attempt]
✅ [PASS] 8. SSRF — Hexadecimal IP (169.254.169.254 = 0xa9fea9fe)
   Status: BLOCK | Conf: 0.99 | Latency: 0.02ms | Reasons: [ssrf_attempt]
✅ [PASS] 8. SSRF — Octal IP (127.0.0.1 = 017700000001)
   Status: BLOCK | Conf: 0.99 | Latency: 0.02ms | Reasons: [ssrf_attempt]
✅ [PASS] 8. SSRF — IPv6 Loopback [::1]
   Status: BLOCK | Conf: 0.99 | Latency: 0.13ms | Reasons: [ssrf_attempt]
✅ [PASS] 8. SSRF — Named Host Localhost
   Status: BLOCK | Conf: 0.99 | Latency: 0.02ms | Reasons: [ssrf_attempt]
✅ [PASS] 9. Dangerous Executable — Windows EXE Payload
   Status: BLOCK | Conf: 0.99 | Latency: 0.53ms | Reasons: [dangerous_executable]
✅ [PASS] 9. Dangerous Executable — Windows MSI Installer
   Status: BLOCK | Conf: 0.99 | Latency: 0.45ms | Reasons: [dangerous_executable]
✅ [PASS] 9. Dangerous Executable — Android Trojan APK
   Status: BLOCK | Conf: 0.99 | Latency: 0.6ms | Reasons: [dangerous_executable]
✅ [PASS] 9. Dangerous Executable — PowerShell Malicious Script
   Status: BLOCK | Conf: 0.99 | Latency: 0.51ms | Reasons: [dangerous_executable]
✅ [PASS] 9. Dangerous Executable — macOS DMG Dropper
   Status: BLOCK | Conf: 0.99 | Latency: 0.41ms | Reasons: [dangerous_executable]
✅ [PASS] 9. Dangerous Executable — Windows Batch Payload
   Status: BLOCK | Conf: 0.99 | Latency: 0.43ms | Reasons: [dangerous_executable]
✅ [PASS] 9. Dangerous Executable — Screensaver SCR Payload
   Status: BLOCK | Conf: 0.99 | Latency: 0.48ms | Reasons: [dangerous_executable]
✅ [PASS] 9. Dangerous Executable — VBScript Payload
   Status: BLOCK | Conf: 0.99 | Latency: 0.38ms | Reasons: [dangerous_executable]
✅ [PASS] 10. Suspicious Transport — Bit.ly URL Shortener
   Status: SUSPICIOUS | Conf: 0.45 | Latency: 0.22ms | Reasons: [shortened_url]
✅ [PASS] 10. Suspicious Transport — TinyURL Shortener
   Status: SUSPICIOUS | Conf: 0.45 | Latency: 0.1ms | Reasons: [shortened_url]
✅ [PASS] 10. Suspicious Transport — T.co Twitter Shortener
   Status: SUSPICIOUS | Conf: 0.45 | Latency: 0.07ms | Reasons: [shortened_url]
✅ [PASS] 10. Suspicious Transport — Cutt.ly Shortener
   Status: SUSPICIOUS | Conf: 0.45 | Latency: 0.07ms | Reasons: [shortened_url]
✅ [PASS] 10. Suspicious Transport — Unencrypted HTTP Blog
   Status: SUSPICIOUS | Conf: 0.45 | Latency: 0.47ms | Reasons: [unencrypted_transport]
✅ [PASS] 10. Suspicious Transport — Unencrypted HTTP Notes
   Status: SUSPICIOUS | Conf: 0.45 | Latency: 0.54ms | Reasons: [unencrypted_transport]
✅ [PASS] 10. Suspicious Transport — Raw IPv4 Hostname
   Status: BLOCK | Conf: 0.99 | Latency: 0.03ms | Reasons: [ssrf_attempt]
✅ [PASS] 10. Suspicious Transport — Raw IPv4 Host Announcements
   Status: SUSPICIOUS | Conf: 0.45 | Latency: 0.12ms | Reasons: [ip_based_host, unencrypted_transport]
✅ [PASS] 11. False Positive Guard — 'cute' in cute-puppies.org (NOT HCMUTE)
   Status: PASS | Conf: 0.9 | Latency: 0.43ms | Reasons: []
✅ [PASS] 11. False Positive Guard — 'minute' in tutor-minute.com (NOT HCMUTE)
   Status: PASS | Conf: 0.9 | Latency: 0.52ms | Reasons: []
✅ [PASS] 11. False Positive Guard — 'pineapple' in pineapple-recipes.net (NOT Apple)
   Status: PASS | Conf: 0.9 | Latency: 0.55ms | Reasons: []
✅ [PASS] 11. False Positive Guard — 'metadata' in metadata-governance.org (NOT Meta)
   Status: PASS | Conf: 0.9 | Latency: 0.53ms | Reasons: []
✅ [PASS] 11. False Positive Guard — 'computational' in computational-physics.com (NOT HCMUTE)
   Status: PASS | Conf: 0.9 | Latency: 0.61ms | Reasons: []
✅ [PASS] 11. False Positive Guard — 'travel' in singapore-travel-guide.com (NOT Apple)
   Status: PASS | Conf: 0.9 | Latency: 0.61ms | Reasons: []
✅ [PASS] 11. False Positive Guard — 'dispute' in dispute-resolution-center.org (NOT HCMUTE)
   Status: PASS | Conf: 0.9 | Latency: 0.75ms | Reasons: []
✅ [PASS] 11. False Positive Guard — 'minute' in minute-maid-beverages.com (NOT HCMUTE)
   Status: PASS | Conf: 0.9 | Latency: 0.6ms | Reasons: []
✅ [PASS] 11. False Positive Guard — 'culture' in open-culture-foundation.org (NOT HCMUTE)
   Status: PASS | Conf: 0.9 | Latency: 0.62ms | Reasons: []
✅ [PASS] 11. False Positive Guard — 'executive' in executive-leadership-program.com (NOT HCMUTE)
   Status: PASS | Conf: 0.9 | Latency: 0.67ms | Reasons: []
✅ [PASS] 11. False Positive Guard — 'atmospheric' in atmospheric-science.net (NOT MoMo)
   Status: PASS | Conf: 0.9 | Latency: 0.7ms | Reasons: []

📊 Suite Result: 123/123 Passed (100.0%)

----------------------------------------------------------------------
▶ 🖼️ 2. OCR IMAGE & SCREENSHOT THREAT BATTERY (5 Vectors)
----------------------------------------------------------------------
✅ [PASS] OCR - Fake Vietcombank Account Lock Alert
   Status: BLOCK | Conf: 0.97 | Latency: 6.51ms | Reasons: [ocr_phishing_pattern]
✅ [PASS] OCR - Shopee Task Scam Recruitment Flyer
   Status: BLOCK | Conf: 0.97 | Latency: 2.02ms | Reasons: [ocr_phishing_pattern]
✅ [PASS] OCR - Fake University Scholarship Grant Demand
   Status: BLOCK | Conf: 0.97 | Latency: 0.14ms | Reasons: [ocr_phishing_pattern]
✅ [PASS] OCR - Benign Lecture Slide (Operating Systems)
   Status: PASS | Conf: 0.9 | Latency: 0.5ms | Reasons: []
✅ [PASS] OCR - Benign Lecture Slide with Security Keywords
   Status: PASS | Conf: 0.9 | Latency: 0.21ms | Reasons: []

📊 Suite Result: 5/5 Passed (100.0%)

----------------------------------------------------------------------
▶ 📷 3. QR CODE SCANNING & DESTINATION BATTERY (4 Vectors)
----------------------------------------------------------------------
✅ [PASS] QR Code - Phishing Destination (HCMUTE Fake OTP Portal)
   Status: BLOCK | Conf: 0.98 | Latency: 0.75ms | Reasons: [qr_malicious_url]
✅ [PASS] QR Code - Phishing Destination (VCB Fake Biometrics Sync)
   Status: BLOCK | Conf: 0.98 | Latency: 0.32ms | Reasons: [qr_malicious_url]
✅ [PASS] QR Code - Malicious Executable Download (Trojan APK)
   Status: BLOCK | Conf: 0.98 | Latency: 0.55ms | Reasons: [qr_malicious_url]
✅ [PASS] QR Code - Whitelisted Authentic University Portal
   Status: PASS | Conf: 0.9 | Latency: 0.1ms | Reasons: []

📊 Suite Result: 4/4 Passed (100.0%)

----------------------------------------------------------------------
▶ 📦 4. BINARY MAGIC BYTES & POLYGLOT TROJAN BATTERY (7 Vectors)
----------------------------------------------------------------------
✅ [PASS] Binary - Legitimate PNG Image Header
   Status: PASS | Conf: 0.9 | Latency: 0.34ms | Reasons: []
✅ [PASS] Binary - Legitimate JPEG Image Header
   Status: PASS | Conf: 0.9 | Latency: 0.08ms | Reasons: []
✅ [PASS] Binary - Legitimate WebP Image Header
   Status: PASS | Conf: 0.9 | Latency: 0.03ms | Reasons: []
✅ [PASS] Binary - Legitimate PDF Document Header
   Status: PASS | Conf: 0.9 | Latency: 0.02ms | Reasons: []
✅ [PASS] Binary Polyglot - Disguised Windows PE EXE in JPG (4D 5A)
   Status: BLOCK | Conf: 0.99 | Latency: 0.07ms | Reasons: [executable_polyglot]
✅ [PASS] Binary Polyglot - Disguised Linux Native ELF in PNG (7F 45 4C 46)
   Status: BLOCK | Conf: 0.99 | Latency: 0.03ms | Reasons: [executable_polyglot]
✅ [PASS] Binary Polyglot - Disguised ZIP/APK Archive in PDF (50 4B 03 04)
   Status: BLOCK | Conf: 0.99 | Latency: 0.03ms | Reasons: [magic_byte_mismatch]

📊 Suite Result: 7/7 Passed (100.0%)

----------------------------------------------------------------------
▶ 📝 5. TEXT PHISHING, EVASION & SOCIAL ENGINEERING BATTERY (9 Vectors)
----------------------------------------------------------------------
✅ [PASS] Text - Credential & OTP Harvesting Trap
   Status: BLOCK | Conf: 0.98 | Latency: 0.08ms | Reasons: [credential_request, otp_request]
✅ [PASS] Text - Shopee Part-Time Task Deposit Scam
   Status: BLOCK | Conf: 0.96 | Latency: 0.06ms | Reasons: [task_deposit_scam, advance_fee_scam]
✅ [PASS] Text - Obfuscated PowerShell Remote Download Shell
   Status: BLOCK | Conf: 0.99 | Latency: 0.05ms | Reasons: [malicious_shell_payload]
✅ [PASS] Text - Spaced Letter Evasion (N h ậ p  m ậ t  k h ẩ u)
   Status: BLOCK | Conf: 0.98 | Latency: 0.05ms | Reasons: [credential_request, otp_request]
✅ [PASS] Text - Zero-Width Space Injection Evasion
   Status: BLOCK | Conf: 0.98 | Latency: 0.05ms | Reasons: [credential_request, otp_request]
✅ [PASS] Text - Leet-Speak Evasion (p@ssw0rd and 0TP)
   Status: BLOCK | Conf: 0.98 | Latency: 0.88ms | Reasons: [credential_request, otp_request]
✅ [PASS] Text False-Positive Guard - Educational Password Discussion
   Status: PASS | Conf: 0.9 | Latency: 0.03ms | Reasons: []
✅ [PASS] Text False-Positive Guard - Educational Smart OTP Assignment
   Status: PASS | Conf: 0.9 | Latency: 0.05ms | Reasons: []
✅ [PASS] Text False-Positive Guard - AI Language Model Style
   Status: PASS | Conf: 0.9 | Latency: 0.04ms | Reasons: []

📊 Suite Result: 9/9 Passed (100.0%)

======================================================================
🏆 GRAND TOTAL MULTI-MODAL EVALUATION SUMMARY
======================================================================
Total Multi-Modal Test Vectors Screened : 148
Successful Deterministic Tests (PASSED) : 148 / 148
Failed Tests                            : 0
Average Screening Latency               : 0.30 ms
Overall System Accuracy                 : 100.0%
======================================================================

(node:12240) ExperimentalWarning: `--experimental-loader` may be removed in the future; instead use `register()`:
--import 'data:text/javascript,import { register } from "node:module"; import { pathToFileURL } from "node:url"; register("file%3A///D%3A/StudentHub-CodexRuns/FULL_REPAIR_20261001/candidate/frontend/tests/foundation/ts-extension-loader.mjs", pathToFileURL("./"));'
(Use `node --trace-warnings ...` to show where the warning was created)
======================================================================
🛡️ LAYER 1 COMPREHENSIVE BACKEND & MULTI-MODAL DETECTION TEST SUITE
======================================================================

✅ [PASS] URL - Legitimate Whitelisted
   Status: PASS | Conf: 0.99 | Latency: 5.09ms | Reasons: [whitelisted_domain]
✅ [PASS] URL - Legitimate Google
   Status: PASS | Conf: 0.99 | Latency: 1.19ms | Reasons: [whitelisted_domain]
✅ [PASS] URL - Unencrypted HTTP
   Status: SUSPICIOUS | Conf: 0.45 | Latency: 2.04ms | Reasons: [unencrypted_transport]
✅ [PASS] URL - URL Shortener
   Status: SUSPICIOUS | Conf: 0.45 | Latency: 0.23ms | Reasons: [shortened_url]
✅ [PASS] URL - Raw IPv4 Host
   Status: BLOCK | Conf: 0.99 | Latency: 0.15ms | Reasons: [ssrf_attempt]
✅ [PASS] URL - Deceptive Subdomain Impersonation (Hard Block)
   Status: BLOCK | Conf: 0.98 | Latency: 0.25ms | Reasons: [phishing_pattern, brand_impersonation_subdomain]
✅ [PASS] URL - HCMUTE University Impersonation with Phishing Path (Hard Block)
   Status: BLOCK | Conf: 0.98 | Latency: 0.17ms | Reasons: [phishing_pattern, brand_impersonation_subdomain]
✅ [PASS] URL - Cyrillic Unicode Homoglyph Attack (Hard Block)
   Status: BLOCK | Conf: 0.98 | Latency: 0.75ms | Reasons: [phishing_pattern, unicode_homoglyph]
✅ [PASS] URL - Direct Executable Download (Hard Block)
   Status: BLOCK | Conf: 0.99 | Latency: 1.15ms | Reasons: [dangerous_executable]
✅ [PASS] URL - SSRF Private Loopback Target (Hard Block)
   Status: BLOCK | Conf: 0.99 | Latency: 0.08ms | Reasons: [ssrf_attempt]
✅ [PASS] URL - SSRF Cloud Metadata Endpoint (Hard Block)
   Status: BLOCK | Conf: 0.99 | Latency: 0.04ms | Reasons: [ssrf_attempt]
✅ [PASS] Text - Benign Harmless Note
   Status: PASS | Conf: 0.9 | Latency: 6.77ms | Reasons: []
✅ [PASS] Text - False Positive Avoidance (Educational Password Lecture)
   Status: PASS | Conf: 0.9 | Latency: 0.92ms | Reasons: []
✅ [PASS] Text - False Positive Avoidance (Educational OTP Assignment)
   Status: PASS | Conf: 0.9 | Latency: 1.57ms | Reasons: []
✅ [PASS] Text - Credential & OTP Harvesting (Hard Block)
   Status: BLOCK | Conf: 0.98 | Latency: 0.14ms | Reasons: [credential_request, otp_request]
✅ [PASS] Text - Task Deposit & Student Job Scam (Hard Block)
   Status: BLOCK | Conf: 0.96 | Latency: 0.1ms | Reasons: [task_deposit_scam, advance_fee_scam]
✅ [PASS] Text - Malicious PowerShell Payload (Hard Block)
   Status: BLOCK | Conf: 0.99 | Latency: 0.07ms | Reasons: [malicious_shell_payload]
✅ [PASS] Text - AI-like Style Guard (Must NOT Block)
   Status: PASS | Conf: 0.9 | Latency: 0.13ms | Reasons: []
✅ [PASS] File - Authentic PNG Binary
   Status: PASS | Conf: 0.9 | Latency: 0.61ms | Reasons: []
✅ [PASS] File - Disguised Windows Executable MZ Polyglot (Hard Block)
   Status: BLOCK | Conf: 0.99 | Latency: 0.17ms | Reasons: [executable_polyglot]
✅ [PASS] File - Disguised ZIP/APK in JPG (Hard Block)
   Status: BLOCK | Conf: 0.99 | Latency: 0.06ms | Reasons: [magic_byte_mismatch]
✅ [PASS] Image OCR - Screenshot Phishing Text (Hard Block)
   Status: BLOCK | Conf: 0.97 | Latency: 0.82ms | Reasons: [ocr_phishing_pattern]
✅ [PASS] Image QR - QR Code Phishing Destination (Hard Block)
   Status: BLOCK | Conf: 0.98 | Latency: 0.77ms | Reasons: [qr_malicious_url]
✅ [PASS] Adversarial - Spaced Letters Evasion (Hard Block)
   Status: BLOCK | Conf: 0.98 | Latency: 0.07ms | Reasons: [credential_request, otp_request]
✅ [PASS] Adversarial - Zero-Width Character Injection (Hard Block)
   Status: BLOCK | Conf: 0.98 | Latency: 0.06ms | Reasons: [credential_request, otp_request]
✅ [PASS] Adversarial - Leet-Speak Credential Demand (Hard Block)
   Status: BLOCK | Conf: 0.98 | Latency: 0.04ms | Reasons: [credential_request, otp_request]

--- Model Strategy & Fallback Test ---
✅ [PASS] Model Fallback on Error: Deterministic rule properly maintained BLOCK despite model failure.
✅ [PASS] Auxiliary Model Corroboration: Successfully routed to SUSPICIOUS (Next Layer 2).

======================================================================
📊 CORE SUITE RESULT: 28/28 TEST SUITES PASSED (100.0%)
======================================================================


>>> EXECUTING EXTENDED 120+ URL BENCHMARK BATTERY <<<

======================================================================
🌐 LAYER 1 — COMPREHENSIVE URL BENCHMARK & EVALUATION SUITE
======================================================================

✅ [PASS] 1. VN Universities — HCMUTE Official
   URL: https://hcmute.edu.vn/tin-tuc/thong-bao-tuyen-sinh
   Status: PASS | Conf: 0.99 | Latency: 0.09ms | Reasons: [whitelisted_domain]
✅ [PASS] 1. VN Universities — VNU-HCM Portal
   URL: https://vnuhcm.edu.vn/dao-tao-dai-hoc/thong-tin
   Status: PASS | Conf: 0.99 | Latency: 0.05ms | Reasons: [whitelisted_domain]
✅ [PASS] 1. VN Universities — HCMUT Bách Khoa TP.HCM
   URL: https://hcmut.edu.vn/sinh-vien/bieu-mau
   Status: PASS | Conf: 0.99 | Latency: 0.04ms | Reasons: [whitelisted_domain]
✅ [PASS] 1. VN Universities — UIT Công nghệ Thông tin
   URL: https://uit.edu.vn/tuyen-sinh/chuong-trinh-dao-tao
   Status: PASS | Conf: 0.99 | Latency: 0.08ms | Reasons: [whitelisted_domain]
✅ [PASS] 1. VN Universities — USSH Nhân Văn TP.HCM
   URL: https://ussh.edu.vn/gioi-thieu/khoa-hoc
   Status: PASS | Conf: 0.99 | Latency: 0.05ms | Reasons: [whitelisted_domain]
✅ [PASS] 1. VN Universities — UEL Kinh tế Luật
   URL: https://uel.edu.vn/thong-bao-hoc-vu
   Status: PASS | Conf: 0.99 | Latency: 0.04ms | Reasons: [whitelisted_domain]
✅ [PASS] 1. VN Universities — HUST Bách Khoa Hà Nội
   URL: https://hust.edu.vn/tin-tuc/su-kien-noi-bat
   Status: PASS | Conf: 0.99 | Latency: 0.04ms | Reasons: [whitelisted_domain]
✅ [PASS] 1. VN Universities — VNU Hà Nội
   URL: https://vnu.edu.vn/home/thong-bao
   Status: PASS | Conf: 0.99 | Latency: 0.03ms | Reasons: [whitelisted_domain]
✅ [PASS] 1. VN Universities — NEU Kinh tế Quốc dân
   URL: https://neu.edu.vn/tuyen-sinh-dai-hoc-chinh-quy
   Status: PASS | Conf: 0.99 | Latency: 0.04ms | Reasons: [whitelisted_domain]
✅ [PASS] 1. VN Universities — FTU Ngoại Thương
   URL: https://ftu.edu.vn/thong-bao-hoc-bong
   Status: PASS | Conf: 0.99 | Latency: 0.03ms | Reasons: [whitelisted_domain]
✅ [PASS] 1. VN Universities — UEH Kinh tế TP.HCM
   URL: https://ueh.edu.vn/sinh-vien/lich-thi
   Status: PASS | Conf: 0.99 | Latency: 0.04ms | Reasons: [whitelisted_domain]
✅ [PASS] 1. VN Universities — UMP Y Dược TP.HCM
   URL: https://ump.edu.vn/dao-tao/thong-bao-moi
   Status: PASS | Conf: 0.99 | Latency: 0.03ms | Reasons: [whitelisted_domain]
✅ [PASS] 1. VN Universities — CTU Cần Thơ
   URL: https://ctu.edu.vn/thong-tin-dao-tao
   Status: PASS | Conf: 0.99 | Latency: 0.04ms | Reasons: [whitelisted_domain]
✅ [PASS] 1. VN Universities — DUT Bách Khoa Đà Nẵng
   URL: https://dut.udn.vn/tin-tuc/thong-bao
   Status: PASS | Conf: 0.99 | Latency: 0.04ms | Reasons: [whitelisted_domain]
✅ [PASS] 1. VN Universities — TDTU Tôn Đức Thắng
   URL: https://tdtu.edu.vn/giao-duc/chuong-trinh
   Status: PASS | Conf: 0.99 | Latency: 0.03ms | Reasons: [whitelisted_domain]
✅ [PASS] 1. VN Universities — PTIT Bưu chính Viễn thông
   URL: https://ptit.edu.vn/sinh-vien/tin-hoc-bong
   Status: PASS | Conf: 0.99 | Latency: 0.04ms | Reasons: [whitelisted_domain]
✅ [PASS] 1. VN Universities — FPT University
   URL: https://fpt.edu.vn/nganh-hoc/cong-nghe-thong-tin
   Status: PASS | Conf: 0.99 | Latency: 0.03ms | Reasons: [whitelisted_domain]
✅ [PASS] 1. VN Universities — RMIT Vietnam
   URL: https://rmit.edu.vn/vi/hoc-tap/chuong-trinh-dao-tao
   Status: PASS | Conf: 0.99 | Latency: 0.03ms | Reasons: [whitelisted_domain]
✅ [PASS] 1. VN Universities — HUTECH University
   URL: https://hutech.edu.vn/tuyen-sinh/de-an-tuyen-sinh
   Status: PASS | Conf: 0.99 | Latency: 0.04ms | Reasons: [whitelisted_domain]
✅ [PASS] 1. VN Universities — Văn Lang University
   URL: https://vlu.edu.vn/thong-bao-tuyen-dung
   Status: PASS | Conf: 0.99 | Latency: 0.04ms | Reasons: [whitelisted_domain]
✅ [PASS] 2. VN Banks — Vietcombank Official
   URL: https://vietcombank.com.vn/vi-VN/Khach-hang-ca-nhan
   Status: PASS | Conf: 0.99 | Latency: 0.05ms | Reasons: [whitelisted_domain]
✅ [PASS] 2. VN Banks — MBBank Official
   URL: https://mbbank.com.vn/khach-hang-ca-nhan/dich-vu-the
   Status: PASS | Conf: 0.99 | Latency: 0.09ms | Reasons: [whitelisted_domain]
✅ [PASS] 2. VN Banks — Techcombank Official
   URL: https://techcombank.com/khach-hang-ca-nhan
   Status: PASS | Conf: 0.99 | Latency: 0.06ms | Reasons: [whitelisted_domain]
✅ [PASS] 2. VN Banks — BIDV Official
   URL: https://bidv.com.vn/vn/ca-nhan/san-pham-dich-vu
   Status: PASS | Conf: 0.99 | Latency: 0.06ms | Reasons: [whitelisted_domain]
✅ [PASS] 2. VN Banks — VietinBank Official
   URL: https://vietinbank.vn/vn/ca-nhan/san-pham-dich-vu
   Status: PASS | Conf: 0.99 | Latency: 0.3ms | Reasons: [whitelisted_domain]
✅ [PASS] 2. VN Banks — Agribank Official
   URL: https://agribank.com.vn/vn/ca-nhan/san-pham
   Status: PASS | Conf: 0.99 | Latency: 0.05ms | Reasons: [whitelisted_domain]
✅ [PASS] 2. VN Banks — VPBank Official
   URL: https://vpbank.com.vn/ca-nhan/dich-vu-ngan-hang-so
   Status: PASS | Conf: 0.99 | Latency: 0.05ms | Reasons: [whitelisted_domain]
✅ [PASS] 2. VN Banks — ACB Official
   URL: https://acb.com.vn/khach-hang-ca-nhan
   Status: PASS | Conf: 0.99 | Latency: 0.04ms | Reasons: [whitelisted_domain]
✅ [PASS] 2. VN Banks — TPBank Official
   URL: https://tpb.vn/khach-hang-ca-nhan/tiet-kiem
   Status: PASS | Conf: 0.99 | Latency: 0.03ms | Reasons: [whitelisted_domain]
✅ [PASS] 2. VN Banks — Sacombank Official
   URL: https://sacombank.com.vn/ca-nhan/the.html
   Status: PASS | Conf: 0.99 | Latency: 0.03ms | Reasons: [whitelisted_domain]
✅ [PASS] 2. VN Banks — VIB Official
   URL: https://vib.com.vn/vn/ca-nhan
   Status: PASS | Conf: 0.99 | Latency: 0.04ms | Reasons: [whitelisted_domain]
✅ [PASS] 2. VN Fintech — MoMo Wallet
   URL: https://momo.vn/tin-tuc/khuyen-mai
   Status: PASS | Conf: 0.99 | Latency: 0.03ms | Reasons: [whitelisted_domain]
✅ [PASS] 2. VN Fintech — ZaloPay Wallet
   URL: https://zalopay.vn/tin-tuc/uu-dai
   Status: PASS | Conf: 0.99 | Latency: 0.03ms | Reasons: [whitelisted_domain]
✅ [PASS] 2. VN Fintech — VNPAY Payment Gateway
   URL: https://vnpay.vn/giai-phap-thanh-toan
   Status: PASS | Conf: 0.99 | Latency: 0.03ms | Reasons: [whitelisted_domain]
✅ [PASS] 2. VN Fintech — Viettel Money
   URL: https://viettelmoney.vn/dich-vu-chuyen-tien
   Status: PASS | Conf: 0.99 | Latency: 0.03ms | Reasons: [whitelisted_domain]
✅ [PASS] 3. Gov Portals — Cổng Dịch vụ công Quốc gia
   URL: https://dichvucong.gov.vn/p/home/dvc-index.html
   Status: PASS | Conf: 0.99 | Latency: 0.05ms | Reasons: [whitelisted_domain]
✅ [PASS] 3. Gov Portals — VNeID Định danh điện tử
   URL: https://vneid.gov.vn/huong-dan-cai-dat.html
   Status: PASS | Conf: 0.99 | Latency: 0.04ms | Reasons: [whitelisted_domain]
✅ [PASS] 3. Gov Portals — Bộ Công an
   URL: https://bocongan.gov.vn/tin-tuc/thong-bao
   Status: PASS | Conf: 0.99 | Latency: 0.04ms | Reasons: [whitelisted_domain]
✅ [PASS] 3. Gov Portals — Bảo hiểm Xã hội Việt Nam
   URL: https://baohiemxahoi.gov.vn/tra-cuu/Pages/default.aspx
   Status: PASS | Conf: 0.99 | Latency: 0.04ms | Reasons: [whitelisted_domain]
✅ [PASS] 3. Gov Portals — Thuế Điện Tử Tổng cục Thuế
   URL: https://thuedientu.gdt.gov.vn/ttht/login
   Status: PASS | Conf: 0.99 | Latency: 0.04ms | Reasons: [whitelisted_domain]
✅ [PASS] 3. Gov Portals — Cục Cảnh sát Giao thông
   URL: https://csgt.vn/tra-cuu-phuong-tien-vi-pham.html
   Status: PASS | Conf: 0.99 | Latency: 0.03ms | Reasons: [whitelisted_domain]
✅ [PASS] 3. Gov Portals — Cổng Thông tin Chính phủ
   URL: https://chinhphu.vn/thoi-su
   Status: PASS | Conf: 0.99 | Latency: 0.03ms | Reasons: [whitelisted_domain]
✅ [PASS] 3. Gov Portals — Bộ Giáo dục và Đào tạo
   URL: https://moet.gov.vn/tintuc/Pages/tin-tong-hop.aspx
   Status: PASS | Conf: 0.99 | Latency: 0.03ms | Reasons: [whitelisted_domain]
✅ [PASS] 4. Global Tech — Google Accounts
   URL: https://accounts.google.com/signin/v2/identifier
   Status: PASS | Conf: 0.99 | Latency: 0.04ms | Reasons: [whitelisted_domain]
✅ [PASS] 4. Global Tech — Gmail Web
   URL: https://mail.google.com/mail/u/0/#inbox
   Status: PASS | Conf: 0.99 | Latency: 0.04ms | Reasons: [whitelisted_domain]
✅ [PASS] 4. Global Tech — Microsoft Online Login
   URL: https://login.microsoftonline.com/common/oauth2/authorize
   Status: PASS | Conf: 0.99 | Latency: 0.04ms | Reasons: [whitelisted_domain]
✅ [PASS] 4. Global Tech — Apple iCloud
   URL: https://icloud.com/find
   Status: PASS | Conf: 0.99 | Latency: 0.03ms | Reasons: [whitelisted_domain]
✅ [PASS] 4. Global Tech — GitHub Repository
   URL: https://github.com/google-deepmind/studenthub-ai
   Status: PASS | Conf: 0.99 | Latency: 0.03ms | Reasons: [whitelisted_domain]
✅ [PASS] 4. Global Tech — OpenAI ChatGPT
   URL: https://chatgpt.com/c/student-assistant
   Status: PASS | Conf: 0.99 | Latency: 0.04ms | Reasons: [whitelisted_domain]
✅ [PASS] 4. Global Tech — Anthropic Claude
   URL: https://claude.ai/chat/study-analysis
   Status: PASS | Conf: 0.99 | Latency: 0.04ms | Reasons: [whitelisted_domain]
✅ [PASS] 4. Global Tech — Canvas LMS Instructure
   URL: https://instructure.com/canvas/login
   Status: PASS | Conf: 0.99 | Latency: 0.04ms | Reasons: [whitelisted_domain]
✅ [PASS] 4. Global Tech — Overleaf LaTeX
   URL: https://overleaf.com/project/658b9f
   Status: PASS | Conf: 0.99 | Latency: 0.04ms | Reasons: [whitelisted_domain]
✅ [PASS] 4. Global Tech — Notion Workspace
   URL: https://notion.so/studenthub-roadmap
   Status: PASS | Conf: 0.99 | Latency: 0.04ms | Reasons: [whitelisted_domain]
✅ [PASS] 4. Global Tech — Canva Design
   URL: https://canva.com/design/DAF-template
   Status: PASS | Conf: 0.99 | Latency: 0.04ms | Reasons: [whitelisted_domain]
✅ [PASS] 4. Global Tech — Zoom Meeting
   URL: https://zoom.us/j/8492048592
   Status: PASS | Conf: 0.99 | Latency: 0.07ms | Reasons: [whitelisted_domain]
✅ [PASS] 5. Bank Phishing — Vietcombank Sinh Trắc Học Fake
   URL: http://vietcombank-login.verify-portal.xyz/cap-nhat-sinh-trac-hoc
   Status: BLOCK | Conf: 0.98 | Latency: 0.1ms | Reasons: [phishing_pattern, brand_impersonation_subdomain]
✅ [PASS] 5. Bank Phishing — VCB Digibank Smart OTP Theft
   URL: http://vcb-digibank.smart-otp-auth.top/mo-khoa-tai-khoan
   Status: BLOCK | Conf: 0.98 | Latency: 0.11ms | Reasons: [phishing_pattern, brand_impersonation_subdomain]
✅ [PASS] 5. Bank Phishing — MBBank E-banking Face ID Scam
   URL: https://mbbank-online-ebanking.net/xac-thuc-khuon-mat
   Status: BLOCK | Conf: 0.98 | Latency: 0.07ms | Reasons: [phishing_pattern, brand_impersonation_subdomain]
✅ [PASS] 5. Bank Phishing — Techcombank Security Alert Fake
   URL: http://techcombank-tcb.security-alert.click/kich-hoat
   Status: BLOCK | Conf: 0.98 | Latency: 0.08ms | Reasons: [phishing_pattern, brand_impersonation_subdomain]
✅ [PASS] 5. Bank Phishing — BIDV SmartBanking Sinh Trắc Học
   URL: http://bidv-smartbanking.update-info.cam/sinh-trac-hoc
   Status: BLOCK | Conf: 0.98 | Latency: 0.07ms | Reasons: [phishing_pattern, brand_impersonation_subdomain]
✅ [PASS] 5. Bank Phishing — VietinBank iPay Data Sync Phish
   URL: http://vietinbank-ipay.verify-account.vip/dong-bo-du-lieu
   Status: BLOCK | Conf: 0.98 | Latency: 0.11ms | Reasons: [phishing_pattern, brand_impersonation_subdomain]
✅ [PASS] 5. Bank Phishing — Agribank E-banking Biometrics
   URL: http://agribank-ebanking.cfd/cap-nhat-sinh-trac-hoc
   Status: BLOCK | Conf: 0.98 | Latency: 0.08ms | Reasons: [phishing_pattern, brand_impersonation_subdomain]
✅ [PASS] 5. Bank Phishing — ACB ONE OTP Confirm Trap
   URL: http://acb-one-login.online/xac-nhan-otp
   Status: BLOCK | Conf: 0.98 | Latency: 0.1ms | Reasons: [phishing_pattern, brand_impersonation_subdomain]
✅ [PASS] 5. Bank Phishing — VPBank NEO Unlock Card Phish
   URL: http://vpbank-neo.security-check.club/mo-khoa-the
   Status: BLOCK | Conf: 0.98 | Latency: 0.08ms | Reasons: [phishing_pattern, brand_impersonation_subdomain]
✅ [PASS] 5. Bank Phishing — TPBank Smart OTP Upgrade Scam
   URL: http://tpbank-ebanking.site/nang-cap-smart-otp
   Status: BLOCK | Conf: 0.98 | Latency: 0.1ms | Reasons: [phishing_pattern, brand_impersonation_subdomain]
✅ [PASS] 5. Bank Phishing — MoMo Fake Claim Voucher Trap
   URL: http://momo-vi-nhan-tien.top/claim-voucher
   Status: BLOCK | Conf: 0.98 | Latency: 0.07ms | Reasons: [phishing_pattern, brand_impersonation_subdomain]
✅ [PASS] 5. Bank Phishing — ZaloPay 2026 Reward Scam
   URL: http://zalopay-xac-thuc.xyz/nhan-thuong-2026
   Status: BLOCK | Conf: 0.98 | Latency: 0.07ms | Reasons: [phishing_pattern, brand_impersonation_subdomain]
✅ [PASS] 5. Bank Phishing — VNPAY QR Merchant Activate Trap
   URL: http://vnpay-qr-merchant.cam/kich-hoat-vi
   Status: BLOCK | Conf: 0.98 | Latency: 0.08ms | Reasons: [phishing_pattern, brand_impersonation_subdomain]
✅ [PASS] 6. Student Phishing — HCMUTE University Student OTP Theft
   URL: http://hcmute-login.verify-portal.xyz/student-otp
   Status: BLOCK | Conf: 0.98 | Latency: 0.06ms | Reasons: [phishing_pattern, brand_impersonation_subdomain]
✅ [PASS] 6. Student Phishing — HCMUTE Enterprise Scholarship Trap
   URL: http://sinhvien-hcmute.hocbong-doanhnghiep.top/nhan-hoc-bong
   Status: BLOCK | Conf: 0.98 | Latency: 0.06ms | Reasons: [phishing_pattern, brand_impersonation_subdomain]
✅ [PASS] 6. Student Phishing — VNU-HCM Tuition Aid Scam
   URL: http://dhqg-vnuhcm.portal-sinhvien.site/tro-cap-hoc-phi
   Status: BLOCK | Conf: 0.98 | Latency: 0.06ms | Reasons: [phishing_pattern, brand_impersonation_subdomain]
✅ [PASS] 6. Student Phishing — HUST Bách Khoa HN Reward Phish
   URL: http://hust-bachkhoahn.dang-ky-hoc-bong.club/nhan-thuong
   Status: BLOCK | Conf: 0.98 | Latency: 0.13ms | Reasons: [phishing_pattern, brand_impersonation]
✅ [PASS] 6. Student Phishing — Shopee CTV Part-Time Deposit Scam
   URL: http://shopee-tuyen-ctv.kiem-tien-online.top/nap-tien-du-an
   Status: BLOCK | Conf: 0.98 | Latency: 0.09ms | Reasons: [phishing_pattern, brand_impersonation_subdomain]
✅ [PASS] 6. Student Phishing — Lazada Order Review Task Scam
   URL: http://lazada-don-hang.nhiem-vu-kiem-tien.site/dat-coc
   Status: BLOCK | Conf: 0.98 | Latency: 0.09ms | Reasons: [phishing_pattern, brand_impersonation_subdomain]
✅ [PASS] 6. Student Phishing — TikTok Shop Commission Task Scam
   URL: http://tiktok-shop-ctv.nhan-hoa-hong.xyz/nhiem-vu
   Status: BLOCK | Conf: 0.98 | Latency: 0.08ms | Reasons: [phishing_pattern, brand_impersonation_subdomain]
✅ [PASS] 6. Gov Phishing — VNeID Level 2 Identification Trap
   URL: http://dichvucong-vneid-dinhdanh.top/cap-nhat-dinh-danh
   Status: BLOCK | Conf: 0.98 | Latency: 0.08ms | Reasons: [phishing_pattern, brand_impersonation_subdomain]
✅ [PASS] 6. Gov Phishing — National CCCD Data Sync Scam
   URL: http://vneid-dinhdanh-quocgia.xyz/dong-bo-cccd
   Status: BLOCK | Conf: 0.98 | Latency: 0.07ms | Reasons: [phishing_pattern, brand_impersonation_subdomain]
✅ [PASS] 7. Homoglyph — Cyrillic 'а' in Apple
   URL: https://аpple.com/verify-account
   Status: BLOCK | Conf: 0.98 | Latency: 0.59ms | Reasons: [phishing_pattern, unicode_homoglyph]
✅ [PASS] 7. Homoglyph — Cyrillic 'оо' in Google
   URL: https://gооgle.com/accounts/login
   Status: BLOCK | Conf: 0.98 | Latency: 0.46ms | Reasons: [phishing_pattern, unicode_homoglyph]
✅ [PASS] 7. Homoglyph — Cyrillic 'і' in Vietcombank
   URL: https://vіetcombank.com.vn/ebanking
   Status: BLOCK | Conf: 0.98 | Latency: 0.53ms | Reasons: [phishing_pattern, unicode_homoglyph]
✅ [PASS] 7. Homoglyph — Cyrillic 'і' in Microsoft
   URL: https://mіcrosoft.com/auth/login
   Status: BLOCK | Conf: 0.98 | Latency: 0.52ms | Reasons: [phishing_pattern, unicode_homoglyph]
✅ [PASS] 7. Homoglyph — Cyrillic 'а' in Facebook
   URL: https://fаcebook.com/recover/code
   Status: BLOCK | Conf: 0.98 | Latency: 0.46ms | Reasons: [phishing_pattern, unicode_homoglyph]
✅ [PASS] 7. Homoglyph — Cyrillic 'ор' in Shopee
   URL: https://shорee.vn/order-confirm
   Status: BLOCK | Conf: 0.98 | Latency: 0.44ms | Reasons: [phishing_pattern, unicode_homoglyph]
✅ [PASS] 7. Homoglyph — Cyrillic 'о' in MoMo
   URL: https://mоmo.vn/transfer
   Status: BLOCK | Conf: 0.98 | Latency: 0.52ms | Reasons: [phishing_pattern, unicode_homoglyph]
✅ [PASS] 7. Homoglyph — Cyrillic 'с' in HCMUTE
   URL: https://hсmute.edu.vn/login
   Status: BLOCK | Conf: 0.98 | Latency: 0.43ms | Reasons: [phishing_pattern, unicode_homoglyph]
✅ [PASS] 7. Punycode — Spoofed Apple IDN
   URL: http://xn--pple-43d.com/signin
   Status: BLOCK | Conf: 0.98 | Latency: 0.42ms | Reasons: [phishing_pattern, unicode_homoglyph]
✅ [PASS] 7. Punycode — Spoofed Google IDN
   URL: http://xn--gogle-1qa.com/auth
   Status: BLOCK | Conf: 0.98 | Latency: 0.41ms | Reasons: [phishing_pattern, unicode_homoglyph]
✅ [PASS] 8. SSRF — Standard Loopback IPv4
   URL: http://127.0.0.1:8080/admin/delete
   Status: BLOCK | Conf: 0.99 | Latency: 0.04ms | Reasons: [ssrf_attempt]
✅ [PASS] 8. SSRF — Cloud Metadata Endpoint IPv4
   URL: http://169.254.169.254/latest/meta-data/
   Status: BLOCK | Conf: 0.99 | Latency: 0.02ms | Reasons: [ssrf_attempt]
✅ [PASS] 8. SSRF — Decimal Dword IP (127.0.0.1 = 2130706433)
   URL: http://2130706433/admin
   Status: BLOCK | Conf: 0.99 | Latency: 0.03ms | Reasons: [ssrf_attempt]
✅ [PASS] 8. SSRF — Decimal Dword IP (169.254.169.254 = 2852039166)
   URL: http://2852039166/latest/meta-data/
   Status: BLOCK | Conf: 0.99 | Latency: 0.02ms | Reasons: [ssrf_attempt]
✅ [PASS] 8. SSRF — Hexadecimal IP (127.0.0.1 = 0x7f000001)
   URL: http://0x7f000001/api/secret
   Status: BLOCK | Conf: 0.99 | Latency: 0.02ms | Reasons: [ssrf_attempt]
✅ [PASS] 8. SSRF — Hexadecimal IP (169.254.169.254 = 0xa9fea9fe)
   URL: http://0xa9fea9fe/metadata
   Status: BLOCK | Conf: 0.99 | Latency: 0.01ms | Reasons: [ssrf_attempt]
✅ [PASS] 8. SSRF — Octal IP (127.0.0.1 = 017700000001)
   URL: http://017700000001/debug
   Status: BLOCK | Conf: 0.99 | Latency: 0.02ms | Reasons: [ssrf_attempt]
✅ [PASS] 8. SSRF — IPv6 Loopback [::1]
   URL: http://[::1]:9000/internal
   Status: BLOCK | Conf: 0.99 | Latency: 0.16ms | Reasons: [ssrf_attempt]
✅ [PASS] 8. SSRF — Named Host Localhost
   URL: http://localhost:3000/system/metrics
   Status: BLOCK | Conf: 0.99 | Latency: 0.02ms | Reasons: [ssrf_attempt]
✅ [PASS] 9. Dangerous Executable — Windows EXE Payload
   URL: https://portal-tai-lieu.online/scholarship_form.exe
   Status: BLOCK | Conf: 0.99 | Latency: 0.51ms | Reasons: [dangerous_executable]
✅ [PASS] 9. Dangerous Executable — Windows MSI Installer
   URL: https://update-driver.xyz/patch_install.msi
   Status: BLOCK | Conf: 0.99 | Latency: 0.57ms | Reasons: [dangerous_executable]
✅ [PASS] 9. Dangerous Executable — Android Trojan APK
   URL: https://sv-app-download.site/sinhvien_portal.apk
   Status: BLOCK | Conf: 0.99 | Latency: 0.46ms | Reasons: [dangerous_executable]
✅ [PASS] 9. Dangerous Executable — PowerShell Malicious Script
   URL: https://document-share.top/instruction.ps1
   Status: BLOCK | Conf: 0.99 | Latency: 0.46ms | Reasons: [dangerous_executable]
✅ [PASS] 9. Dangerous Executable — macOS DMG Dropper
   URL: https://secure-vpn.club/installer.dmg
   Status: BLOCK | Conf: 0.99 | Latency: 0.4ms | Reasons: [dangerous_executable]
✅ [PASS] 9. Dangerous Executable — Windows Batch Payload
   URL: https://quick-setup.vip/run_update.bat
   Status: BLOCK | Conf: 0.99 | Latency: 0.37ms | Reasons: [dangerous_executable]
✅ [PASS] 9. Dangerous Executable — Screensaver SCR Payload
   URL: https://anti-scam-guide.cam/tool.scr
   Status: BLOCK | Conf: 0.99 | Latency: 0.6ms | Reasons: [dangerous_executable]
✅ [PASS] 9. Dangerous Executable — VBScript Payload
   URL: https://cloud-share.rest/payload.vbs
   Status: BLOCK | Conf: 0.99 | Latency: 0.4ms | Reasons: [dangerous_executable]
✅ [PASS] 10. Suspicious Transport — Bit.ly URL Shortener
   URL: https://bit.ly/student-guide-2026
   Status: SUSPICIOUS | Conf: 0.45 | Latency: 0.09ms | Reasons: [shortened_url]
✅ [PASS] 10. Suspicious Transport — TinyURL Shortener
   URL: https://tinyurl.com/scholarship-hcmute
   Status: SUSPICIOUS | Conf: 0.45 | Latency: 0.08ms | Reasons: [shortened_url]
✅ [PASS] 10. Suspicious Transport — T.co Twitter Shortener
   URL: https://t.co/studenthub-news
   Status: SUSPICIOUS | Conf: 0.45 | Latency: 0.06ms | Reasons: [shortened_url]
✅ [PASS] 10. Suspicious Transport — Cutt.ly Shortener
   URL: https://cutt.ly/tai-lieu-on-thi
   Status: SUSPICIOUS | Conf: 0.45 | Latency: 0.08ms | Reasons: [shortened_url]
✅ [PASS] 10. Suspicious Transport — Unencrypted HTTP Blog
   URL: http://my-academic-blog.org/article-1
   Status: SUSPICIOUS | Conf: 0.45 | Latency: 0.57ms | Reasons: [unencrypted_transport]
✅ [PASS] 10. Suspicious Transport — Unencrypted HTTP Notes
   URL: http://tech-notes-student.net/tips
   Status: SUSPICIOUS | Conf: 0.45 | Latency: 0.49ms | Reasons: [unencrypted_transport]
✅ [PASS] 10. Suspicious Transport — Raw IPv4 Hostname
   URL: http://192.168.1.50/dashboard
   Status: BLOCK | Conf: 0.99 | Latency: 0.03ms | Reasons: [ssrf_attempt]
✅ [PASS] 10. Suspicious Transport — Raw IPv4 Host Announcements
   URL: http://203.113.131.2/announcements
   Status: SUSPICIOUS | Conf: 0.45 | Latency: 0.12ms | Reasons: [ip_based_host, unencrypted_transport]
✅ [PASS] 11. False Positive Guard — 'cute' in cute-puppies.org (NOT HCMUTE)
   URL: https://cute-puppies.org/gallery
   Status: PASS | Conf: 0.9 | Latency: 0.56ms | Reasons: []
✅ [PASS] 11. False Positive Guard — 'minute' in tutor-minute.com (NOT HCMUTE)
   URL: https://tutor-minute.com/courses
   Status: PASS | Conf: 0.9 | Latency: 0.42ms | Reasons: []
✅ [PASS] 11. False Positive Guard — 'pineapple' in pineapple-recipes.net (NOT Apple)
   URL: https://pineapple-recipes.net/dishes
   Status: PASS | Conf: 0.9 | Latency: 0.56ms | Reasons: []
✅ [PASS] 11. False Positive Guard — 'metadata' in metadata-governance.org (NOT Meta)
   URL: https://metadata-governance.org/standards
   Status: PASS | Conf: 0.9 | Latency: 0.55ms | Reasons: []
✅ [PASS] 11. False Positive Guard — 'computational' in computational-physics.com (NOT HCMUTE)
   URL: https://computational-physics.com/lecture
   Status: PASS | Conf: 0.9 | Latency: 0.57ms | Reasons: []
✅ [PASS] 11. False Positive Guard — 'travel' in singapore-travel-guide.com (NOT Apple)
   URL: https://singapore-travel-guide.com/attractions
   Status: PASS | Conf: 0.9 | Latency: 0.76ms | Reasons: []
✅ [PASS] 11. False Positive Guard — 'dispute' in dispute-resolution-center.org (NOT HCMUTE)
   URL: https://dispute-resolution-center.org/cases
   Status: PASS | Conf: 0.9 | Latency: 0.71ms | Reasons: []
✅ [PASS] 11. False Positive Guard — 'minute' in minute-maid-beverages.com (NOT HCMUTE)
   URL: https://minute-maid-beverages.com/products
   Status: PASS | Conf: 0.9 | Latency: 0.57ms | Reasons: []
✅ [PASS] 11. False Positive Guard — 'culture' in open-culture-foundation.org (NOT HCMUTE)
   URL: https://open-culture-foundation.org/initiatives
   Status: PASS | Conf: 0.9 | Latency: 0.59ms | Reasons: []
✅ [PASS] 11. False Positive Guard — 'executive' in executive-leadership-program.com (NOT HCMUTE)
   URL: https://executive-leadership-program.com/mba
   Status: PASS | Conf: 0.9 | Latency: 0.8ms | Reasons: []
✅ [PASS] 11. False Positive Guard — 'atmospheric' in atmospheric-science.net (NOT MoMo)
   URL: https://atmospheric-science.net/data
   Status: PASS | Conf: 0.9 | Latency: 0.55ms | Reasons: []

======================================================================
📈 CATEGORY BREAKDOWN SUMMARY
======================================================================
🔹 1. VN Universities       : 20/20 (100.0%)
🔹 2. VN Banks              : 11/11 (100.0%)
🔹 2. VN Fintech            : 4/4 (100.0%)
🔹 3. Gov Portals           : 8/8 (100.0%)
🔹 4. Global Tech           : 12/12 (100.0%)
🔹 5. Bank Phishing         : 13/13 (100.0%)
🔹 6. Student Phishing      : 7/7 (100.0%)
🔹 6. Gov Phishing          : 2/2 (100.0%)
🔹 7. Homoglyph             : 8/8 (100.0%)
🔹 7. Punycode              : 2/2 (100.0%)
🔹 8. SSRF                  : 9/9 (100.0%)
🔹 9. Dangerous Executable  : 8/8 (100.0%)
🔹 10. Suspicious Transport : 8/8 (100.0%)
🔹 11. False Positive Guard : 11/11 (100.0%)

======================================================================
🎯 CONFUSION MATRIX & QUALITY METRICS
======================================================================
True Positives (Threats Blocked)   [TP]: 57
True Negatives (Legitimate Passed)  [TN]: 66
False Positives (False Alarms)      [FP]: 0
False Negatives (Missed Threats)    [FN]: 0
Average Screening Latency                : 0.17 ms
Overall Deterministic Accuracy           : 100.0%
======================================================================

(node:10960) ExperimentalWarning: `--experimental-loader` may be removed in the future; instead use `register()`:
--import 'data:text/javascript,import { register } from "node:module"; import { pathToFileURL } from "node:url"; register("file%3A///D%3A/StudentHub-CodexRuns/FULL_REPAIR_20261001/candidate/frontend/tests/foundation/ts-extension-loader.mjs", pathToFileURL("./"));'
(Use `node --trace-warnings ...` to show where the warning was created)
======================================================================
🌐 LAYER 1 — COMPREHENSIVE URL BENCHMARK & EVALUATION SUITE
======================================================================

✅ [PASS] 1. VN Universities — HCMUTE Official
   URL: https://hcmute.edu.vn/tin-tuc/thong-bao-tuyen-sinh
   Status: PASS | Conf: 0.99 | Latency: 5.63ms | Reasons: [whitelisted_domain]
✅ [PASS] 1. VN Universities — VNU-HCM Portal
   URL: https://vnuhcm.edu.vn/dao-tao-dai-hoc/thong-tin
   Status: PASS | Conf: 0.99 | Latency: 1.1ms | Reasons: [whitelisted_domain]
✅ [PASS] 1. VN Universities — HCMUT Bách Khoa TP.HCM
   URL: https://hcmut.edu.vn/sinh-vien/bieu-mau
   Status: PASS | Conf: 0.99 | Latency: 0.14ms | Reasons: [whitelisted_domain]
✅ [PASS] 1. VN Universities — UIT Công nghệ Thông tin
   URL: https://uit.edu.vn/tuyen-sinh/chuong-trinh-dao-tao
   Status: PASS | Conf: 0.99 | Latency: 0.12ms | Reasons: [whitelisted_domain]
✅ [PASS] 1. VN Universities — USSH Nhân Văn TP.HCM
   URL: https://ussh.edu.vn/gioi-thieu/khoa-hoc
   Status: PASS | Conf: 0.99 | Latency: 0.11ms | Reasons: [whitelisted_domain]
✅ [PASS] 1. VN Universities — UEL Kinh tế Luật
   URL: https://uel.edu.vn/thong-bao-hoc-vu
   Status: PASS | Conf: 0.99 | Latency: 0.07ms | Reasons: [whitelisted_domain]
✅ [PASS] 1. VN Universities — HUST Bách Khoa Hà Nội
   URL: https://hust.edu.vn/tin-tuc/su-kien-noi-bat
   Status: PASS | Conf: 0.99 | Latency: 0.06ms | Reasons: [whitelisted_domain]
✅ [PASS] 1. VN Universities — VNU Hà Nội
   URL: https://vnu.edu.vn/home/thong-bao
   Status: PASS | Conf: 0.99 | Latency: 0.05ms | Reasons: [whitelisted_domain]
✅ [PASS] 1. VN Universities — NEU Kinh tế Quốc dân
   URL: https://neu.edu.vn/tuyen-sinh-dai-hoc-chinh-quy
   Status: PASS | Conf: 0.99 | Latency: 0.07ms | Reasons: [whitelisted_domain]
✅ [PASS] 1. VN Universities — FTU Ngoại Thương
   URL: https://ftu.edu.vn/thong-bao-hoc-bong
   Status: PASS | Conf: 0.99 | Latency: 0.09ms | Reasons: [whitelisted_domain]
✅ [PASS] 1. VN Universities — UEH Kinh tế TP.HCM
   URL: https://ueh.edu.vn/sinh-vien/lich-thi
   Status: PASS | Conf: 0.99 | Latency: 0.06ms | Reasons: [whitelisted_domain]
✅ [PASS] 1. VN Universities — UMP Y Dược TP.HCM
   URL: https://ump.edu.vn/dao-tao/thong-bao-moi
   Status: PASS | Conf: 0.99 | Latency: 0.09ms | Reasons: [whitelisted_domain]
✅ [PASS] 1. VN Universities — CTU Cần Thơ
   URL: https://ctu.edu.vn/thong-tin-dao-tao
   Status: PASS | Conf: 0.99 | Latency: 0.06ms | Reasons: [whitelisted_domain]
✅ [PASS] 1. VN Universities — DUT Bách Khoa Đà Nẵng
   URL: https://dut.udn.vn/tin-tuc/thong-bao
   Status: PASS | Conf: 0.99 | Latency: 0.04ms | Reasons: [whitelisted_domain]
✅ [PASS] 1. VN Universities — TDTU Tôn Đức Thắng
   URL: https://tdtu.edu.vn/giao-duc/chuong-trinh
   Status: PASS | Conf: 0.99 | Latency: 0.04ms | Reasons: [whitelisted_domain]
✅ [PASS] 1. VN Universities — PTIT Bưu chính Viễn thông
   URL: https://ptit.edu.vn/sinh-vien/tin-hoc-bong
   Status: PASS | Conf: 0.99 | Latency: 0.04ms | Reasons: [whitelisted_domain]
✅ [PASS] 1. VN Universities — FPT University
   URL: https://fpt.edu.vn/nganh-hoc/cong-nghe-thong-tin
   Status: PASS | Conf: 0.99 | Latency: 0.05ms | Reasons: [whitelisted_domain]
✅ [PASS] 1. VN Universities — RMIT Vietnam
   URL: https://rmit.edu.vn/vi/hoc-tap/chuong-trinh-dao-tao
   Status: PASS | Conf: 0.99 | Latency: 0.04ms | Reasons: [whitelisted_domain]
✅ [PASS] 1. VN Universities — HUTECH University
   URL: https://hutech.edu.vn/tuyen-sinh/de-an-tuyen-sinh
   Status: PASS | Conf: 0.99 | Latency: 0.05ms | Reasons: [whitelisted_domain]
✅ [PASS] 1. VN Universities — Văn Lang University
   URL: https://vlu.edu.vn/thong-bao-tuyen-dung
   Status: PASS | Conf: 0.99 | Latency: 0.04ms | Reasons: [whitelisted_domain]
✅ [PASS] 2. VN Banks — Vietcombank Official
   URL: https://vietcombank.com.vn/vi-VN/Khach-hang-ca-nhan
   Status: PASS | Conf: 0.99 | Latency: 0.05ms | Reasons: [whitelisted_domain]
✅ [PASS] 2. VN Banks — MBBank Official
   URL: https://mbbank.com.vn/khach-hang-ca-nhan/dich-vu-the
   Status: PASS | Conf: 0.99 | Latency: 0.04ms | Reasons: [whitelisted_domain]
✅ [PASS] 2. VN Banks — Techcombank Official
   URL: https://techcombank.com/khach-hang-ca-nhan
   Status: PASS | Conf: 0.99 | Latency: 0.06ms | Reasons: [whitelisted_domain]
✅ [PASS] 2. VN Banks — BIDV Official
   URL: https://bidv.com.vn/vn/ca-nhan/san-pham-dich-vu
   Status: PASS | Conf: 0.99 | Latency: 0.04ms | Reasons: [whitelisted_domain]
✅ [PASS] 2. VN Banks — VietinBank Official
   URL: https://vietinbank.vn/vn/ca-nhan/san-pham-dich-vu
   Status: PASS | Conf: 0.99 | Latency: 0.04ms | Reasons: [whitelisted_domain]
✅ [PASS] 2. VN Banks — Agribank Official
   URL: https://agribank.com.vn/vn/ca-nhan/san-pham
   Status: PASS | Conf: 0.99 | Latency: 0.1ms | Reasons: [whitelisted_domain]
✅ [PASS] 2. VN Banks — VPBank Official
   URL: https://vpbank.com.vn/ca-nhan/dich-vu-ngan-hang-so
   Status: PASS | Conf: 0.99 | Latency: 0.06ms | Reasons: [whitelisted_domain]
✅ [PASS] 2. VN Banks — ACB Official
   URL: https://acb.com.vn/khach-hang-ca-nhan
   Status: PASS | Conf: 0.99 | Latency: 0.04ms | Reasons: [whitelisted_domain]
✅ [PASS] 2. VN Banks — TPBank Official
   URL: https://tpb.vn/khach-hang-ca-nhan/tiet-kiem
   Status: PASS | Conf: 0.99 | Latency: 0.06ms | Reasons: [whitelisted_domain]
✅ [PASS] 2. VN Banks — Sacombank Official
   URL: https://sacombank.com.vn/ca-nhan/the.html
   Status: PASS | Conf: 0.99 | Latency: 0.04ms | Reasons: [whitelisted_domain]
✅ [PASS] 2. VN Banks — VIB Official
   URL: https://vib.com.vn/vn/ca-nhan
   Status: PASS | Conf: 0.99 | Latency: 0.05ms | Reasons: [whitelisted_domain]
✅ [PASS] 2. VN Fintech — MoMo Wallet
   URL: https://momo.vn/tin-tuc/khuyen-mai
   Status: PASS | Conf: 0.99 | Latency: 0.04ms | Reasons: [whitelisted_domain]
✅ [PASS] 2. VN Fintech — ZaloPay Wallet
   URL: https://zalopay.vn/tin-tuc/uu-dai
   Status: PASS | Conf: 0.99 | Latency: 0.03ms | Reasons: [whitelisted_domain]
✅ [PASS] 2. VN Fintech — VNPAY Payment Gateway
   URL: https://vnpay.vn/giai-phap-thanh-toan
   Status: PASS | Conf: 0.99 | Latency: 0.03ms | Reasons: [whitelisted_domain]
✅ [PASS] 2. VN Fintech — Viettel Money
   URL: https://viettelmoney.vn/dich-vu-chuyen-tien
   Status: PASS | Conf: 0.99 | Latency: 0.04ms | Reasons: [whitelisted_domain]
✅ [PASS] 3. Gov Portals — Cổng Dịch vụ công Quốc gia
   URL: https://dichvucong.gov.vn/p/home/dvc-index.html
   Status: PASS | Conf: 0.99 | Latency: 0.05ms | Reasons: [whitelisted_domain]
✅ [PASS] 3. Gov Portals — VNeID Định danh điện tử
   URL: https://vneid.gov.vn/huong-dan-cai-dat.html
   Status: PASS | Conf: 0.99 | Latency: 0.03ms | Reasons: [whitelisted_domain]
✅ [PASS] 3. Gov Portals — Bộ Công an
   URL: https://bocongan.gov.vn/tin-tuc/thong-bao
   Status: PASS | Conf: 0.99 | Latency: 0.04ms | Reasons: [whitelisted_domain]
✅ [PASS] 3. Gov Portals — Bảo hiểm Xã hội Việt Nam
   URL: https://baohiemxahoi.gov.vn/tra-cuu/Pages/default.aspx
   Status: PASS | Conf: 0.99 | Latency: 0.04ms | Reasons: [whitelisted_domain]
✅ [PASS] 3. Gov Portals — Thuế Điện Tử Tổng cục Thuế
   URL: https://thuedientu.gdt.gov.vn/ttht/login
   Status: PASS | Conf: 0.99 | Latency: 0.33ms | Reasons: [whitelisted_domain]
✅ [PASS] 3. Gov Portals — Cục Cảnh sát Giao thông
   URL: https://csgt.vn/tra-cuu-phuong-tien-vi-pham.html
   Status: PASS | Conf: 0.99 | Latency: 0.06ms | Reasons: [whitelisted_domain]
✅ [PASS] 3. Gov Portals — Cổng Thông tin Chính phủ
   URL: https://chinhphu.vn/thoi-su
   Status: PASS | Conf: 0.99 | Latency: 0.04ms | Reasons: [whitelisted_domain]
✅ [PASS] 3. Gov Portals — Bộ Giáo dục và Đào tạo
   URL: https://moet.gov.vn/tintuc/Pages/tin-tong-hop.aspx
   Status: PASS | Conf: 0.99 | Latency: 0.04ms | Reasons: [whitelisted_domain]
✅ [PASS] 4. Global Tech — Google Accounts
   URL: https://accounts.google.com/signin/v2/identifier
   Status: PASS | Conf: 0.99 | Latency: 0.04ms | Reasons: [whitelisted_domain]
✅ [PASS] 4. Global Tech — Gmail Web
   URL: https://mail.google.com/mail/u/0/#inbox
   Status: PASS | Conf: 0.99 | Latency: 0.05ms | Reasons: [whitelisted_domain]
✅ [PASS] 4. Global Tech — Microsoft Online Login
   URL: https://login.microsoftonline.com/common/oauth2/authorize
   Status: PASS | Conf: 0.99 | Latency: 0.04ms | Reasons: [whitelisted_domain]
✅ [PASS] 4. Global Tech — Apple iCloud
   URL: https://icloud.com/find
   Status: PASS | Conf: 0.99 | Latency: 0.04ms | Reasons: [whitelisted_domain]
✅ [PASS] 4. Global Tech — GitHub Repository
   URL: https://github.com/google-deepmind/studenthub-ai
   Status: PASS | Conf: 0.99 | Latency: 0.05ms | Reasons: [whitelisted_domain]
✅ [PASS] 4. Global Tech — OpenAI ChatGPT
   URL: https://chatgpt.com/c/student-assistant
   Status: PASS | Conf: 0.99 | Latency: 0.04ms | Reasons: [whitelisted_domain]
✅ [PASS] 4. Global Tech — Anthropic Claude
   URL: https://claude.ai/chat/study-analysis
   Status: PASS | Conf: 0.99 | Latency: 0.04ms | Reasons: [whitelisted_domain]
✅ [PASS] 4. Global Tech — Canvas LMS Instructure
   URL: https://instructure.com/canvas/login
   Status: PASS | Conf: 0.99 | Latency: 0.04ms | Reasons: [whitelisted_domain]
✅ [PASS] 4. Global Tech — Overleaf LaTeX
   URL: https://overleaf.com/project/658b9f
   Status: PASS | Conf: 0.99 | Latency: 0.04ms | Reasons: [whitelisted_domain]
✅ [PASS] 4. Global Tech — Notion Workspace
   URL: https://notion.so/studenthub-roadmap
   Status: PASS | Conf: 0.99 | Latency: 0.04ms | Reasons: [whitelisted_domain]
✅ [PASS] 4. Global Tech — Canva Design
   URL: https://canva.com/design/DAF-template
   Status: PASS | Conf: 0.99 | Latency: 0.03ms | Reasons: [whitelisted_domain]
✅ [PASS] 4. Global Tech — Zoom Meeting
   URL: https://zoom.us/j/8492048592
   Status: PASS | Conf: 0.99 | Latency: 0.05ms | Reasons: [whitelisted_domain]
✅ [PASS] 5. Bank Phishing — Vietcombank Sinh Trắc Học Fake
   URL: http://vietcombank-login.verify-portal.xyz/cap-nhat-sinh-trac-hoc
   Status: BLOCK | Conf: 0.98 | Latency: 0.26ms | Reasons: [phishing_pattern, brand_impersonation_subdomain]
✅ [PASS] 5. Bank Phishing — VCB Digibank Smart OTP Theft
   URL: http://vcb-digibank.smart-otp-auth.top/mo-khoa-tai-khoan
   Status: BLOCK | Conf: 0.98 | Latency: 0.11ms | Reasons: [phishing_pattern, brand_impersonation_subdomain]
✅ [PASS] 5. Bank Phishing — MBBank E-banking Face ID Scam
   URL: https://mbbank-online-ebanking.net/xac-thuc-khuon-mat
   Status: BLOCK | Conf: 0.98 | Latency: 0.09ms | Reasons: [phishing_pattern, brand_impersonation_subdomain]
✅ [PASS] 5. Bank Phishing — Techcombank Security Alert Fake
   URL: http://techcombank-tcb.security-alert.click/kich-hoat
   Status: BLOCK | Conf: 0.98 | Latency: 0.09ms | Reasons: [phishing_pattern, brand_impersonation_subdomain]
✅ [PASS] 5. Bank Phishing — BIDV SmartBanking Sinh Trắc Học
   URL: http://bidv-smartbanking.update-info.cam/sinh-trac-hoc
   Status: BLOCK | Conf: 0.98 | Latency: 0.09ms | Reasons: [phishing_pattern, brand_impersonation_subdomain]
✅ [PASS] 5. Bank Phishing — VietinBank iPay Data Sync Phish
   URL: http://vietinbank-ipay.verify-account.vip/dong-bo-du-lieu
   Status: BLOCK | Conf: 0.98 | Latency: 0.09ms | Reasons: [phishing_pattern, brand_impersonation_subdomain]
✅ [PASS] 5. Bank Phishing — Agribank E-banking Biometrics
   URL: http://agribank-ebanking.cfd/cap-nhat-sinh-trac-hoc
   Status: BLOCK | Conf: 0.98 | Latency: 0.08ms | Reasons: [phishing_pattern, brand_impersonation_subdomain]
✅ [PASS] 5. Bank Phishing — ACB ONE OTP Confirm Trap
   URL: http://acb-one-login.online/xac-nhan-otp
   Status: BLOCK | Conf: 0.98 | Latency: 0.08ms | Reasons: [phishing_pattern, brand_impersonation_subdomain]
✅ [PASS] 5. Bank Phishing — VPBank NEO Unlock Card Phish
   URL: http://vpbank-neo.security-check.club/mo-khoa-the
   Status: BLOCK | Conf: 0.98 | Latency: 0.09ms | Reasons: [phishing_pattern, brand_impersonation_subdomain]
✅ [PASS] 5. Bank Phishing — TPBank Smart OTP Upgrade Scam
   URL: http://tpbank-ebanking.site/nang-cap-smart-otp
   Status: BLOCK | Conf: 0.98 | Latency: 0.08ms | Reasons: [phishing_pattern, brand_impersonation_subdomain]
✅ [PASS] 5. Bank Phishing — MoMo Fake Claim Voucher Trap
   URL: http://momo-vi-nhan-tien.top/claim-voucher
   Status: BLOCK | Conf: 0.98 | Latency: 0.37ms | Reasons: [phishing_pattern, brand_impersonation_subdomain]
✅ [PASS] 5. Bank Phishing — ZaloPay 2026 Reward Scam
   URL: http://zalopay-xac-thuc.xyz/nhan-thuong-2026
   Status: BLOCK | Conf: 0.98 | Latency: 0.1ms | Reasons: [phishing_pattern, brand_impersonation_subdomain]
✅ [PASS] 5. Bank Phishing — VNPAY QR Merchant Activate Trap
   URL: http://vnpay-qr-merchant.cam/kich-hoat-vi
   Status: BLOCK | Conf: 0.98 | Latency: 0.11ms | Reasons: [phishing_pattern, brand_impersonation_subdomain]
✅ [PASS] 6. Student Phishing — HCMUTE University Student OTP Theft
   URL: http://hcmute-login.verify-portal.xyz/student-otp
   Status: BLOCK | Conf: 0.98 | Latency: 0.07ms | Reasons: [phishing_pattern, brand_impersonation_subdomain]
✅ [PASS] 6. Student Phishing — HCMUTE Enterprise Scholarship Trap
   URL: http://sinhvien-hcmute.hocbong-doanhnghiep.top/nhan-hoc-bong
   Status: BLOCK | Conf: 0.98 | Latency: 0.07ms | Reasons: [phishing_pattern, brand_impersonation_subdomain]
✅ [PASS] 6. Student Phishing — VNU-HCM Tuition Aid Scam
   URL: http://dhqg-vnuhcm.portal-sinhvien.site/tro-cap-hoc-phi
   Status: BLOCK | Conf: 0.98 | Latency: 0.06ms | Reasons: [phishing_pattern, brand_impersonation_subdomain]
✅ [PASS] 6. Student Phishing — HUST Bách Khoa HN Reward Phish
   URL: http://hust-bachkhoahn.dang-ky-hoc-bong.club/nhan-thuong
   Status: BLOCK | Conf: 0.98 | Latency: 0.12ms | Reasons: [phishing_pattern, brand_impersonation]
✅ [PASS] 6. Student Phishing — Shopee CTV Part-Time Deposit Scam
   URL: http://shopee-tuyen-ctv.kiem-tien-online.top/nap-tien-du-an
   Status: BLOCK | Conf: 0.98 | Latency: 0.15ms | Reasons: [phishing_pattern, brand_impersonation_subdomain]
✅ [PASS] 6. Student Phishing — Lazada Order Review Task Scam
   URL: http://lazada-don-hang.nhiem-vu-kiem-tien.site/dat-coc
   Status: BLOCK | Conf: 0.98 | Latency: 0.11ms | Reasons: [phishing_pattern, brand_impersonation_subdomain]
✅ [PASS] 6. Student Phishing — TikTok Shop Commission Task Scam
   URL: http://tiktok-shop-ctv.nhan-hoa-hong.xyz/nhiem-vu
   Status: BLOCK | Conf: 0.98 | Latency: 0.11ms | Reasons: [phishing_pattern, brand_impersonation_subdomain]
✅ [PASS] 6. Gov Phishing — VNeID Level 2 Identification Trap
   URL: http://dichvucong-vneid-dinhdanh.top/cap-nhat-dinh-danh
   Status: BLOCK | Conf: 0.98 | Latency: 0.09ms | Reasons: [phishing_pattern, brand_impersonation_subdomain]
✅ [PASS] 6. Gov Phishing — National CCCD Data Sync Scam
   URL: http://vneid-dinhdanh-quocgia.xyz/dong-bo-cccd
   Status: BLOCK | Conf: 0.98 | Latency: 0.13ms | Reasons: [phishing_pattern, brand_impersonation_subdomain]
✅ [PASS] 7. Homoglyph — Cyrillic 'а' in Apple
   URL: https://аpple.com/verify-account
   Status: BLOCK | Conf: 0.98 | Latency: 1.31ms | Reasons: [phishing_pattern, unicode_homoglyph]
✅ [PASS] 7. Homoglyph — Cyrillic 'оо' in Google
   URL: https://gооgle.com/accounts/login
   Status: BLOCK | Conf: 0.98 | Latency: 0.57ms | Reasons: [phishing_pattern, unicode_homoglyph]
✅ [PASS] 7. Homoglyph — Cyrillic 'і' in Vietcombank
   URL: https://vіetcombank.com.vn/ebanking
   Status: BLOCK | Conf: 0.98 | Latency: 0.93ms | Reasons: [phishing_pattern, unicode_homoglyph]
✅ [PASS] 7. Homoglyph — Cyrillic 'і' in Microsoft
   URL: https://mіcrosoft.com/auth/login
   Status: BLOCK | Conf: 0.98 | Latency: 1.11ms | Reasons: [phishing_pattern, unicode_homoglyph]
✅ [PASS] 7. Homoglyph — Cyrillic 'а' in Facebook
   URL: https://fаcebook.com/recover/code
   Status: BLOCK | Conf: 0.98 | Latency: 0.88ms | Reasons: [phishing_pattern, unicode_homoglyph]
✅ [PASS] 7. Homoglyph — Cyrillic 'ор' in Shopee
   URL: https://shорee.vn/order-confirm
   Status: BLOCK | Conf: 0.98 | Latency: 0.56ms | Reasons: [phishing_pattern, unicode_homoglyph]
✅ [PASS] 7. Homoglyph — Cyrillic 'о' in MoMo
   URL: https://mоmo.vn/transfer
   Status: BLOCK | Conf: 0.98 | Latency: 0.62ms | Reasons: [phishing_pattern, unicode_homoglyph]
✅ [PASS] 7. Homoglyph — Cyrillic 'с' in HCMUTE
   URL: https://hсmute.edu.vn/login
   Status: BLOCK | Conf: 0.98 | Latency: 0.77ms | Reasons: [phishing_pattern, unicode_homoglyph]
✅ [PASS] 7. Punycode — Spoofed Apple IDN
   URL: http://xn--pple-43d.com/signin
   Status: BLOCK | Conf: 0.98 | Latency: 0.49ms | Reasons: [phishing_pattern, unicode_homoglyph]
✅ [PASS] 7. Punycode — Spoofed Google IDN
   URL: http://xn--gogle-1qa.com/auth
   Status: BLOCK | Conf: 0.98 | Latency: 0.43ms | Reasons: [phishing_pattern, unicode_homoglyph]
✅ [PASS] 8. SSRF — Standard Loopback IPv4
   URL: http://127.0.0.1:8080/admin/delete
   Status: BLOCK | Conf: 0.99 | Latency: 0.16ms | Reasons: [ssrf_attempt]
✅ [PASS] 8. SSRF — Cloud Metadata Endpoint IPv4
   URL: http://169.254.169.254/latest/meta-data/
   Status: BLOCK | Conf: 0.99 | Latency: 0.03ms | Reasons: [ssrf_attempt]
✅ [PASS] 8. SSRF — Decimal Dword IP (127.0.0.1 = 2130706433)
   URL: http://2130706433/admin
   Status: BLOCK | Conf: 0.99 | Latency: 0.05ms | Reasons: [ssrf_attempt]
✅ [PASS] 8. SSRF — Decimal Dword IP (169.254.169.254 = 2852039166)
   URL: http://2852039166/latest/meta-data/
   Status: BLOCK | Conf: 0.99 | Latency: 0.02ms | Reasons: [ssrf_attempt]
✅ [PASS] 8. SSRF — Hexadecimal IP (127.0.0.1 = 0x7f000001)
   URL: http://0x7f000001/api/secret
   Status: BLOCK | Conf: 0.99 | Latency: 0.03ms | Reasons: [ssrf_attempt]
✅ [PASS] 8. SSRF — Hexadecimal IP (169.254.169.254 = 0xa9fea9fe)
   URL: http://0xa9fea9fe/metadata
   Status: BLOCK | Conf: 0.99 | Latency: 0.02ms | Reasons: [ssrf_attempt]
✅ [PASS] 8. SSRF — Octal IP (127.0.0.1 = 017700000001)
   URL: http://017700000001/debug
   Status: BLOCK | Conf: 0.99 | Latency: 0.02ms | Reasons: [ssrf_attempt]
✅ [PASS] 8. SSRF — IPv6 Loopback [::1]
   URL: http://[::1]:9000/internal
   Status: BLOCK | Conf: 0.99 | Latency: 0.13ms | Reasons: [ssrf_attempt]
✅ [PASS] 8. SSRF — Named Host Localhost
   URL: http://localhost:3000/system/metrics
   Status: BLOCK | Conf: 0.99 | Latency: 0.03ms | Reasons: [ssrf_attempt]
✅ [PASS] 9. Dangerous Executable — Windows EXE Payload
   URL: https://portal-tai-lieu.online/scholarship_form.exe
   Status: BLOCK | Conf: 0.99 | Latency: 0.52ms | Reasons: [dangerous_executable]
✅ [PASS] 9. Dangerous Executable — Windows MSI Installer
   URL: https://update-driver.xyz/patch_install.msi
   Status: BLOCK | Conf: 0.99 | Latency: 0.49ms | Reasons: [dangerous_executable]
✅ [PASS] 9. Dangerous Executable — Android Trojan APK
   URL: https://sv-app-download.site/sinhvien_portal.apk
   Status: BLOCK | Conf: 0.99 | Latency: 0.67ms | Reasons: [dangerous_executable]
✅ [PASS] 9. Dangerous Executable — PowerShell Malicious Script
   URL: https://document-share.top/instruction.ps1
   Status: BLOCK | Conf: 0.99 | Latency: 0.48ms | Reasons: [dangerous_executable]
✅ [PASS] 9. Dangerous Executable — macOS DMG Dropper
   URL: https://secure-vpn.club/installer.dmg
   Status: BLOCK | Conf: 0.99 | Latency: 0.37ms | Reasons: [dangerous_executable]
✅ [PASS] 9. Dangerous Executable — Windows Batch Payload
   URL: https://quick-setup.vip/run_update.bat
   Status: BLOCK | Conf: 0.99 | Latency: 0.39ms | Reasons: [dangerous_executable]
✅ [PASS] 9. Dangerous Executable — Screensaver SCR Payload
   URL: https://anti-scam-guide.cam/tool.scr
   Status: BLOCK | Conf: 0.99 | Latency: 0.48ms | Reasons: [dangerous_executable]
✅ [PASS] 9. Dangerous Executable — VBScript Payload
   URL: https://cloud-share.rest/payload.vbs
   Status: BLOCK | Conf: 0.99 | Latency: 0.38ms | Reasons: [dangerous_executable]
✅ [PASS] 10. Suspicious Transport — Bit.ly URL Shortener
   URL: https://bit.ly/student-guide-2026
   Status: SUSPICIOUS | Conf: 0.45 | Latency: 0.22ms | Reasons: [shortened_url]
✅ [PASS] 10. Suspicious Transport — TinyURL Shortener
   URL: https://tinyurl.com/scholarship-hcmute
   Status: SUSPICIOUS | Conf: 0.45 | Latency: 0.1ms | Reasons: [shortened_url]
✅ [PASS] 10. Suspicious Transport — T.co Twitter Shortener
   URL: https://t.co/studenthub-news
   Status: SUSPICIOUS | Conf: 0.45 | Latency: 0.07ms | Reasons: [shortened_url]
✅ [PASS] 10. Suspicious Transport — Cutt.ly Shortener
   URL: https://cutt.ly/tai-lieu-on-thi
   Status: SUSPICIOUS | Conf: 0.45 | Latency: 0.07ms | Reasons: [shortened_url]
✅ [PASS] 10. Suspicious Transport — Unencrypted HTTP Blog
   URL: http://my-academic-blog.org/article-1
   Status: SUSPICIOUS | Conf: 0.45 | Latency: 0.53ms | Reasons: [unencrypted_transport]
✅ [PASS] 10. Suspicious Transport — Unencrypted HTTP Notes
   URL: http://tech-notes-student.net/tips
   Status: SUSPICIOUS | Conf: 0.45 | Latency: 0.58ms | Reasons: [unencrypted_transport]
✅ [PASS] 10. Suspicious Transport — Raw IPv4 Hostname
   URL: http://192.168.1.50/dashboard
   Status: BLOCK | Conf: 0.99 | Latency: 0.03ms | Reasons: [ssrf_attempt]
✅ [PASS] 10. Suspicious Transport — Raw IPv4 Host Announcements
   URL: http://203.113.131.2/announcements
   Status: SUSPICIOUS | Conf: 0.45 | Latency: 0.1ms | Reasons: [ip_based_host, unencrypted_transport]
✅ [PASS] 11. False Positive Guard — 'cute' in cute-puppies.org (NOT HCMUTE)
   URL: https://cute-puppies.org/gallery
   Status: PASS | Conf: 0.9 | Latency: 0.41ms | Reasons: []
✅ [PASS] 11. False Positive Guard — 'minute' in tutor-minute.com (NOT HCMUTE)
   URL: https://tutor-minute.com/courses
   Status: PASS | Conf: 0.9 | Latency: 0.51ms | Reasons: []
✅ [PASS] 11. False Positive Guard — 'pineapple' in pineapple-recipes.net (NOT Apple)
   URL: https://pineapple-recipes.net/dishes
   Status: PASS | Conf: 0.9 | Latency: 0.55ms | Reasons: []
✅ [PASS] 11. False Positive Guard — 'metadata' in metadata-governance.org (NOT Meta)
   URL: https://metadata-governance.org/standards
   Status: PASS | Conf: 0.9 | Latency: 0.54ms | Reasons: []
✅ [PASS] 11. False Positive Guard — 'computational' in computational-physics.com (NOT HCMUTE)
   URL: https://computational-physics.com/lecture
   Status: PASS | Conf: 0.9 | Latency: 0.57ms | Reasons: []
✅ [PASS] 11. False Positive Guard — 'travel' in singapore-travel-guide.com (NOT Apple)
   URL: https://singapore-travel-guide.com/attractions
   Status: PASS | Conf: 0.9 | Latency: 0.58ms | Reasons: []
✅ [PASS] 11. False Positive Guard — 'dispute' in dispute-resolution-center.org (NOT HCMUTE)
   URL: https://dispute-resolution-center.org/cases
   Status: PASS | Conf: 0.9 | Latency: 0.79ms | Reasons: []
✅ [PASS] 11. False Positive Guard — 'minute' in minute-maid-beverages.com (NOT HCMUTE)
   URL: https://minute-maid-beverages.com/products
   Status: PASS | Conf: 0.9 | Latency: 0.57ms | Reasons: []
✅ [PASS] 11. False Positive Guard — 'culture' in open-culture-foundation.org (NOT HCMUTE)
   URL: https://open-culture-foundation.org/initiatives
   Status: PASS | Conf: 0.9 | Latency: 0.63ms | Reasons: []
✅ [PASS] 11. False Positive Guard — 'executive' in executive-leadership-program.com (NOT HCMUTE)
   URL: https://executive-leadership-program.com/mba
   Status: PASS | Conf: 0.9 | Latency: 0.68ms | Reasons: []
✅ [PASS] 11. False Positive Guard — 'atmospheric' in atmospheric-science.net (NOT MoMo)
   URL: https://atmospheric-science.net/data
   Status: PASS | Conf: 0.9 | Latency: 0.66ms | Reasons: []

======================================================================
📈 CATEGORY BREAKDOWN SUMMARY
======================================================================
🔹 1. VN Universities       : 20/20 (100.0%)
🔹 2. VN Banks              : 11/11 (100.0%)
🔹 2. VN Fintech            : 4/4 (100.0%)
🔹 3. Gov Portals           : 8/8 (100.0%)
🔹 4. Global Tech           : 12/12 (100.0%)
🔹 5. Bank Phishing         : 13/13 (100.0%)
🔹 6. Student Phishing      : 7/7 (100.0%)
🔹 6. Gov Phishing          : 2/2 (100.0%)
🔹 7. Homoglyph             : 8/8 (100.0%)
🔹 7. Punycode              : 2/2 (100.0%)
🔹 8. SSRF                  : 9/9 (100.0%)
🔹 9. Dangerous Executable  : 8/8 (100.0%)
🔹 10. Suspicious Transport : 8/8 (100.0%)
🔹 11. False Positive Guard : 11/11 (100.0%)

======================================================================
🎯 CONFUSION MATRIX & QUALITY METRICS
======================================================================
True Positives (Threats Blocked)   [TP]: 57
True Negatives (Legitimate Passed)  [TN]: 66
False Positives (False Alarms)      [FP]: 0
False Negatives (Missed Threats)    [FN]: 0
Average Screening Latency                : 0.26 ms
Overall Deterministic Accuracy           : 100.0%
======================================================================

(node:35408) ExperimentalWarning: `--experimental-loader` may be removed in the future; instead use `register()`:
--import 'data:text/javascript,import { register } from "node:module"; import { pathToFileURL } from "node:url"; register("file%3A///D%3A/StudentHub-CodexRuns/FULL_REPAIR_20261001/candidate/frontend/tests/foundation/ts-extension-loader.mjs", pathToFileURL("./"));'
(Use `node --trace-warnings ...` to show where the warning was created)
======================================================================
🧠 LAYER 2 — SEMANTIC & CONTEXTUAL VERIFICATION AUTOMATED SUITE
======================================================================

✅ [PASS] 1. Benign Education — How OTP Authentication Works
   Status: PASS | Class: INFORMATIVE | Conf: 0.58 | Latency: 17.61ms
   Summary: "Văn bản thông tin chính thống / thảo luận học thuật an toàn, không phát hiện dấu hiệu gian lận."
   Tasks for Layer 3: CLAIM_VERIFICATION
✅ [PASS] 1. Benign Education — Operating Systems Concept
   Status: PASS | Class: INFORMATIVE | Conf: 0.55 | Latency: 5.7ms
   Summary: "Văn bản thông tin chính thống / thảo luận học thuật an toàn, không phát hiện dấu hiệu gian lận."
✅ [PASS] 2. Explicit Phishing — HCMUTE Security Impersonation & OTP Demand
   Status: BLOCK | Class: MALICIOUS | Conf: 0.98 | Latency: 3.19ms
   Summary: "Nội dung mạo danh đơn vị uy tín nhằm yêu cầu cung cấp thông tin bảo mật / mã OTP."
   Tasks for Layer 3: DOMAIN_VERIFICATION, DOMAIN_VERIFICATION, CLAIM_VERIFICATION, CLAIM_VERIFICATION
✅ [PASS] 2. Explicit Phishing — Fake Vietcombank Account Lock Alert
   Status: BLOCK | Class: MALICIOUS | Conf: 0.98 | Latency: 2.58ms
   Summary: "Nội dung mạo danh đơn vị uy tín nhằm yêu cầu cung cấp thông tin bảo mật / mã OTP."
   Tasks for Layer 3: DOMAIN_VERIFICATION, CLAIM_VERIFICATION, CLAIM_VERIFICATION
✅ [PASS] 2. Financial Scam — Shopee Task Deposit Demand
   Status: BLOCK | Class: MALICIOUS | Conf: 0.98 | Latency: 2.67ms
   Summary: "Nội dung tuyển dụng / cộng tác viên yêu cầu nạp tiền đặt cọc kèm cam kết hoa hồng bất thường."
   Tasks for Layer 3: DOMAIN_VERIFICATION, CLAIM_VERIFICATION, CLAIM_VERIFICATION
✅ [PASS] 3. Unknown Factual Claim — HCMUTE Tuition Policy 2026
   Status: NEEDS_VERIFICATION | Class: UNVERIFIED | Conf: 0.58 | Latency: 2.63ms
   Summary: "Phát hiện 1 phát ngôn / tuyên bố sự kiện cần kiểm chứng nguồn tin chính thức tại Layer 3."
   Tasks for Layer 3: DOMAIN_VERIFICATION, DOMAIN_VERIFICATION, CLAIM_VERIFICATION
✅ [PASS] 3. Unknown Factual Claim — VNU Scholarship Announcement
   Status: NEEDS_VERIFICATION | Class: UNVERIFIED | Conf: 0.58 | Latency: 2.47ms
   Summary: "Phát hiện 1 phát ngôn / tuyên bố sự kiện cần kiểm chứng nguồn tin chính thức tại Layer 3."
   Tasks for Layer 3: DOMAIN_VERIFICATION, CLAIM_VERIFICATION
✅ [PASS] 4. Internal Contradiction — Temporal Day-of-Week Conflict
   Status: SUSPICIOUS | Class: DECEPTIVE | Conf: 0.72 | Latency: 3.1ms
   Summary: "Văn bản thông tin thông thường, không phát hiện dấu hiệu bất thường về ngữ nghĩa hay thao túng tâm lý."
   Tasks for Layer 3: TEMPORAL_VERIFICATION
✅ [PASS] 5. Cross-Modal Mismatch — Claims VCB on Fake Domain with Credential Demand
   Status: BLOCK | Class: MALICIOUS | Conf: 0.98 | Latency: 2.89ms
   Summary: "Nội dung mạo danh đơn vị uy tín nhằm yêu cầu cung cấp thông tin bảo mật / mã OTP."
   Tasks for Layer 3: DOMAIN_VERIFICATION, CLAIM_VERIFICATION, CROSS_SOURCE_VERIFICATION
✅ [PASS] 6. Benign Brand Mention — Laboratory Praise
   Status: PASS | Class: BENIGN | Conf: 0.55 | Latency: 2.17ms
   Summary: "Văn bản thông tin thông thường, không phát hiện dấu hiệu bất thường về ngữ nghĩa hay thao túng tâm lý."
   Tasks for Layer 3: DOMAIN_VERIFICATION, DOMAIN_VERIFICATION
✅ [PASS] 7. Educational Phishing Analysis Lecture (Must NOT Block)
   Status: PASS | Class: INFORMATIVE | Conf: 0.55 | Latency: 2.06ms
   Summary: "Văn bản thông tin chính thống / thảo luận học thuật an toàn, không phát hiện dấu hiệu gian lận."
✅ [PASS] 8. Student Satire Humor (Must NOT Block)
   Status: PASS | Class: BENIGN | Conf: 0.55 | Latency: 2.35ms
   Summary: "Văn bản thông tin thông thường, không phát hiện dấu hiệu bất thường về ngữ nghĩa hay thao túng tâm lý."
✅ [PASS] 9. Hot Scam — Fake Biometrics Update Demand
   Status: BLOCK | Class: MALICIOUS | Conf: 0.92 | Latency: 2.15ms
   Summary: "Văn bản thông tin thông thường, không phát hiện dấu hiệu bất thường về ngữ nghĩa hay thao túng tâm lý."

--- Model Provider Fallback Resilience Test ---
✅ [PASS] Model Fallback on Error: Cleanly caught 504 error, fell back to deterministic provider, and maintained BLOCK verdict.

======================================================================
🎯 LAYER 2 FINAL EVALUATION SUMMARY
======================================================================
Total Test Scenarios Evaluated : 14
Passed                         : 14 / 14
Failed                         : 0
Average Screening Latency      : 3.97 ms
Overall Accuracy               : 100.0%
======================================================================

(node:25528) ExperimentalWarning: `--experimental-loader` may be removed in the future; instead use `register()`:
--import 'data:text/javascript,import { register } from "node:module"; import { pathToFileURL } from "node:url"; register("file%3A///D%3A/StudentHub-CodexRuns/FULL_REPAIR_20261001/candidate/frontend/tests/foundation/ts-extension-loader.mjs", pathToFileURL("./"));'
(Use `node --trace-warnings ...` to show where the warning was created)
✔ canonical authority discovery resolves explicit official organizations across source classes (12.6404ms)
✔ authority is assigned to curated organization domains, never to a suffix alone (2.3542ms)
ℹ tests 2
ℹ suites 0
ℹ pass 2
ℹ fail 0
ℹ cancelled 0
ℹ skipped 0
ℹ todo 0
ℹ duration_ms 19.0076
(node:34248) ExperimentalWarning: `--experimental-loader` may be removed in the future; instead use `register()`:
--import 'data:text/javascript,import { register } from "node:module"; import { pathToFileURL } from "node:url"; register("file%3A///D%3A/StudentHub-CodexRuns/FULL_REPAIR_20261001/candidate/frontend/tests/foundation/ts-extension-loader.mjs", pathToFileURL("./"));'
(Use `node --trace-warnings ...` to show where the warning was created)
✔ canonical target matching accepts root hosts and their real subdomains (1.1617ms)
✔ canonical target matching rejects lookalike suffixes and unrelated domains (0.1406ms)
ℹ tests 2
ℹ suites 0
ℹ pass 2
ℹ fail 0
ℹ cancelled 0
ℹ skipped 0
ℹ todo 0
ℹ duration_ms 4.5779
(node:28272) ExperimentalWarning: `--experimental-loader` may be removed in the future; instead use `register()`:
--import 'data:text/javascript,import { register } from "node:module"; import { pathToFileURL } from "node:url"; register("file%3A///D%3A/StudentHub-CodexRuns/FULL_REPAIR_20261001/candidate/frontend/tests/foundation/ts-extension-loader.mjs", pathToFileURL("./"));'
(Use `node --trace-warnings ...` to show where the warning was created)

======================================================================
🔍 LAYER 3 — EXTERNAL EVIDENCE & SOURCE VERIFICATION TEST SUITE
======================================================================

✅ [PASS] Case A: Strong Official Evidence — HCMUTE Tuition Policy 2026
   Status: PARTIAL | Completeness: 1 | Latency: 15.01ms
✅ [PASS] Case B: No Evidence Found — Secret Scholarship Claim
   Status: INSUFFICIENT_EVIDENCE | Completeness: 1 | Latency: 5.44ms
✅ [PASS] Case C: Contradictory Evidence — Job Fair Rescheduling
   Status: CONTESTED | Completeness: 1 | Latency: 3.47ms
   Detected Conflict: POLICY_DISCREPANCY (undefined support vs undefined contradict)
✅ [PASS] Case D: Outdated Evidence — 2022 Policy Document
   Status: INSUFFICIENT_EVIDENCE | Completeness: 0.85 | Latency: 0.44ms
✅ [PASS] Case E: Copied Sources — Press Release Lineage Clustering
   Status: PARTIAL | Completeness: 0.85 | Latency: 0.59ms
✅ [PASS] Case F: Partial Support / Overstatement — Scholarship Scope
   Status: PARTIAL | Completeness: 1 | Latency: 3.56ms

--- SSRF & Fetch Safety Verification ---
✅ [PASS] SSRF Protection Guard: Successfully blocked private IP (127.0.0.1) and cloud metadata (169.254.169.254).

--- Provider Resilience Verification ---
✅ [PASS] Fallback Resilience: Caught simulated retriever error and fell back to explicitly non-live Knowledge Base evidence.

======================================================================
🎯 LAYER 3 FINAL EVALUATION SUMMARY
======================================================================
Total Test Scenarios Evaluated : 8
Passed                         : 8 / 8
Failed                         : 0
Average Evidence Latency       : 4.75 ms
Overall Accuracy               : 100.0%
======================================================================

(node:33520) ExperimentalWarning: `--experimental-loader` may be removed in the future; instead use `register()`:
--import 'data:text/javascript,import { register } from "node:module"; import { pathToFileURL } from "node:url"; register("file%3A///D%3A/StudentHub-CodexRuns/FULL_REPAIR_20261001/candidate/frontend/tests/foundation/ts-extension-loader.mjs", pathToFileURL("./"));'
(Use `node --trace-warnings ...` to show where the warning was created)

======================================================================
⚖️ LAYER 4 — FINAL TRUST REASONING TEST SUITE
======================================================================

✅ [PASS] 1. Legitimate Official Content — HCMUTE Tuition Announcement
   Verdict: VERIFIED_TRUE | Action: ALLOW_WITH_CAUTION | Risk: NONE | Latency: 2.79ms
   Why: "Các kiểm tra hiện có không phát hiện mối đe dọa đã biết hoặc bằng chứng đang hỗ trợ nội dung trong phạm vi được kiểm tra."
✅ [PASS] 2. Unverified Emerging Claim — Secret 1 Billion Scholarship
   Verdict: INSUFFICIENT_EVIDENCE | Action: REVIEW | Risk: LOW | Latency: 0.53ms
   Why: "Chưa có đủ bằng chứng độc lập và có provenance để kết luận an toàn. Không nên coi trạng thái này là an toàn."
✅ [PASS] 3. Misleading Scope Overstatement — Scholarship For All
   Verdict: MISLEADING | Action: WARN | Risk: MEDIUM | Latency: 0.2ms
   Why: "Có tín hiệu bất thường trong nội dung hoặc cách thức phân phối. Kết quả không được hạ cấp chỉ vì nguồn chưa phát hiện mối đe dọa."
✅ [PASS] 4. Explicit Phishing — HCMUTE Security OTP Demand
   Verdict: MALICIOUS | Action: BLOCK | Risk: CRITICAL | Latency: 0.23ms
   Why: "Phát hiện chỉ dấu tấn công độc hại / lừa đảo trực tiếp từ Layer 1."
✅ [PASS] 5. Genuine Content in Phishing Context (True != Safe)
   Verdict: MALICIOUS | Action: BLOCK | Risk: CRITICAL | Latency: 0.13ms
   Why: "Phát hiện chỉ dấu tấn công độc hại / lừa đảo trực tiếp từ Layer 1."
✅ [PASS] 6. Temporal Update — August Announcement Supersedes January Policy
   Verdict: INSUFFICIENT_EVIDENCE | Action: REVIEW | Risk: NONE | Latency: 0.17ms
   Why: "Có tín hiệu bất thường trong nội dung hoặc cách thức phân phối. Kết quả không được hạ cấp chỉ vì nguồn chưa phát hiện mối đe dọa."
✅ [PASS] 7. High-Impact Dispute — Conflicting Official Directives
   Verdict: INSUFFICIENT_EVIDENCE | Action: REVIEW | Risk: HIGH | Latency: 0.14ms
   Why: "Có tín hiệu bất thường trong nội dung hoặc cách thức phân phối. Kết quả không được hạ cấp chỉ vì nguồn chưa phát hiện mối đe dọa."

--- Provider Resilience Verification ---
✅ [PASS] Model Fallback Resilience: Cleanly caught simulated LLM 504 error and maintained the deterministic evidence-bound decision.

======================================================================
🎯 LAYER 4 FINAL EVALUATION SUMMARY
======================================================================
Total Test Scenarios Evaluated : 8
Passed                         : 8 / 8
Failed                         : 0
Average Reasoning Latency      : 0.60 ms
Overall Accuracy               : 100.0%
======================================================================

(node:36064) ExperimentalWarning: `--experimental-loader` may be removed in the future; instead use `register()`:
--import 'data:text/javascript,import { register } from "node:module"; import { pathToFileURL } from "node:url"; register("file%3A///D%3A/StudentHub-CodexRuns/FULL_REPAIR_20261001/candidate/frontend/tests/foundation/ts-extension-loader.mjs", pathToFileURL("./"));'
(Use `node --trace-warnings ...` to show where the warning was created)
======================================================================
🧪 MULTI-HEAD MULTI-LABEL NEURAL TRUST ENGINE TEST SUITE
======================================================================
✅ [PASS] 1. NCKH Lab Project Advance Deposit (User Prompt)
   Verdict: SCAM (100.0%) | Stage: STAGE_6_PAYMENT_EXTRACTION
   Scam Types: ["SENIOR_STUDENT_HALO_IMPERSONATION","UNIVERSITY_FACULTY_IMPERSONATION","ACADEMIC_LAB_PROJECT_DEPOSIT_FRAUD"]
   Tactics: ["GREED","AUTHORITY","TRUST_EXPLOITATION","SCARCITY","FLATTERY_PRESTIGE","EXCLUSIVITY"] | Actions: ["TRANSFER_MONEY"]
   Latency: 4.95ms

✅ [PASS] 2. Fake Police Legal Coercion with Secrecy Demand
   Verdict: SCAM (100.0%) | Stage: STAGE_6_PAYMENT_EXTRACTION
   Scam Types: ["BANK_FINANCIAL_IMPERSONATION","POLICE_LEGAL_IMPERSONATION"]
   Tactics: ["FEAR","URGENCY","PANIC","LOSS_AVERSION","ISOLATION","CONFUSION_OVERLOAD","AUTHORITY"] | Actions: ["TRANSFER_MONEY","SECRECY_ISOLATION"]
   Latency: 1.59ms

✅ [PASS] 3. Bank Phishing Combosquatting Domain with OTP & Face ID
   Verdict: SCAM (100.0%) | Stage: STAGE_5_CREDENTIAL_EXTRACTION
   Scam Types: ["COMBOSQUAT_DECEPTIVE_DOMAIN","BANK_FINANCIAL_IMPERSONATION","OTP_CREDENTIAL_PHISHING","ACCOUNT_TAKEOVER_BIOMETRICS"]
   Tactics: ["FEAR","URGENCY","AUTHORITY","LOSS_AVERSION","PANIC"] | Actions: ["CLICK_LINK","OTP","PASSWORD"]
   Latency: 1.34ms

✅ [PASS] 4. Fake Online CTV Part-Time Job with Shopee Order Task
   Verdict: SCAM (100.0%) | Stage: STAGE_6_PAYMENT_EXTRACTION
   Scam Types: ["ECOMMERCE_DELIVERY_IMPERSONATION","EMPLOYER_HR_IMPERSONATION","FAKE_PARTTIME_JOB_TASK"]
   Tactics: ["GREED","FOMO","RECIPROCITY","SCARCITY"] | Actions: ["TRANSFER_MONEY"]
   Latency: 1.4ms

✅ [PASS] 5. Hard Negative — Official Bank Warning (Never Demands OTP)
   Verdict: LEGITIMATE (100.0%) | Stage: STAGE_1_CONTACT
   Scam Types: ["AUTHENTIC_ACADEMIC_GOV","HARD_NEGATIVE_BANK_WARNING"]
   Tactics: [] | Actions: []
   Latency: 1.44ms

✅ [PASS] 6. Hard Negative — Academic Assignment on Information Security & 2FA
   Verdict: LEGITIMATE (100.0%) | Stage: STAGE_1_CONTACT
   Scam Types: ["AUTHENTIC_ACADEMIC_GOV","HARD_NEGATIVE_ACADEMIC_ASSIGNMENT"]
   Tactics: [] | Actions: []
   Latency: 1.35ms

======================================================================
🎯 MULTI-HEAD TEST SUMMARY: 6/6 Passed (100.0%)
======================================================================
(node:31304) ExperimentalWarning: `--experimental-loader` may be removed in the future; instead use `register()`:
--import 'data:text/javascript,import { register } from "node:module"; import { pathToFileURL } from "node:url"; register("file%3A///D%3A/StudentHub-CodexRuns/FULL_REPAIR_20261001/candidate/frontend/tests/foundation/ts-extension-loader.mjs", pathToFileURL("./"));'
(Use `node --trace-warnings ...` to show where the warning was created)
✔ only canonical navigation is executable; removed and encoded routes rejected (0.9125ms)
✔ public and account commands share navigation source and respect authentication (0.7721ms)
✔ canonical search rejects mismatched query and does not invent Trust or Expert DTOs (0.4479ms)
✔ public projection excludes restricted or removed rows even if they match (0.163ms)
✔ social and contribution identities remain distinct and sources retain their parent (0.4073ms)
✔ owned Trust requires exact object and owner, never infers conclusion (0.193ms)
✔ Expert uses actual scopes; public reputation fields never enter result model (0.1802ms)
✔ fixture markers are rejected at envelopes, nested rows, provenance and AI boundaries (0.1833ms)
✔ generation order A B response B response A keeps only current B (0.126ms)
✔ AI payload contains only explicit bounded query and optional known topic, no record fields (0.7892ms)
✔ HTTP-success provider failure is unavailable; unknown/partial AI never becomes completed (0.1513ms)
✔ AI links reject active content, credentials, secret queries and local destinations (0.353ms)
ℹ tests 12
ℹ suites 0
ℹ pass 12
ℹ fail 0
ℹ cancelled 0
ℹ skipped 0
ℹ todo 0
ℹ duration_ms 9.4863
(node:23720) ExperimentalWarning: `--experimental-loader` may be removed in the future; instead use `register()`:
--import 'data:text/javascript,import { register } from "node:module"; import { pathToFileURL } from "node:url"; register("file%3A///D%3A/StudentHub-CodexRuns/FULL_REPAIR_20261001/candidate/frontend/tests/foundation/ts-extension-loader.mjs", pathToFileURL("./"));'
(Use `node --trace-warnings ...` to show where the warning was created)
﹣ PHASE 5 LIVE GATE: Evidence Passport hash integrity, tamper detection, and deterministic TrustGraph (0.4497ms) # DISPOSABLE_DB_BLOCKED_BY_LOCAL_ENV
ℹ tests 1
ℹ suites 0
ℹ pass 0
ℹ fail 0
ℹ cancelled 0
ℹ skipped 1
ℹ todo 0
ℹ duration_ms 4.2758
(node:21264) ExperimentalWarning: `--experimental-loader` may be removed in the future; instead use `register()`:
--import 'data:text/javascript,import { register } from "node:module"; import { pathToFileURL } from "node:url"; register("file%3A///D%3A/StudentHub-CodexRuns/FULL_REPAIR_20261001/candidate/frontend/tests/foundation/ts-extension-loader.mjs", pathToFileURL("./"));'
(Use `node --trace-warnings ...` to show where the warning was created)
﹣ TrustCasePassportBinder: Creates durable Passport bound to Trust Case for authenticated owner (0.422ms) # DISPOSABLE_DB_BLOCKED_BY_LOCAL_ENV
ℹ tests 1
ℹ suites 0
ℹ pass 0
ℹ fail 0
ℹ cancelled 0
ℹ skipped 1
ℹ todo 0
ℹ duration_ms 3.8788
(node:10940) ExperimentalWarning: `--experimental-loader` may be removed in the future; instead use `register()`:
--import 'data:text/javascript,import { register } from "node:module"; import { pathToFileURL } from "node:url"; register("file%3A///D%3A/StudentHub-CodexRuns/FULL_REPAIR_20261001/candidate/frontend/tests/foundation/ts-extension-loader.mjs", pathToFileURL("./"));'
(Use `node --trace-warnings ...` to show where the warning was created)
✔ canonical v1 APIs expose honest public contracts and fail closed for personal data (17985.5316ms)
ℹ tests 1
ℹ suites 0
ℹ pass 1
ℹ fail 0
ℹ cancelled 0
ℹ skipped 0
ℹ todo 0
ℹ duration_ms 17992.6347
(node:3796) ExperimentalWarning: `--experimental-loader` may be removed in the future; instead use `register()`:
--import 'data:text/javascript,import { register } from "node:module"; import { pathToFileURL } from "node:url"; register("file%3A///D%3A/StudentHub-CodexRuns/FULL_REPAIR_20261001/candidate/frontend/tests/foundation/ts-extension-loader.mjs", pathToFileURL("./"));'
(Use `node --trace-warnings ...` to show where the warning was created)
✔ canonical v1 product façades expose versioned, Security Fabric-wrapped contracts (1.8572ms)
✔ removed Dashboard v1 route stays retired (0.3051ms)
✔ Community does not convert durable database failures into a generic 500 or demo result (0.3638ms)
✔ canonical Trust screens inputs server-side and returns authoritative pipeline layers (0.4011ms)
ℹ tests 4
ℹ suites 0
ℹ pass 4
ℹ fail 0
ℹ cancelled 0
ℹ skipped 0
ℹ todo 0
ℹ duration_ms 7.6498
(node:7080) ExperimentalWarning: `--experimental-loader` may be removed in the future; instead use `register()`:
--import 'data:text/javascript,import { register } from "node:module"; import { pathToFileURL } from "node:url"; register("file%3A///D%3A/StudentHub-CodexRuns/FULL_REPAIR_20261001/candidate/frontend/tests/foundation/ts-extension-loader.mjs", pathToFileURL("./"));'
(Use `node --trace-warnings ...` to show where the warning was created)
✔ operator demo identity inventories remain local-only and out of production source (0.6865ms)
✔ Trust-to-Expert handoff carries the persisted case revision and exact scope (0.9011ms)
✔ Trust AI has structured citation and revision provenance; Omni chat remains text-contract bound (0.7634ms)
ℹ tests 3
ℹ suites 0
ℹ pass 3
ℹ fail 0
ℹ cancelled 0
ℹ skipped 0
ℹ todo 0
ℹ duration_ms 6.7343
(node:7960) ExperimentalWarning: `--experimental-loader` may be removed in the future; instead use `register()`:
--import 'data:text/javascript,import { register } from "node:module"; import { pathToFileURL } from "node:url"; register("file%3A///D%3A/StudentHub-CodexRuns/FULL_REPAIR_20261001/candidate/frontend/tests/foundation/ts-extension-loader.mjs", pathToFileURL("./"));'
(Use `node --trace-warnings ...` to show where the warning was created)
✔ Omni returns working Expert results and safe partial diagnostics when Community fails (17.1109ms)
✔ Omni preserves Community results when Expert fails, and reports 503 only when both fail (2.0221ms)
✔ Successful empty search is COMPLETE; short query never reaches storage (1.1692ms)
✔ Profile includes both owner-scoped Community sources, preserves healthy source on failure (1.8391ms)
✔ Profile distinguishes no activity from failed reads for all three cores (1.6481ms)
✔ Next async route params reach owner-bound Trust read and preserve cross-owner denial (1.6699ms)
ℹ tests 6
ℹ suites 0
ℹ pass 6
ℹ fail 0
ℹ cancelled 0
ℹ skipped 0
ℹ todo 0
ℹ duration_ms 29.6042
(node:24932) ExperimentalWarning: `--experimental-loader` may be removed in the future; instead use `register()`:
--import 'data:text/javascript,import { register } from "node:module"; import { pathToFileURL } from "node:url"; register("file%3A///D%3A/StudentHub-CodexRuns/FULL_REPAIR_20261001/candidate/frontend/tests/foundation/ts-extension-loader.mjs", pathToFileURL("./"));'
(Use `node --trace-warnings ...` to show where the warning was created)
✔ discovered test process cannot recover local database or provider credentials (3.5088ms)
ℹ tests 1
ℹ suites 0
ℹ pass 1
ℹ fail 0
ℹ cancelled 0
ℹ skipped 0
ℹ todo 0
ℹ duration_ms 6.4213
(node:11648) ExperimentalWarning: `--experimental-loader` may be removed in the future; instead use `register()`:
--import 'data:text/javascript,import { register } from "node:module"; import { pathToFileURL } from "node:url"; register("file%3A///D%3A/StudentHub-CodexRuns/FULL_REPAIR_20261001/candidate/frontend/tests/foundation/ts-extension-loader.mjs", pathToFileURL("./"));'
(Use `node --trace-warnings ...` to show where the warning was created)
✔ The Margin is a shared production primitive, not a copied prototype (2.1124ms)
✔ Dashboard exposes source state instead of claiming fixture data is live (0.3132ms)
ℹ tests 2
ℹ suites 0
ℹ pass 2
ℹ fail 0
ℹ cancelled 0
ℹ skipped 0
ℹ todo 0
ℹ duration_ms 5.6924
(node:37460) ExperimentalWarning: `--experimental-loader` may be removed in the future; instead use `register()`:
--import 'data:text/javascript,import { register } from "node:module"; import { pathToFileURL } from "node:url"; register("file%3A///D%3A/StudentHub-CodexRuns/FULL_REPAIR_20261001/candidate/frontend/tests/foundation/ts-extension-loader.mjs", pathToFileURL("./"));'
(Use `node --trace-warnings ...` to show where the warning was created)
✔ P0 runtime routes enforce auth and never regress to handler 500s (9819.3583ms)
ℹ tests 1
ℹ suites 0
ℹ pass 1
ℹ fail 0
ℹ cancelled 0
ℹ skipped 0
ℹ todo 0
ℹ duration_ms 14816.7094
(node:32484) ExperimentalWarning: `--experimental-loader` may be removed in the future; instead use `register()`:
--import 'data:text/javascript,import { register } from "node:module"; import { pathToFileURL } from "node:url"; register("file%3A///D%3A/StudentHub-CodexRuns/FULL_REPAIR_20261001/candidate/frontend/tests/foundation/ts-extension-loader.mjs", pathToFileURL("./"));'
(Use `node --trace-warnings ...` to show where the warning was created)
✔ v4 registry lists all six removed features with honest route disposition (1.3868ms)
✔ removed page routes call Next notFound instead of rendering feature pages (1.3769ms)
✔ retired API surfaces return body-agnostic no-store 404 responses (1.6785ms)
✔ canonical navigation and Omni source contain no removed feature routes (11.9641ms)
✔ active landing copy does not present fabricated verdicts or live product data (1.6829ms)
✔ shared realtime keeps active channels and drops removed academic shell channels (0.448ms)
✔ legacy aliases have explicit retained, replacement, removed, or unknown decisions (0.3582ms)
ℹ tests 7
ℹ suites 0
ℹ pass 7
ℹ fail 0
ℹ cancelled 0
ℹ skipped 0
ℹ todo 0
ℹ duration_ms 23.2653
(node:32440) ExperimentalWarning: `--experimental-loader` may be removed in the future; instead use `register()`:
--import 'data:text/javascript,import { register } from "node:module"; import { pathToFileURL } from "node:url"; register("file%3A///D%3A/StudentHub-CodexRuns/FULL_REPAIR_20261001/candidate/frontend/tests/foundation/ts-extension-loader.mjs", pathToFileURL("./"));'
(Use `node --trace-warnings ...` to show where the warning was created)
✔ every API route exposes at least one explicit HTTP handler (23.7874ms)
✔ API route source does not contain obvious browser-only globals (20.3411ms)
ℹ tests 2
ℹ suites 0
ℹ pass 2
ℹ fail 0
ℹ cancelled 0
ℹ skipped 0
ℹ todo 0
ℹ duration_ms 48.0331
(node:21372) ExperimentalWarning: `--experimental-loader` may be removed in the future; instead use `register()`:
--import 'data:text/javascript,import { register } from "node:module"; import { pathToFileURL } from "node:url"; register("file%3A///D%3A/StudentHub-CodexRuns/FULL_REPAIR_20261001/candidate/frontend/tests/foundation/ts-extension-loader.mjs", pathToFileURL("./"));'
(Use `node --trace-warnings ...` to show where the warning was created)
▶ Repository test runner contract
  ✔ isolates nested Next servers from a developer's active .next lock (0.5703ms)
  ✔ allows full-web browser artifacts to use a dedicated volume (0.5665ms)
  ✔ does not forward credential aliases or reload .env.local in a child (154.2266ms)
  ✔ honors an npm-style relative test path and reports an exact selected count (270.7637ms)
  ✔ fails explicitly when a requested test path does not exist (76.8417ms)
  ✔ reports and skips only an explicitly classified removed-feature test (85.2397ms)
✔ Repository test runner contract (589.1088ms)
ℹ tests 6
ℹ suites 1
ℹ pass 6
ℹ fail 0
ℹ cancelled 0
ℹ skipped 0
ℹ todo 0
ℹ duration_ms 593.7144
(node:12092) ExperimentalWarning: `--experimental-loader` may be removed in the future; instead use `register()`:
--import 'data:text/javascript,import { register } from "node:module"; import { pathToFileURL } from "node:url"; register("file%3A///D%3A/StudentHub-CodexRuns/FULL_REPAIR_20261001/candidate/frontend/tests/foundation/ts-extension-loader.mjs", pathToFileURL("./"));'
(Use `node --trace-warnings ...` to show where the warning was created)

============================================================
🔒 RUNNING HISTORICAL PRIVACY VALIDATION V1 (N=407 SAMPLES)
============================================================

📊 OVERALL METRICS:
  Samples Evaluated      : 407
  True Positives (TP)    : 360
  True Negatives (TN)    : 47
  False Positives (FP)   : 0
  False Negatives (FN)   : 0
  Overall Recall         : 100.00% (Gate >= 97.0%)
  Overall Precision      : 100.00% (Gate >= 94.0%)
  Overall F1             : 100.00%
  Critical Leaks (CCCD/TK): 0 (Gate == 0)
  Post-Redaction Leaks   : 0

📈 MODALITY-SPECIFIC PERFORMANCE:
  - NOISY_SYNTHETIC  (N= 72): Recall=100.0%, Precision=100.0%, CriticalLeaks=0
  - OCR_IMAGE        (N= 26): Recall=100.0%, Precision=100.0%, CriticalLeaks=0
  - DOCUMENT         (N= 26): Recall=100.0%, Precision=100.0%, CriticalLeaks=0
  - TEXT             (N= 79): Recall=100.0%, Precision=100.0%, CriticalLeaks=0
  - METADATA         (N= 29): Recall=100.0%, Precision=100.0%, CriticalLeaks=0
  - CLEAN_SYNTHETIC  (N=150): Recall=100.0%, Precision=100.0%, CriticalLeaks=0
  - QR               (N= 25): Recall=100.0%, Precision=100.0%, CriticalLeaks=0

📌 PRIVACY VALIDATION STATUS: PRIVACY_VALIDATION_V1
============================================================

✔ HISTORICAL PRIVACY VALIDATION V1 (N=407 SAMPLES) (13.1075ms)
ℹ tests 1
ℹ suites 0
ℹ pass 1
ℹ fail 0
ℹ cancelled 0
ℹ skipped 0
ℹ todo 0
ℹ duration_ms 17.543
(node:15580) ExperimentalWarning: `--experimental-loader` may be removed in the future; instead use `register()`:
--import 'data:text/javascript,import { register } from "node:module"; import { pathToFileURL } from "node:url"; register("file%3A///D%3A/StudentHub-CodexRuns/FULL_REPAIR_20261001/candidate/frontend/tests/foundation/ts-extension-loader.mjs", pathToFileURL("./"));'
(Use `node --trace-warnings ...` to show where the warning was created)

============================================================
🔒 RUNNING PRIVACY VALIDATION V2 (N=420 SAMPLES)
============================================================

📊 1. OVERALL PRIVACY PERFORMANCE (N=420):
  Overall Recall    : 100.00% [Target >= 97.0%]
  Overall Precision : 100.00% [Target >= 94.0%]
  Overall F1 Score  : 100.00%
  Critical Leaks    : 0.00% [95% CI: 0.00% - 1.22%] [Target: 0 observed]

  Metamorphic Checks: 840 (failures=0)
  Full Pipeline Failures: 0

📑 2. MODALITY BREAKDOWN:
-------------------------------------------------------------------------
Modality         | TP  | FP | FN | TN | Recall  | Precision | Leaks
-------------------------------------------------------------------------
TEXT             |  60 |  0 |  0 |  0 | 100.0%   | 100.0%     | 0
OCR_IMAGE        |  60 |  0 |  0 |  0 | 100.0%   | 100.0%     | 0
DOCUMENT         |  60 |  0 |  0 |  0 | 100.0%   | 100.0%     | 0
QR               |  50 |  0 |  0 |  0 | 100.0%   | 100.0%     | 0
METADATA         |  40 |  0 |  0 |  0 | 100.0%   | 100.0%     | 0
NOISY_SYNTHETIC  |  70 |  0 |  0 |  0 | 100.0%   | 100.0%     | 0
CLEAN_SYNTHETIC  |  30 |  0 |  0 |  0 | 100.0%   | 100.0%     | 0
HARD_NEGATIVE    |   0 |  0 |  0 | 50 | 0.0%   | 0.0%     | 0
-------------------------------------------------------------------------

📌 GATES CHECK FOR PRIVACY VALIDATION V2:
  - Overall Recall >= 97.0%:     PASS (100.00%)
  - Overall Precision >= 94.0%:  PASS (100.00%)
  - Critical Leaks == 0:         PASS (0.00% [95% CI: 0.00% - 1.22%])
  - High-risk Modality >= 95.0%: PASS
  - Metamorphic invariants:      PASS
  - Full pipeline post-scan:     PASS

STATUS: PRIVACY_VALIDATION_V2_VERIFIED
============================================================

✔ PRIVACY VALIDATION V2 — PIPELINE + METAMORPHIC CHECKS (N=420 SAMPLES) (41.1513ms)
ℹ tests 1
ℹ suites 0
ℹ pass 1
ℹ fail 0
ℹ cancelled 0
ℹ skipped 0
ℹ todo 0
ℹ duration_ms 44.3766
(node:24148) ExperimentalWarning: `--experimental-loader` may be removed in the future; instead use `register()`:
--import 'data:text/javascript,import { register } from "node:module"; import { pathToFileURL } from "node:url"; register("file%3A///D%3A/StudentHub-CodexRuns/FULL_REPAIR_20261001/candidate/frontend/tests/foundation/ts-extension-loader.mjs", pathToFileURL("./"));'
(Use `node --trace-warnings ...` to show where the warning was created)

============================================================
📋 RUNNING PII BENCHMARK (N=1300 SAMPLES)
============================================================

📊 PER-CATEGORY PII PERFORMANCE:
----------------------------------------------------------------------
Category              | TP     | FP    | FN    | Recall   | Precision
----------------------------------------------------------------------
PHONE                 | 150    | 0     | 0     | 100.0%   | 100.0%
EMAIL                 | 150    | 0     | 0     | 100.0%   | 100.0%
STUDENT_ID            | 150    | 0     | 0     | 100.0%   | 100.0%
NATIONAL_ID           | 150    | 0     | 0     | 100.0%   | 100.0%
BANK_ACCOUNT          | 150    | 0     | 0     | 100.0%   | 100.0%
ADDRESS               | 150    | 0     | 0     | 100.0%   | 100.0%
QR                    | 100    | 0     | 0     | 100.0%   | 100.0%
LOCATION_METADATA     | 100    | 0     | 0     | 100.0%   | 100.0%
----------------------------------------------------------------------
OVERALL AGGREGATE     | 1100   | 0     | 0     | 100.0%   | 100.0%
======================================================================

🛡️ POST-REDACTION VERIFICATION:
  Pipelines Executed          : 1100
  Post-Redaction Pass Rate    : 100.00%
  Critical Tokens Leaked      : 0 (Target: 0)
======================================================================

🔒 VERIFYING STORAGE AUTHORIZATION MATRIX:
  Storage Authorization Matrix: 13/13 checks passed (100%)

📌 BENCHMARK STATUS: PRIVACY_PIPELINE_VERIFIED
✔ PII & PRIVACY BENCHMARK: 1,300 Controlled Samples Evaluation (50.3751ms)
ℹ tests 1
ℹ suites 0
ℹ pass 1
ℹ fail 0
ℹ cancelled 0
ℹ skipped 0
ℹ todo 0
ℹ duration_ms 53.5275
(node:37124) ExperimentalWarning: `--experimental-loader` may be removed in the future; instead use `register()`:
--import 'data:text/javascript,import { register } from "node:module"; import { pathToFileURL } from "node:url"; register("file%3A///D%3A/StudentHub-CodexRuns/FULL_REPAIR_20261001/candidate/frontend/tests/foundation/ts-extension-loader.mjs", pathToFileURL("./"));'
(Use `node --trace-warnings ...` to show where the warning was created)
▶ external bundle integration contract
  ✔ isolates Ultra Experience to its dedicated route (1.1275ms)
  ✔ keeps secret and machine-state artifacts out of the repository (0.276ms)
  ✔ documents every supplied artifact class and its safe disposition (0.5233ms)
✔ external bundle integration contract (2.5467ms)
ℹ tests 3
ℹ suites 1
ℹ pass 3
ℹ fail 0
ℹ cancelled 0
ℹ skipped 0
ℹ todo 0
ℹ duration_ms 6.1613
(node:11404) ExperimentalWarning: `--experimental-loader` may be removed in the future; instead use `register()`:
--import 'data:text/javascript,import { register } from "node:module"; import { pathToFileURL } from "node:url"; register("file%3A///D%3A/StudentHub-CodexRuns/FULL_REPAIR_20261001/candidate/frontend/tests/foundation/ts-extension-loader.mjs", pathToFileURL("./"));'
(Use `node --trace-warnings ...` to show where the warning was created)
▶ Living Evidence Passport
  ✔ appends immutable material changes and preserves old and new results (1.0018ms)
  ✔ rejects demo evidence in a live passport and Community-only resolution (0.3701ms)
  ✔ allows user notes without granting them result-changing authority (0.1144ms)
  ✔ rejects out-of-order evidence events (0.1358ms)
✔ Living Evidence Passport (2.4221ms)
▶ Student Decision Twin
  ✔ recommends from explicit deterministic factors and exposes every basis (0.1764ms)
  ✔ requires two options and refuses critical unknowns (0.1899ms)
✔ Student Decision Twin (0.4742ms)
▶ Competition superflows
  ✔ ships exactly three labeled deterministic flows with all cross-system outputs (0.3196ms)
✔ Competition superflows (0.4206ms)
ℹ tests 7
ℹ suites 3
ℹ pass 7
ℹ fail 0
ℹ cancelled 0
ℹ skipped 0
ℹ todo 0
ℹ duration_ms 7.5945
(node:33404) ExperimentalWarning: `--experimental-loader` may be removed in the future; instead use `register()`:
--import 'data:text/javascript,import { register } from "node:module"; import { pathToFileURL } from "node:url"; register("file%3A///D%3A/StudentHub-CodexRuns/FULL_REPAIR_20261001/candidate/frontend/tests/foundation/ts-extension-loader.mjs", pathToFileURL("./"));'
(Use `node --trace-warnings ...` to show where the warning was created)
▶ Hyper-Personalization & Academic Briefing Engine
  ✔ should create, track, and update user academic goals (3.8177ms)
  ✔ should compile comprehensive Academic Briefing with grounded recommendations and early warnings (5.8963ms)
✔ Hyper-Personalization & Academic Briefing Engine (10.5988ms)
ℹ tests 2
ℹ suites 1
ℹ pass 2
ℹ fail 0
ℹ cancelled 0
ℹ skipped 0
ℹ todo 0
ℹ duration_ms 13.8521
(node:31332) ExperimentalWarning: `--experimental-loader` may be removed in the future; instead use `register()`:
--import 'data:text/javascript,import { register } from "node:module"; import { pathToFileURL } from "node:url"; register("file%3A///D%3A/StudentHub-CodexRuns/FULL_REPAIR_20261001/candidate/frontend/tests/foundation/ts-extension-loader.mjs", pathToFileURL("./"));'
(Use `node --trace-warnings ...` to show where the warning was created)
▶ P1 State Durability & Restart Survival
  ✔ UserGoalEngine: Goal creation & progress updates must survive simulated restart (12.9255ms)
  ✔ EarlyWarningEngine: Emerging incident lifecycle must survive simulated restart (10.095ms)
  ✔ AiMemoryGuard: Approved & Candidate memory records must survive simulated restart (10.7416ms)
  ✔ DeviceSyncEngine: Registered devices & mutations must survive simulated restart (9.9398ms)
✔ P1 State Durability & Restart Survival (44.4973ms)
ℹ tests 4
ℹ suites 1
ℹ pass 4
ℹ fail 0
ℹ cancelled 0
ℹ skipped 0
ℹ todo 0
ℹ duration_ms 48.0372
(node:36552) ExperimentalWarning: `--experimental-loader` may be removed in the future; instead use `register()`:
--import 'data:text/javascript,import { register } from "node:module"; import { pathToFileURL } from "node:url"; register("file%3A///D%3A/StudentHub-CodexRuns/FULL_REPAIR_20261001/candidate/frontend/tests/foundation/ts-extension-loader.mjs", pathToFileURL("./"));'
(Use `node --trace-warnings ...` to show where the warning was created)
▶ Device Management & Cross-Device Sync Engine
  ✔ should register multiple devices and track active status (3.4778ms)
  ✔ should revoke a specific device and deny subsequent heartbeats (1.8586ms)
  ✔ should execute server-authoritative synchronization with conflict resolution (3.2448ms)
✔ Device Management & Cross-Device Sync Engine (9.2642ms)
ℹ tests 3
ℹ suites 1
ℹ pass 3
ℹ fail 0
ℹ cancelled 0
ℹ skipped 0
ℹ todo 0
ℹ duration_ms 13.2436
(node:8660) ExperimentalWarning: `--experimental-loader` may be removed in the future; instead use `register()`:
--import 'data:text/javascript,import { register } from "node:module"; import { pathToFileURL } from "node:url"; register("file%3A///D%3A/StudentHub-CodexRuns/FULL_REPAIR_20261001/candidate/frontend/tests/foundation/ts-extension-loader.mjs", pathToFileURL("./"));'
(Use `node --trace-warnings ...` to show where the warning was created)
▶ Personal Digital Twin & Data Vault Engine
  ✔ should construct authorized Digital Twin with explicit 5-tier data classifications (4.546ms)
  ✔ should allow user to update personal goals, study preferences, and save knowledge (1.0295ms)
  ✔ should generate GDPR compliant personal data export (0.3262ms)
✔ Personal Digital Twin & Data Vault Engine (6.6146ms)
ℹ tests 3
ℹ suites 1
ℹ pass 3
ℹ fail 0
ℹ cancelled 0
ℹ skipped 0
ℹ todo 0
ℹ duration_ms 10.0717
(node:32488) ExperimentalWarning: `--experimental-loader` may be removed in the future; instead use `register()`:
--import 'data:text/javascript,import { register } from "node:module"; import { pathToFileURL } from "node:url"; register("file%3A///D%3A/StudentHub-CodexRuns/FULL_REPAIR_20261001/candidate/frontend/tests/foundation/ts-extension-loader.mjs", pathToFileURL("./"));'
(Use `node --trace-warnings ...` to show where the warning was created)
▶ Personalization & Context Engine
  ✔ should infer correct persona based on academic progress and role (1.3722ms)
  ✔ should compile explainable Command Center Context with Grounded Actions (5.2338ms)
  ✔ should update and reset personalization settings safely (0.3043ms)
✔ Personalization & Context Engine (7.6597ms)
ℹ tests 3
ℹ suites 1
ℹ pass 3
ℹ fail 0
ℹ cancelled 0
ℹ skipped 0
ℹ todo 0
ℹ duration_ms 13.164
(node:22176) ExperimentalWarning: `--experimental-loader` may be removed in the future; instead use `register()`:
--import 'data:text/javascript,import { register } from "node:module"; import { pathToFileURL } from "node:url"; register("file%3A///D%3A/StudentHub-CodexRuns/FULL_REPAIR_20261001/candidate/frontend/tests/foundation/ts-extension-loader.mjs", pathToFileURL("./"));'
(Use `node --trace-warnings ...` to show where the warning was created)
▶ Product Reconstruction & Personal Digital Twin E2E
  ✔ should execute complete cross-device product lifecycle with personalization and security (9.6167ms)
✔ Product Reconstruction & Personal Digital Twin E2E (10.1745ms)
ℹ tests 1
ℹ suites 1
ℹ pass 1
ℹ fail 0
ℹ cancelled 0
ℹ skipped 0
ℹ todo 0
ℹ duration_ms 14.0401
(node:12124) ExperimentalWarning: `--experimental-loader` may be removed in the future; instead use `register()`:
--import 'data:text/javascript,import { register } from "node:module"; import { pathToFileURL } from "node:url"; register("file%3A///D%3A/StudentHub-CodexRuns/FULL_REPAIR_20261001/candidate/frontend/tests/foundation/ts-extension-loader.mjs", pathToFileURL("./"));'
(Use `node --trace-warnings ...` to show where the warning was created)
▶ PROVIP Master Reconstruction — Closed-Loop E2E
  ✔ should execute complete closed-loop from social ingest to AI safety, official fusion and personalized briefing (13.9943ms)
✔ PROVIP Master Reconstruction — Closed-Loop E2E (14.5539ms)
ℹ tests 1
ℹ suites 1
ℹ pass 1
ℹ fail 0
ℹ cancelled 0
ℹ skipped 0
ℹ todo 0
ℹ duration_ms 18.4532
(node:4848) ExperimentalWarning: `--experimental-loader` may be removed in the future; instead use `register()`:
--import 'data:text/javascript,import { register } from "node:module"; import { pathToFileURL } from "node:url"; register("file%3A///D%3A/StudentHub-CodexRuns/FULL_REPAIR_20261001/candidate/frontend/tests/foundation/ts-extension-loader.mjs", pathToFileURL("./"));'
(Use `node --trace-warnings ...` to show where the warning was created)
▶ StudentHub OS — 4 Invariant Vertical Slices
  ✔ Vertical Slice 1: Operational Incident Detection to Grounded AI Advisory Action (11.01ms)
  ✔ Vertical Slice 2: Expert Discovery with Scope Verification and PII Stripping (2.1618ms)
  ✔ Vertical Slice 3: Academic Profile 360 & Prerequisite Verification (2.7279ms)
  ✔ Vertical Slice 4: Evidence Fusion with Statutory Priority vs Operational Nuance (1.8451ms)
✔ StudentHub OS — 4 Invariant Vertical Slices (18.4848ms)
ℹ tests 4
ℹ suites 1
ℹ pass 4
ℹ fail 0
ℹ cancelled 0
ℹ skipped 0
ℹ todo 0
ℹ duration_ms 22.0813
(node:15268) ExperimentalWarning: `--experimental-loader` may be removed in the future; instead use `register()`:
--import 'data:text/javascript,import { register } from "node:module"; import { pathToFileURL } from "node:url"; register("file%3A///D%3A/StudentHub-CodexRuns/FULL_REPAIR_20261001/candidate/frontend/tests/foundation/ts-extension-loader.mjs", pathToFileURL("./"));'
(Use `node --trace-warnings ...` to show where the warning was created)
✔ Expert Profile Authorization: Modification of server-owned authority fields is DENIED (1.2793ms)
✔ Expert Profile Authorization: Unknown fields are rejected (0.5111ms)
✔ Expert Profile Authorization: Anonymous expert profile access fails with authentication error (0.3094ms)
ℹ tests 3
ℹ suites 0
ℹ pass 3
ℹ fail 0
ℹ cancelled 0
ℹ skipped 0
ℹ todo 0
ℹ duration_ms 5.5735
(node:25712) ExperimentalWarning: `--experimental-loader` may be removed in the future; instead use `register()`:
--import 'data:text/javascript,import { register } from "node:module"; import { pathToFileURL } from "node:url"; register("file%3A///D%3A/StudentHub-CodexRuns/FULL_REPAIR_20261001/candidate/frontend/tests/foundation/ts-extension-loader.mjs", pathToFileURL("./"));'
(Use `node --trace-warnings ...` to show where the warning was created)
﹣ Expert Reputation Projection: Structure conforms to ExpertProfileViewDTO and policy boundaries (0.4138ms) # DISPOSABLE_DB_BLOCKED_BY_LOCAL_ENV
ℹ tests 1
ℹ suites 0
ℹ pass 0
ℹ fail 0
ℹ cancelled 0
ℹ skipped 1
ℹ todo 0
ℹ duration_ms 4.7515
(node:19372) ExperimentalWarning: `--experimental-loader` may be removed in the future; instead use `register()`:
--import 'data:text/javascript,import { register } from "node:module"; import { pathToFileURL } from "node:url"; register("file%3A///D%3A/StudentHub-CodexRuns/FULL_REPAIR_20261001/candidate/frontend/tests/foundation/ts-extension-loader.mjs", pathToFileURL("./"));'
(Use `node --trace-warnings ...` to show where the warning was created)
﹣ Profile Activity Projection: UserProfileView structure adheres to DTO contract (0.3846ms) # DISPOSABLE_DB_BLOCKED_BY_LOCAL_ENV
ℹ tests 1
ℹ suites 0
ℹ pass 0
ℹ fail 0
ℹ cancelled 0
ℹ skipped 1
ℹ todo 0
ℹ duration_ms 3.2979
(node:23464) ExperimentalWarning: `--experimental-loader` may be removed in the future; instead use `register()`:
--import 'data:text/javascript,import { register } from "node:module"; import { pathToFileURL } from "node:url"; register("file%3A///D%3A/StudentHub-CodexRuns/FULL_REPAIR_20261001/candidate/frontend/tests/foundation/ts-extension-loader.mjs", pathToFileURL("./"));'
(Use `node --trace-warnings ...` to show where the warning was created)
✔ User Profile UI calls the Owner /api/users/me contract and only edits FullName/AvatarUrl (1.7285ms)
✔ Expert Profile uses a separate read/write contract and keeps authority fields read-only (0.9662ms)
ℹ tests 2
ℹ suites 0
ℹ pass 2
ℹ fail 0
ℹ cancelled 0
ℹ skipped 0
ℹ todo 0
ℹ duration_ms 7.6324
(node:9340) ExperimentalWarning: `--experimental-loader` may be removed in the future; instead use `register()`:
--import 'data:text/javascript,import { register } from "node:module"; import { pathToFileURL } from "node:url"; register("file%3A///D%3A/StudentHub-CodexRuns/FULL_REPAIR_20261001/candidate/frontend/tests/foundation/ts-extension-loader.mjs", pathToFileURL("./"));'
(Use `node --trace-warnings ...` to show where the warning was created)
✔ No Friend Backend Contract: Profile routes and services contain ZERO calls to friend backend (9.2267ms)
✔ No Friend Backend Contract: Canonical Identity Authority is strictly Owner Supabase Auth (0.575ms)
ℹ tests 2
ℹ suites 0
ℹ pass 2
ℹ fail 0
ℹ cancelled 0
ℹ skipped 0
ℹ todo 0
ℹ duration_ms 13.6459
(node:28168) ExperimentalWarning: `--experimental-loader` may be removed in the future; instead use `register()`:
--import 'data:text/javascript,import { register } from "node:module"; import { pathToFileURL } from "node:url"; register("file%3A///D%3A/StudentHub-CodexRuns/FULL_REPAIR_20261001/candidate/frontend/tests/foundation/ts-extension-loader.mjs", pathToFileURL("./"));'
(Use `node --trace-warnings ...` to show where the warning was created)
✔ Profile Performance Contract: Route media policy strictly forbids video for profile routes (3.116ms)
✔ Profile Performance Contract: User Profile source code has 0 <video> elements (1.7606ms)
✔ Profile Performance Contract: Expert Profile source code has 0 <video> elements (2.5206ms)
✔ Profile Performance Contract: Lightweight skeleton loaders are used instead of blocking spinners (1.2362ms)
ℹ tests 4
ℹ suites 0
ℹ pass 4
ℹ fail 0
ℹ cancelled 0
ℹ skipped 0
ℹ todo 0
ℹ duration_ms 16.9472
(node:13588) ExperimentalWarning: `--experimental-loader` may be removed in the future; instead use `register()`:
--import 'data:text/javascript,import { register } from "node:module"; import { pathToFileURL } from "node:url"; register("file%3A///D%3A/StudentHub-CodexRuns/FULL_REPAIR_20261001/candidate/frontend/tests/foundation/ts-extension-loader.mjs", pathToFileURL("./"));'
(Use `node --trace-warnings ...` to show where the warning was created)
✔ Profile Role Routing: Active Expert is redirected from /profile to /expert/profile (0.9073ms)
✔ Profile Role Routing: UnifiedAppShell routes Active Expert to /expert/profile and Student to /profile (0.3427ms)
✔ Profile Role Routing: Routing authority is server-controlled (no localStorage/query override) (0.5724ms)
✔ Profile Role Routing: EXPERT_LIFECYCLE_STATE maps accurately to canonical states (0.1406ms)
ℹ tests 4
ℹ suites 0
ℹ pass 4
ℹ fail 0
ℹ cancelled 0
ℹ skipped 0
ℹ todo 0
ℹ duration_ms 6.5181
(node:26588) ExperimentalWarning: `--experimental-loader` may be removed in the future; instead use `register()`:
--import 'data:text/javascript,import { register } from "node:module"; import { pathToFileURL } from "node:url"; register("file%3A///D%3A/StudentHub-CodexRuns/FULL_REPAIR_20261001/candidate/frontend/tests/foundation/ts-extension-loader.mjs", pathToFileURL("./"));'
(Use `node --trace-warnings ...` to show where the warning was created)
✔ User Profile Authorization: Safe presentation updates succeed (0.5183ms)
✔ User Profile Authorization: Mutation of server-owned fields is DENIED (0.7376ms)
✔ User Profile Authorization: Unknown fields outside allowlist are rejected (0.1585ms)
✔ User Profile Authorization: Anonymous access is DENIED with 401 (0.201ms)
ℹ tests 4
ℹ suites 0
ℹ pass 4
ℹ fail 0
ℹ cancelled 0
ℹ skipped 0
ℹ todo 0
ℹ duration_ms 5.0148
(node:5252) ExperimentalWarning: `--experimental-loader` may be removed in the future; instead use `register()`:
--import 'data:text/javascript,import { register } from "node:module"; import { pathToFileURL } from "node:url"; register("file%3A///D%3A/StudentHub-CodexRuns/FULL_REPAIR_20261001/candidate/frontend/tests/foundation/ts-extension-loader.mjs", pathToFileURL("./"));'
(Use `node --trace-warnings ...` to show where the warning was created)
✔ PHASE 4 LIVE GATE: 5 Synthetic Verification Scenarios (7.6193ms)
ℹ tests 1
ℹ suites 0
ℹ pass 1
ℹ fail 0
ℹ cancelled 0
ℹ skipped 0
ℹ todo 0
ℹ duration_ms 10.6154
(node:29132) ExperimentalWarning: `--experimental-loader` may be removed in the future; instead use `register()`:
--import 'data:text/javascript,import { register } from "node:module"; import { pathToFileURL } from "node:url"; register("file%3A///D%3A/StudentHub-CodexRuns/FULL_REPAIR_20261001/candidate/frontend/tests/foundation/ts-extension-loader.mjs", pathToFileURL("./"));'
(Use `node --trace-warnings ...` to show where the warning was created)
✔ PHASE 3 GATE 1: Provider contract returns canonical DTO (2.0724ms)
✔ PHASE 3 GATE 2: Timeout handling produces degraded response without crashing (53.4684ms)
✔ PHASE 3 GATE 3: Cancellation via AbortSignal throws ProviderCancelledError (0.5282ms)
✔ PHASE 3 GATE 4: Retry bounds: Retries exactly maxRetries before failing over (311.4125ms)
✔ PHASE 3 GATE 5: Circuit breaker trips after threshold and fast-fails (0.4762ms)
✔ PHASE 3 GATE 6: Redaction sanitizes tokens, API keys, and sensitive headers (0.109ms)
✔ PHASE 3 GATE 7: Native authority preserved on complete provider outage (0.4971ms)
ℹ tests 7
ℹ suites 0
ℹ pass 7
ℹ fail 0
ℹ cancelled 0
ℹ skipped 0
ℹ todo 0
ℹ duration_ms 372.1968
(node:26572) ExperimentalWarning: `--experimental-loader` may be removed in the future; instead use `register()`:
--import 'data:text/javascript,import { register } from "node:module"; import { pathToFileURL } from "node:url"; register("file%3A///D%3A/StudentHub-CodexRuns/FULL_REPAIR_20261001/candidate/frontend/tests/foundation/ts-extension-loader.mjs", pathToFileURL("./"));'
(Use `node --trace-warnings ...` to show where the warning was created)
✔ public API catalog exposes bounded sources, topics and model roles (1.1588ms)
✔ PublicApiClient enforces allowlist, cache, DOI paths, rate limit and body limit (5.8058ms)
✔ OpenAlex authentication failures stay explicit and never expose response details (0.322ms)
✔ OpenAlex cache separates anonymous and authenticated responses without keying on the secret (0.4734ms)
✔ OpenAlex API key uses a provider-scoped bearer header and is never placed in URLs (0.3878ms)
✔ OpenAlex adapter reads its server key from the environment without exposing it (0.5081ms)
✔ OpenAlex adapter accepts the existing OPEN_ALEX_KEY staging spelling (0.3436ms)
✔ OpenAlex and Crossref adapters normalize research metadata without authority promotion (1.6973ms)
✔ Open-Meteo and GDELT adapters return typed contextual/discovery records (1.5293ms)
✔ OfficialDiscoveryAdapter extracts only minimal link metadata and never stores raw HTML (1.5945ms)
✔ PublicSourceHub keeps partial provider state explicit and official seeds soft (1.4256ms)
✔ PublicSourceHub geocodes place weather when coordinates are absent (0.4585ms)
✔ PublicSourceHub supports explicit official-page fetch without changing the soft authority boundary (0.9921ms)
✔ Public API institution discovery emits bounded entity metadata only (0.853ms)
✔ Evidence discovery accepts official adapter candidates only as discovery-only ranked signals (12.741ms)
✔ Evidence discovery wires public API institution metadata into the safe pool (10.8896ms)
✔ discovery entity match changes ordering without changing authority (0.4578ms)
ℹ tests 17
ℹ suites 0
ℹ pass 17
ℹ fail 0
ℹ cancelled 0
ℹ skipped 0
ℹ todo 0
ℹ duration_ms 46.7573
(node:24924) ExperimentalWarning: `--experimental-loader` may be removed in the future; instead use `register()`:
--import 'data:text/javascript,import { register } from "node:module"; import { pathToFileURL } from "node:url"; register("file%3A///D%3A/StudentHub-CodexRuns/FULL_REPAIR_20261001/candidate/frontend/tests/foundation/ts-extension-loader.mjs", pathToFileURL("./"));'
(Use `node --trace-warnings ...` to show where the warning was created)
✔ realtime event log migration is private, append-only, and sequence indexed (0.7463ms)
✔ durable normalization binds private events and hashes canonical payloads (1.9642ms)
✔ durable append deduplicates identical idempotency and rejects content conflicts (1.0793ms)
✔ event ids are immutable and subject-bound public events stay private (1.1675ms)
✔ replay uses a cursor and never returns another subject's private events (0.5222ms)
✔ separate repository instances observe one committed log and resume by cursor (0.3899ms)
ℹ tests 6
ℹ suites 0
ℹ pass 6
ℹ fail 0
ℹ cancelled 0
ℹ skipped 0
ℹ todo 0
ℹ duration_ms 10.0477
(node:36628) ExperimentalWarning: `--experimental-loader` may be removed in the future; instead use `register()`:
--import 'data:text/javascript,import { register } from "node:module"; import { pathToFileURL } from "node:url"; register("file%3A///D%3A/StudentHub-CodexRuns/FULL_REPAIR_20261001/candidate/frontend/tests/foundation/ts-extension-loader.mjs", pathToFileURL("./"));'
(Use `node --trace-warnings ...` to show where the warning was created)
✔ realtime transport emits only committed calls and scopes replay by channel (3.7644ms)
ℹ tests 1
ℹ suites 0
ℹ pass 1
ℹ fail 0
ℹ cancelled 0
ℹ skipped 0
ℹ todo 0
ℹ duration_ms 7.0796
(node:10704) ExperimentalWarning: `--experimental-loader` may be removed in the future; instead use `register()`:
--import 'data:text/javascript,import { register } from "node:module"; import { pathToFileURL } from "node:url"; register("file%3A///D%3A/StudentHub-CodexRuns/FULL_REPAIR_20261001/candidate/frontend/tests/foundation/ts-extension-loader.mjs", pathToFileURL("./"));'
(Use `node --trace-warnings ...` to show where the warning was created)
﹣ PHASE 7 LIVE GATE: Platform Resilience, Controlled Failure, and Recovery Matrix (0.4089ms) # DISPOSABLE_DB_BLOCKED_BY_LOCAL_ENV
ℹ tests 1
ℹ suites 0
ℹ pass 0
ℹ fail 0
ℹ cancelled 0
ℹ skipped 1
ℹ todo 0
ℹ duration_ms 3.7271
(node:1192) ExperimentalWarning: `--experimental-loader` may be removed in the future; instead use `register()`:
--import 'data:text/javascript,import { register } from "node:module"; import { pathToFileURL } from "node:url"; register("file%3A///D%3A/StudentHub-CodexRuns/FULL_REPAIR_20261001/candidate/frontend/tests/foundation/ts-extension-loader.mjs", pathToFileURL("./"));'
(Use `node --trace-warnings ...` to show where the warning was created)
✔ assigned expert access is explicit and does not weaken owner isolation (1.8106ms)
ℹ tests 1
ℹ suites 0
ℹ pass 1
ℹ fail 0
ℹ cancelled 0
ℹ skipped 0
ℹ todo 0
ℹ duration_ms 4.9409
(node:14808) ExperimentalWarning: `--experimental-loader` may be removed in the future; instead use `register()`:
--import 'data:text/javascript,import { register } from "node:module"; import { pathToFileURL } from "node:url"; register("file%3A///D%3A/StudentHub-CodexRuns/FULL_REPAIR_20261001/candidate/frontend/tests/foundation/ts-extension-loader.mjs", pathToFileURL("./"));'
(Use `node --trace-warnings ...` to show where the warning was created)
▶ PHASE 2 — OIDC/JWKS verification
  ✔ accepts a correctly signed token and rejects forged, expired, issuer, audience and subject failures (12.2804ms)
  ✔ accepts both old and rotated signing keys present in the refreshed JWKS (2.7867ms)
✔ PHASE 2 — OIDC/JWKS verification (16.1004ms)
▶ PHASE 2 — durable opaque sessions
  ✔ survives service/repository reconstruction, rejects revocation, and never stores the raw secret (32.1241ms)
  ✔ does not let possession of session A revoke session B (31.595ms)
  ✔ sets an opaque HttpOnly SameSite cookie without returning it as metadata (10.1744ms)
  ✔ rejects an expired application session (10.4093ms)
  ✔ provides a safe cookie clear response independently of persistence availability (0.2088ms)
  ✔ rejects replay of the same verified upstream proof even without jti (12.1116ms)
✔ PHASE 2 — durable opaque sessions (97.1725ms)
▶ PHASE 2 — CSRF and persistence contracts
  ✔ allows same-origin and rejects cross-origin cookie mutations (11.9546ms)
  ✔ forum repository contract survives reconstruction (8.3483ms)
✔ PHASE 2 — CSRF and persistence contracts (20.4656ms)
ℹ tests 10
ℹ suites 3
ℹ pass 10
ℹ fail 0
ℹ cancelled 0
ℹ skipped 0
ℹ todo 0
ℹ duration_ms 137.1843
(node:16024) ExperimentalWarning: `--experimental-loader` may be removed in the future; instead use `register()`:
--import 'data:text/javascript,import { register } from "node:module"; import { pathToFileURL } from "node:url"; register("file%3A///D%3A/StudentHub-CodexRuns/FULL_REPAIR_20261001/candidate/frontend/tests/foundation/ts-extension-loader.mjs", pathToFileURL("./"));'
(Use `node --trace-warnings ...` to show where the warning was created)

============================================================
🛡️ RUNNING HISTORICAL SECURITY VALIDATION V1 (50 ATTACK VECTORS)
============================================================

📊 EXPANDED RED-TEAM RESULTS: 50/50 Attacks Neutralized (100.0%)
   SSRF                     : 12/12
   CONTENT_XSS              : 10/10
   FILE_UPLOAD              : 8/8
   PROMPT_INJECTION         : 10/10
   AUTHORIZATION_BOLA       : 10/10
📌 STATUS: SECURITY_VALIDATION_V1
✔ HISTORICAL SECURITY VALIDATION V1: 50 Adversarial Attack Vectors (12.5633ms)
ℹ tests 1
ℹ suites 0
ℹ pass 1
ℹ fail 0
ℹ cancelled 0
ℹ skipped 0
ℹ todo 0
ℹ duration_ms 16.2181
(node:12040) ExperimentalWarning: `--experimental-loader` may be removed in the future; instead use `register()`:
--import 'data:text/javascript,import { register } from "node:module"; import { pathToFileURL } from "node:url"; register("file%3A///D%3A/StudentHub-CodexRuns/FULL_REPAIR_20261001/candidate/frontend/tests/foundation/ts-extension-loader.mjs", pathToFileURL("./"));'
(Use `node --trace-warnings ...` to show where the warning was created)
✔ every durable Expert write route is authenticated and permission-gated (2.1849ms)
✔ durable Expert writes use the authenticated principal instead of a client actor (0.9546ms)
✔ the public Expert scope evaluator is explicitly non-persistent (0.3055ms)
ℹ tests 3
ℹ suites 0
ℹ pass 3
ℹ fail 0
ℹ cancelled 0
ℹ skipped 0
ℹ todo 0
ℹ duration_ms 7.9718
(node:34204) ExperimentalWarning: `--experimental-loader` may be removed in the future; instead use `register()`:
--import 'data:text/javascript,import { register } from "node:module"; import { pathToFileURL } from "node:url"; register("file%3A///D%3A/StudentHub-CodexRuns/FULL_REPAIR_20261001/candidate/frontend/tests/foundation/ts-extension-loader.mjs", pathToFileURL("./"));'
(Use `node --trace-warnings ...` to show where the warning was created)
▶ Final audit hardening boundaries
  ✔ rejects SSRF targets and unsafe URL forms before a network request (4.6951ms)
  ✔ returns a generic, correlated error contract without internal exception text (0.8687ms)
  ✔ fails closed on malformed credential cookies (13.8204ms)
  ✔ treats the server-owned cookie as authoritative over a conflicting bearer (0.6267ms)
  ✔ enforces owner isolation for persisted Trust evaluations (4.4173ms)
  ✔ labels observability telemetry as synthetic and non-authoritative (0.2537ms)
  ✔ keeps configured RSS connectors inside the outbound URL and body limits (5.2925ms)
✔ Final audit hardening boundaries (30.7944ms)
ℹ tests 7
ℹ suites 1
ℹ pass 7
ℹ fail 0
ℹ cancelled 0
ℹ skipped 0
ℹ todo 0
ℹ duration_ms 34.7616
(node:33016) ExperimentalWarning: `--experimental-loader` may be removed in the future; instead use `register()`:
--import 'data:text/javascript,import { register } from "node:module"; import { pathToFileURL } from "node:url"; register("file%3A///D%3A/StudentHub-CodexRuns/FULL_REPAIR_20261001/candidate/frontend/tests/foundation/ts-extension-loader.mjs", pathToFileURL("./"));'
(Use `node --trace-warnings ...` to show where the warning was created)

============================================================
🛡️ RUNNING SECURITY VALIDATION V2 (N=105 VECTORS)
============================================================

📊 1. OVERALL SECURITY PERFORMANCE (N=105):
  Total Attack Vectors : 105
  Neutralized Vectors  : 105
  Overall Block Rate   : 100.00% [Target >= 98.0%]
  Breach Count & CI    : 0/105 (0.00% [95% CI: 0.00% - 3.45%])

📑 2. CATEGORY BREAKDOWN:
-------------------------------------------------------------------------
Category                     | Total | Neutralized | Block Rate | Status
-------------------------------------------------------------------------
SSRF_URL_PARSING             |    25 |          25 | 100.0%     | PASS
PROMPT_INJECTION_PARAPHRASE  |    25 |          25 | 100.0%     | PASS
CONTENT_HTML_SVG             |    20 |          20 | 100.0%     | PASS
FILE_UPLOAD_INVARIANTS       |    20 |          20 | 100.0%     | PASS
AUTHORIZATION_BOLA           |    15 |          15 | 100.0%     | PASS
-------------------------------------------------------------------------

📌 GATES CHECK FOR SECURITY VALIDATION V2:
  - Overall Block Rate >= 98.0%: PASS (100.00%)
  - Critical Breaches == 0:      PASS (0.00% [95% CI: 0.00% - 3.45%])

STATUS: SECURITY_VALIDATION_V2_VERIFIED
============================================================

✔ SECURITY VALIDATION V2 — PRODUCTION BOUNDARIES (N=105 VECTORS) (28.1769ms)
ℹ tests 1
ℹ suites 0
ℹ pass 1
ℹ fail 0
ℹ cancelled 0
ℹ skipped 0
ℹ todo 0
ℹ duration_ms 31.0904
(node:4140) ExperimentalWarning: `--experimental-loader` may be removed in the future; instead use `register()`:
--import 'data:text/javascript,import { register } from "node:module"; import { pathToFileURL } from "node:url"; register("file%3A///D%3A/StudentHub-CodexRuns/FULL_REPAIR_20261001/candidate/frontend/tests/foundation/ts-extension-loader.mjs", pathToFileURL("./"));'
(Use `node --trace-warnings ...` to show where the warning was created)

============================================================
🛡️ RUNNING SECURITY RED TEAM ATTACK SUITE (N=7)
============================================================

📊 RED TEAM DEFENSE METRICS:
  Attacks Attempted        : 7
  Attacks Neutralized      : 7/7 (100.0%)
  Secrets Exfiltrated      : 0 (Target: 0)
  Instructions Executed    : 0 (Target: 0)
============================================================

📌 RED TEAM STATUS: SECURITY_RED_TEAM_VERIFIED
✔ SECURITY RED TEAM: Malicious Source & Prompt Injection Attacks (5.4007ms)
ℹ tests 1
ℹ suites 0
ℹ pass 1
ℹ fail 0
ℹ cancelled 0
ℹ skipped 0
ℹ todo 0
ℹ duration_ms 8.8634
(node:20372) ExperimentalWarning: `--experimental-loader` may be removed in the future; instead use `register()`:
--import 'data:text/javascript,import { register } from "node:module"; import { pathToFileURL } from "node:url"; register("file%3A///D%3A/StudentHub-CodexRuns/FULL_REPAIR_20261001/candidate/frontend/tests/foundation/ts-extension-loader.mjs", pathToFileURL("./"));'
(Use `node --trace-warnings ...` to show where the warning was created)
✔ cookie identity source controls CSRF for cookie-only and mixed-auth mutations (20.1984ms)
✔ an invalid cookie remains authoritative and cannot fall back to Bearer (0.6265ms)
ℹ tests 2
ℹ suites 0
ℹ pass 2
ℹ fail 0
ℹ cancelled 0
ℹ skipped 0
ℹ todo 0
ℹ duration_ms 24.0187
(node:20204) ExperimentalWarning: `--experimental-loader` may be removed in the future; instead use `register()`:
--import 'data:text/javascript,import { register } from "node:module"; import { pathToFileURL } from "node:url"; register("file%3A///D%3A/StudentHub-CodexRuns/FULL_REPAIR_20261001/candidate/frontend/tests/foundation/ts-extension-loader.mjs", pathToFileURL("./"));'
(Use `node --trace-warnings ...` to show where the warning was created)
▶ P0 Security Regression — BOLA & PII Protection
  ✔ SEC-01 Test 1: Anonymous request to /api/academic/me/profile-360 must return 401 (18.5823ms)
  ✔ SEC-01 Test 2: Authenticated Student A requesting Student B (24110002) transcript must return 403 Forbidden (3.9279ms)
  ✔ SEC-01 Test 3: Authenticated Student A requesting /api/academic/me/profile-360 returns Student A's own profile (6.0639ms)
  ✔ SEC-01 Test 4: Anonymous request to /api/student/identity must return 401 (6.9904ms)
  ✔ SEC-01 Test 5: Authenticated Student A requesting Student B identity must return 403 (2.458ms)
  ✔ SEC-02 Test 1: GET /api/intelligence/experts/[expertId] must NEVER expose privateContact, phone, or CCCD (2.4911ms)
  ✔ SEC-02 Test 2: GET /api/intelligence/experts list must NEVER expose privateContact in any listed expert (2.0813ms)
✔ P0 Security Regression — BOLA & PII Protection (43.6491ms)
ℹ tests 7
ℹ suites 1
ℹ pass 7
ℹ fail 0
ℹ cancelled 0
ℹ skipped 0
ℹ todo 0
ℹ duration_ms 49.0963
(node:11012) ExperimentalWarning: `--experimental-loader` may be removed in the future; instead use `register()`:
--import 'data:text/javascript,import { register } from "node:module"; import { pathToFileURL } from "node:url"; register("file%3A///D%3A/StudentHub-CodexRuns/FULL_REPAIR_20261001/candidate/frontend/tests/foundation/ts-extension-loader.mjs", pathToFileURL("./"));'
(Use `node --trace-warnings ...` to show where the warning was created)
﹣ PHASE 6 LIVE GATE: Auth session lifecycle, revocation, cross-user denial, and private boundaries (0.4522ms) # DISPOSABLE_DB_BLOCKED_BY_LOCAL_ENV
ℹ tests 1
ℹ suites 0
ℹ pass 0
ℹ fail 0
ℹ cancelled 0
ℹ skipped 1
ℹ todo 0
ℹ duration_ms 4.2395
(node:21420) ExperimentalWarning: `--experimental-loader` may be removed in the future; instead use `register()`:
--import 'data:text/javascript,import { register } from "node:module"; import { pathToFileURL } from "node:url"; register("file%3A///D%3A/StudentHub-CodexRuns/FULL_REPAIR_20261001/candidate/frontend/tests/foundation/ts-extension-loader.mjs", pathToFileURL("./"));'
(Use `node --trace-warnings ...` to show where the warning was created)
﹣ PostgresSessionRepository: Live durable session create, validate, update last_seen, and revoke in private.server_sessions (0.4015ms) # DISPOSABLE_DB_BLOCKED_BY_LOCAL_ENV
ℹ tests 1
ℹ suites 0
ℹ pass 0
ℹ fail 0
ℹ cancelled 0
ℹ skipped 1
ℹ todo 0
ℹ duration_ms 3.2892
(node:29344) ExperimentalWarning: `--experimental-loader` may be removed in the future; instead use `register()`:
--import 'data:text/javascript,import { register } from "node:module"; import { pathToFileURL } from "node:url"; register("file%3A///D%3A/StudentHub-CodexRuns/FULL_REPAIR_20261001/candidate/frontend/tests/foundation/ts-extension-loader.mjs", pathToFileURL("./"));'
(Use `node --trace-warnings ...` to show where the warning was created)
✔ safeExternalUrl only permits HTTP and HTTPS (1.0606ms)
✔ safeInternalPath permits local routes without protocol-relative redirects (0.0917ms)
ℹ tests 2
ℹ suites 0
ℹ pass 2
ℹ fail 0
ℹ cancelled 0
ℹ skipped 0
ℹ todo 0
ℹ duration_ms 4.2503
(node:37344) ExperimentalWarning: `--experimental-loader` may be removed in the future; instead use `register()`:
--import 'data:text/javascript,import { register } from "node:module"; import { pathToFileURL } from "node:url"; register("file%3A///D%3A/StudentHub-CodexRuns/FULL_REPAIR_20261001/candidate/frontend/tests/foundation/ts-extension-loader.mjs", pathToFileURL("./"));'
(Use `node --trace-warnings ...` to show where the warning was created)
✔ SECRET BOUNDARY: Production client bundle contains ZERO server secrets (59.9842ms)
ℹ tests 1
ℹ suites 0
ℹ pass 1
ℹ fail 0
ℹ cancelled 0
ℹ skipped 0
ℹ todo 0
ℹ duration_ms 63.0813
(node:17168) ExperimentalWarning: `--experimental-loader` may be removed in the future; instead use `register()`:
--import 'data:text/javascript,import { register } from "node:module"; import { pathToFileURL } from "node:url"; register("file%3A///D%3A/StudentHub-CodexRuns/FULL_REPAIR_20261001/candidate/frontend/tests/foundation/ts-extension-loader.mjs", pathToFileURL("./"));'
(Use `node --trace-warnings ...` to show where the warning was created)
▶ client secret leakage scanner
  ✔ detects server-only identifiers even when no secret value is configured (44.7582ms)
  ✔ detects configured secret values without printing the value (39.2815ms)
✔ client secret leakage scanner (84.6797ms)
ℹ tests 2
ℹ suites 1
ℹ pass 2
ℹ fail 0
ℹ cancelled 0
ℹ skipped 0
ℹ todo 0
ℹ duration_ms 88.1954
(node:22904) ExperimentalWarning: `--experimental-loader` may be removed in the future; instead use `register()`:
--import 'data:text/javascript,import { register } from "node:module"; import { pathToFileURL } from "node:url"; register("file%3A///D%3A/StudentHub-CodexRuns/FULL_REPAIR_20261001/candidate/frontend/tests/foundation/ts-extension-loader.mjs", pathToFileURL("./"));'
(Use `node --trace-warnings ...` to show where the warning was created)
▶ Secure identifier and correlation contracts
  ✔ generates unique bounded opaque IDs using the shared security utility (3.6832ms)
  ✔ preserves valid incoming correlation IDs and replaces hostile values (13.7891ms)
  ✔ contains no non-cryptographic random ID generator in authoritative ID paths (96.6435ms)
  ✔ does not treat scheduler jitter as an identifier source (0.3631ms)
✔ Secure identifier and correlation contracts (115.1965ms)
ℹ tests 4
ℹ suites 1
ℹ pass 4
ℹ fail 0
ℹ cancelled 0
ℹ skipped 0
ℹ todo 0
ℹ duration_ms 118.6043
(node:19408) ExperimentalWarning: `--experimental-loader` may be removed in the future; instead use `register()`:
--import 'data:text/javascript,import { register } from "node:module"; import { pathToFileURL } from "node:url"; register("file%3A///D%3A/StudentHub-CodexRuns/FULL_REPAIR_20261001/candidate/frontend/tests/foundation/ts-extension-loader.mjs", pathToFileURL("./"));'
(Use `node --trace-warnings ...` to show where the warning was created)
▶ Security Fabric — AI Agent Identity & Tool Firewall
  ✔ should create bounded delegated principal with scope intersection (1.4288ms)
  ✔ should execute allowlisted tool and apply data minimization to output (1.2181ms)
  ✔ should block AI agent from attempting cross-student data exfiltration (1.2254ms)
✔ Security Fabric — AI Agent Identity & Tool Firewall (4.5444ms)
ℹ tests 3
ℹ suites 1
ℹ pass 3
ℹ fail 0
ℹ cancelled 0
ℹ skipped 0
ℹ todo 0
ℹ duration_ms 8.5289
(node:26164) ExperimentalWarning: `--experimental-loader` may be removed in the future; instead use `register()`:
--import 'data:text/javascript,import { register } from "node:module"; import { pathToFileURL } from "node:url"; register("file%3A///D%3A/StudentHub-CodexRuns/FULL_REPAIR_20261001/candidate/frontend/tests/foundation/ts-extension-loader.mjs", pathToFileURL("./"));'
(Use `node --trace-warnings ...` to show where the warning was created)
▶ Security Fabric — 10 Mandatory Attack Vector Simulations
  ✔ Attack 1 — Student ID swap: Authenticated User A requests Resource B -> DENY (1.9435ms)
  ✔ Attack 2 — Role injection: Client sends role=ADMIN in body/unverified claim -> Server derives role from token (0.6813ms)
  ✔ Attack 3 — Permission injection: Student principal cannot execute admin operations even if permissions are claimed (0.2785ms)
  ✔ Attack 4 — Token audience confusion: Token minted for Service A presented to Service B -> DENY (0.5398ms)
  ✔ Attack 5 — Expired capability: Capability token past TTL -> DENY (0.4486ms)
  ✔ Attack 6 — Capability substitution: capability(Resource A) used against Resource B -> DENY (0.3555ms)
  ✔ Attack 7 — Purpose violation: Purpose=ACADEMIC_PLANNING attempting action=EXPORT_TRANSCRIPT -> DENY (0.2532ms)
  ✔ Attack 8 — AI escalation: AI Agent asks for ADMIN capability or unallowlisted tool -> DENY (0.6512ms)
  ✔ Attack 9 — Prompt injection: 'Ignore all security policies' payload inside tool input -> BLOCKED (1.2316ms)
  ✔ Attack 10 — Replay attack: Same 1-time capability used twice -> 1st ALLOW, 2nd DENY (0.3875ms)
✔ Security Fabric — 10 Mandatory Attack Vector Simulations (7.7611ms)
ℹ tests 10
ℹ suites 1
ℹ pass 10
ℹ fail 0
ℹ cancelled 0
ℹ skipped 0
ℹ todo 0
ℹ duration_ms 11.7264
(node:25080) ExperimentalWarning: `--experimental-loader` may be removed in the future; instead use `register()`:
--import 'data:text/javascript,import { register } from "node:module"; import { pathToFileURL } from "node:url"; register("file%3A///D%3A/StudentHub-CodexRuns/FULL_REPAIR_20261001/candidate/frontend/tests/foundation/ts-extension-loader.mjs", pathToFileURL("./"));'
(Use `node --trace-warnings ...` to show where the warning was created)
▶ Security Fabric — Master Gateway Integration
  ✔ should authorize valid authenticated request and inject security headers & correlation ID (19.016ms)
  ✔ should reject unauthenticated request when anonymous access is disabled (1.4825ms)
  ✔ should execute the compatibility handler embedded in policy config (1.7787ms)
  ✔ should fail fast when a route is configured without a handler (0.6552ms)
  ✔ should trigger rate limiting 429 when max request quota is exceeded (2.7189ms)
  ✔ should isolate rate-limit quotas between different route actions (2.2855ms)
  ✔ should reject an oversized declared request before executing the handler (1.1857ms)
  ✔ should return step-up challenge when high-assurance operation lacks AAL2 (1.3353ms)
✔ Security Fabric — Master Gateway Integration (31.2711ms)
ℹ tests 8
ℹ suites 1
ℹ pass 8
ℹ fail 0
ℹ cancelled 0
ℹ skipped 0
ℹ todo 0
ℹ duration_ms 35.0051
(node:31384) ExperimentalWarning: `--experimental-loader` may be removed in the future; instead use `register()`:
--import 'data:text/javascript,import { register } from "node:module"; import { pathToFileURL } from "node:url"; register("file%3A///D%3A/StudentHub-CodexRuns/FULL_REPAIR_20261001/candidate/frontend/tests/foundation/ts-extension-loader.mjs", pathToFileURL("./"));'
(Use `node --trace-warnings ...` to show where the warning was created)
▶ Security Fabric — Token & Session Validation
  ▶ TokenValidator
    ✔ should issue and validate a well-formed JWT token (1.1732ms)
    ✔ should reject token with algorithm 'none' (0.6574ms)
    ✔ should reject token with wrong issuer (0.2918ms)
    ✔ should reject signed tokens missing mandatory issuer or expiration claims (0.3024ms)
    ✔ should reject expired token (0.2536ms)
  ✔ TokenValidator (3.3169ms)
  ▶ SessionManager
    ✔ should create, validate, and track session activity (0.433ms)
    ✔ should revoke session and reject subsequent requests (0.2266ms)
    ✔ should support global logout across all user sessions (0.4035ms)
    ✔ should elevate assurance level on step-up challenge completion (0.1942ms)
  ✔ SessionManager (1.476ms)
✔ Security Fabric — Token & Session Validation (5.065ms)
ℹ tests 9
ℹ suites 3
ℹ pass 9
ℹ fail 0
ℹ cancelled 0
ℹ skipped 0
ℹ todo 0
ℹ duration_ms 9.9808
(node:33132) ExperimentalWarning: `--experimental-loader` may be removed in the future; instead use `register()`:
--import 'data:text/javascript,import { register } from "node:module"; import { pathToFileURL } from "node:url"; register("file%3A///D%3A/StudentHub-CodexRuns/FULL_REPAIR_20261001/candidate/frontend/tests/foundation/ts-extension-loader.mjs", pathToFileURL("./"));'
(Use `node --trace-warnings ...` to show where the warning was created)
✔ database readiness exposes only bounded failure categories (0.5472ms)
✔ backend identity detects split Auth/SQL targets without exposing credentials (0.3027ms)
ℹ tests 2
ℹ suites 0
ℹ pass 2
ℹ fail 0
ℹ cancelled 0
ℹ skipped 0
ℹ todo 0
ℹ duration_ms 4.1869
(node:10176) ExperimentalWarning: `--experimental-loader` may be removed in the future; instead use `register()`:
--import 'data:text/javascript,import { register } from "node:module"; import { pathToFileURL } from "node:url"; register("file%3A///D%3A/StudentHub-CodexRuns/FULL_REPAIR_20261001/candidate/frontend/tests/foundation/ts-extension-loader.mjs", pathToFileURL("./"));'
(Use `node --trace-warnings ...` to show where the warning was created)
Supabase credentials missing, skipping live storage test
✔ STORAGE G5 E2E: Private Storage upload, signed URL, cross-user denial, and deletion (0.6147ms)
ℹ tests 1
ℹ suites 0
ℹ pass 1
ℹ fail 0
ℹ cancelled 0
ℹ skipped 0
ℹ todo 0
ℹ duration_ms 3.9354
(node:28580) ExperimentalWarning: `--experimental-loader` may be removed in the future; instead use `register()`:
--import 'data:text/javascript,import { register } from "node:module"; import { pathToFileURL } from "node:url"; register("file%3A///D%3A/StudentHub-CodexRuns/FULL_REPAIR_20261001/candidate/frontend/tests/foundation/ts-extension-loader.mjs", pathToFileURL("./"));'
(Use `node --trace-warnings ...` to show where the warning was created)
▶ Threat Intelligence Protocol 1: URLhaus Client & URL Normalization
  ✔ should normalize and canonicalize raw URL inputs (0.5737ms)
  ✔ should handle offline/timeout gracefully without throwing (258.4821ms)
✔ Threat Intelligence Protocol 1: URLhaus Client & URL Normalization (259.8007ms)
▶ Threat Intelligence Protocol 2: APWG & FTC Taxonomies
  ✔ should detect Quishing (QR Phishing) and Combosquatting vectors (0.2891ms)
  ✔ should match FTC Consumer Sentinel Impersonation and Advance Fee vectors (0.1632ms)
✔ Threat Intelligence Protocol 2: APWG & FTC Taxonomies (0.5955ms)
▶ Threat Intelligence Protocol 3: Fraud Knowledge Graph & Master Fusion
  ✔ should detect cross-modal contradictions in Entity Graph (0.3482ms)
  ✔ should execute full multi-source threat intelligence investigation (691.3929ms)
✔ Threat Intelligence Protocol 3: Fraud Knowledge Graph & Master Fusion (691.9301ms)
ℹ tests 6
ℹ suites 3
ℹ pass 6
ℹ fail 0
ℹ cancelled 0
ℹ skipped 0
ℹ todo 0
ℹ duration_ms 955.4478
(node:34612) ExperimentalWarning: `--experimental-loader` may be removed in the future; instead use `register()`:
--import 'data:text/javascript,import { register } from "node:module"; import { pathToFileURL } from "node:url"; register("file%3A///D%3A/StudentHub-CodexRuns/FULL_REPAIR_20261001/candidate/frontend/tests/foundation/ts-extension-loader.mjs", pathToFileURL("./"));'
(Use `node --trace-warnings ...` to show where the warning was created)
▶ AiTrustAbstention
  ✔ should trigger abstention when high-stake query has no authoritative evidence (4.8266ms)
  ✔ should trigger abstention when active official sources conflict on critical policy (1.4159ms)
✔ AiTrustAbstention (6.8229ms)
ℹ tests 2
ℹ suites 1
ℹ pass 2
ℹ fail 0
ℹ cancelled 0
ℹ skipped 0
ℹ todo 0
ℹ duration_ms 10.2325
(node:20704) ExperimentalWarning: `--experimental-loader` may be removed in the future; instead use `register()`:
--import 'data:text/javascript,import { register } from "node:module"; import { pathToFileURL } from "node:url"; register("file%3A///D%3A/StudentHub-CodexRuns/FULL_REPAIR_20261001/candidate/frontend/tests/foundation/ts-extension-loader.mjs", pathToFileURL("./"));'
(Use `node --trace-warnings ...` to show where the warning was created)
▶ AiTrustAdversarialInjection
  ✔ should detect direct prompt injection patterns in query text (1.2147ms)
  ✔ should detect Vietnamese override injection attempts (0.6072ms)
  ✔ should isolate document content and filter out injected instruction spans (0.2182ms)
✔ AiTrustAdversarialInjection (2.6572ms)
ℹ tests 3
ℹ suites 1
ℹ pass 3
ℹ fail 0
ℹ cancelled 0
ℹ skipped 0
ℹ todo 0
ℹ duration_ms 6.2932
(node:32460) ExperimentalWarning: `--experimental-loader` may be removed in the future; instead use `register()`:
--import 'data:text/javascript,import { register } from "node:module"; import { pathToFileURL } from "node:url"; register("file%3A///D%3A/StudentHub-CodexRuns/FULL_REPAIR_20261001/candidate/frontend/tests/foundation/ts-extension-loader.mjs", pathToFileURL("./"));'
(Use `node --trace-warnings ...` to show where the warning was created)
▶ AiTrustBlastRadius
  ✔ should calculate affected evaluation blast radius when an upstream source document is invalidated (3.4406ms)
✔ AiTrustBlastRadius (4.5554ms)
ℹ tests 1
ℹ suites 1
ℹ pass 1
ℹ fail 0
ℹ cancelled 0
ℹ skipped 0
ℹ todo 0
ℹ duration_ms 7.883
(node:9952) ExperimentalWarning: `--experimental-loader` may be removed in the future; instead use `register()`:
--import 'data:text/javascript,import { register } from "node:module"; import { pathToFileURL } from "node:url"; register("file%3A///D%3A/StudentHub-CodexRuns/FULL_REPAIR_20261001/candidate/frontend/tests/foundation/ts-extension-loader.mjs", pathToFileURL("./"));'
(Use `node --trace-warnings ...` to show where the warning was created)
▶ AiTrustBlindSpots
  ✔ should discover missing cohort scope and emit structured Knowledge Gap Report (1.9254ms)
✔ AiTrustBlindSpots (2.4731ms)
ℹ tests 1
ℹ suites 1
ℹ pass 1
ℹ fail 0
ℹ cancelled 0
ℹ skipped 0
ℹ todo 0
ℹ duration_ms 6.3065
(node:5816) ExperimentalWarning: `--experimental-loader` may be removed in the future; instead use `register()`:
--import 'data:text/javascript,import { register } from "node:module"; import { pathToFileURL } from "node:url"; register("file%3A///D%3A/StudentHub-CodexRuns/FULL_REPAIR_20261001/candidate/frontend/tests/foundation/ts-extension-loader.mjs", pathToFileURL("./"));'
(Use `node --trace-warnings ...` to show where the warning was created)
▶ AiTrustCitationEntailment
  ✔ should verify valid entailment when passage matches exact cohort and score (3.116ms)
  ✔ should return PARTIAL_ENTAILMENT when passage mentions score but lacks cohort scope (0.3231ms)
  ✔ should detect CITATION_MISMATCH when numeric scores differ (0.1783ms)
✔ AiTrustCitationEntailment (4.3634ms)
ℹ tests 3
ℹ suites 1
ℹ pass 3
ℹ fail 0
ℹ cancelled 0
ℹ skipped 0
ℹ todo 0
ℹ duration_ms 7.7031
(node:21780) ExperimentalWarning: `--experimental-loader` may be removed in the future; instead use `register()`:
--import 'data:text/javascript,import { register } from "node:module"; import { pathToFileURL } from "node:url"; register("file%3A///D%3A/StudentHub-CodexRuns/FULL_REPAIR_20261001/candidate/frontend/tests/foundation/ts-extension-loader.mjs", pathToFileURL("./"));'
(Use `node --trace-warnings ...` to show where the warning was created)
▶ AiTrustClaimDecomposition
  ✔ should split compound sentences with conjunctions into independent atomic claims (1.4535ms)
  ✔ should correctly extract credit thresholds and cohort scoping (0.1458ms)
✔ AiTrustClaimDecomposition (2.1986ms)
ℹ tests 2
ℹ suites 1
ℹ pass 2
ℹ fail 0
ℹ cancelled 0
ℹ skipped 0
ℹ todo 0
ℹ duration_ms 5.7769
(node:2276) ExperimentalWarning: `--experimental-loader` may be removed in the future; instead use `register()`:
--import 'data:text/javascript,import { register } from "node:module"; import { pathToFileURL } from "node:url"; register("file%3A///D%3A/StudentHub-CodexRuns/FULL_REPAIR_20261001/candidate/frontend/tests/foundation/ts-extension-loader.mjs", pathToFileURL("./"));'
(Use `node --trace-warnings ...` to show where the warning was created)
▶ AiTrustClaimGraph
  ✔ should build claim graph DAG and prevent circular dependencies (1.0137ms)
✔ AiTrustClaimGraph (1.514ms)
ℹ tests 1
ℹ suites 1
ℹ pass 1
ℹ fail 0
ℹ cancelled 0
ℹ skipped 0
ℹ todo 0
ℹ duration_ms 5.0901
(node:35240) ExperimentalWarning: `--experimental-loader` may be removed in the future; instead use `register()`:
--import 'data:text/javascript,import { register } from "node:module"; import { pathToFileURL } from "node:url"; register("file%3A///D%3A/StudentHub-CodexRuns/FULL_REPAIR_20261001/candidate/frontend/tests/foundation/ts-extension-loader.mjs", pathToFileURL("./"));'
(Use `node --trace-warnings ...` to show where the warning was created)
▶ AiTrustCounterEvidence
  ✔ should actively discover counter-evidence and weaken or conflict preliminary conclusions (2.4506ms)
✔ AiTrustCounterEvidence (3.4651ms)
ℹ tests 1
ℹ suites 1
ℹ pass 1
ℹ fail 0
ℹ cancelled 0
ℹ skipped 0
ℹ todo 0
ℹ duration_ms 7.087
(node:3068) ExperimentalWarning: `--experimental-loader` may be removed in the future; instead use `register()`:
--import 'data:text/javascript,import { register } from "node:module"; import { pathToFileURL } from "node:url"; register("file%3A///D%3A/StudentHub-CodexRuns/FULL_REPAIR_20261001/candidate/frontend/tests/foundation/ts-extension-loader.mjs", pathToFileURL("./"));'
(Use `node --trace-warnings ...` to show where the warning was created)
▶ AiTrustEngineE2E
  ✔ should run full end-to-end evaluation pipeline with claim-level grounding and store persistence (6.7519ms)
✔ AiTrustEngineE2E (7.2954ms)
ℹ tests 1
ℹ suites 1
ℹ pass 1
ℹ fail 0
ℹ cancelled 0
ℹ skipped 0
ℹ todo 0
ℹ duration_ms 10.5137
(node:21988) ExperimentalWarning: `--experimental-loader` may be removed in the future; instead use `register()`:
--import 'data:text/javascript,import { register } from "node:module"; import { pathToFileURL } from "node:url"; register("file%3A///D%3A/StudentHub-CodexRuns/FULL_REPAIR_20261001/candidate/frontend/tests/foundation/ts-extension-loader.mjs", pathToFileURL("./"));'
(Use `node --trace-warnings ...` to show where the warning was created)
▶ AiTrustEpistemicStates
  ✔ should support all 13 distinct epistemic states without collapsing into binary true/false (0.6791ms)
✔ AiTrustEpistemicStates (1.1856ms)
ℹ tests 1
ℹ suites 1
ℹ pass 1
ℹ fail 0
ℹ cancelled 0
ℹ skipped 0
ℹ todo 0
ℹ duration_ms 4.903
(node:30488) ExperimentalWarning: `--experimental-loader` may be removed in the future; instead use `register()`:
--import 'data:text/javascript,import { register } from "node:module"; import { pathToFileURL } from "node:url"; register("file%3A///D%3A/StudentHub-CodexRuns/FULL_REPAIR_20261001/candidate/frontend/tests/foundation/ts-extension-loader.mjs", pathToFileURL("./"));'
(Use `node --trace-warnings ...` to show where the warning was created)
▶ AiTrustHumanReviewPacket
  ✔ should generate comprehensive human review package when critical official conflict occurs (4.9493ms)
✔ AiTrustHumanReviewPacket (5.4686ms)
ℹ tests 1
ℹ suites 1
ℹ pass 1
ℹ fail 0
ℹ cancelled 0
ℹ skipped 0
ℹ todo 0
ℹ duration_ms 8.4265
(node:20784) ExperimentalWarning: `--experimental-loader` may be removed in the future; instead use `register()`:
--import 'data:text/javascript,import { register } from "node:module"; import { pathToFileURL } from "node:url"; register("file%3A///D%3A/StudentHub-CodexRuns/FULL_REPAIR_20261001/candidate/frontend/tests/foundation/ts-extension-loader.mjs", pathToFileURL("./"));'
(Use `node --trace-warnings ...` to show where the warning was created)
▶ AiTrustMutationGuard
  ✔ Mutant 1: AI output without citations must NEVER become AUTHORITATIVE or VERIFIED (4.7411ms)
  ✔ Mutant 2: High confidence / certainty words in AI answer must NEVER create authority without proof (0.3748ms)
  ✔ Mutant 3: Retracted supporting source must NEVER allow claim to remain AUTHORITATIVE (0.8909ms)
  ✔ Mutant 4: Prompt injection instructions must NEVER override trust policy (0.6136ms)
✔ AiTrustMutationGuard (7.28ms)
ℹ tests 4
ℹ suites 1
ℹ pass 4
ℹ fail 0
ℹ cancelled 0
ℹ skipped 0
ℹ todo 0
ℹ duration_ms 10.3928
(node:5876) ExperimentalWarning: `--experimental-loader` may be removed in the future; instead use `register()`:
--import 'data:text/javascript,import { register } from "node:module"; import { pathToFileURL } from "node:url"; register("file%3A///D%3A/StudentHub-CodexRuns/FULL_REPAIR_20261001/candidate/frontend/tests/foundation/ts-extension-loader.mjs", pathToFileURL("./"));'
(Use `node --trace-warnings ...` to show where the warning was created)
▶ AiTrustSelfCritiqueEngine
  ✔ should run 5-pass self-critique: generate -> verify -> check counter-evidence -> prune overclaim -> synthesize structured answer (5.6928ms)
✔ AiTrustSelfCritiqueEngine (6.1907ms)
ℹ tests 1
ℹ suites 1
ℹ pass 1
ℹ fail 0
ℹ cancelled 0
ℹ skipped 0
ℹ todo 0
ℹ duration_ms 9.5665
(node:34040) ExperimentalWarning: `--experimental-loader` may be removed in the future; instead use `register()`:
--import 'data:text/javascript,import { register } from "node:module"; import { pathToFileURL } from "node:url"; register("file%3A///D%3A/StudentHub-CodexRuns/FULL_REPAIR_20261001/candidate/frontend/tests/foundation/ts-extension-loader.mjs", pathToFileURL("./"));'
(Use `node --trace-warnings ...` to show where the warning was created)
▶ AiTrustSemanticOverclaim
  ✔ should detect ungrounded channel and deadline extensions added by generative AI (2.7223ms)
  ✔ should approve draft when strictly grounded within source passage semantics (0.2232ms)
✔ AiTrustSemanticOverclaim (3.8478ms)
ℹ tests 2
ℹ suites 1
ℹ pass 2
ℹ fail 0
ℹ cancelled 0
ℹ skipped 0
ℹ todo 0
ℹ duration_ms 8.4594
(node:17424) ExperimentalWarning: `--experimental-loader` may be removed in the future; instead use `register()`:
--import 'data:text/javascript,import { register } from "node:module"; import { pathToFileURL } from "node:url"; register("file%3A///D%3A/StudentHub-CodexRuns/FULL_REPAIR_20261001/candidate/frontend/tests/foundation/ts-extension-loader.mjs", pathToFileURL("./"));'
(Use `node --trace-warnings ...` to show where the warning was created)
▶ AiTrustSourceIndependence
  ✔ should cluster syndicated sources sharing identical text hash into a single provenance cluster (1.678ms)
  ✔ should detect circular source laundering when forum and web search share identical text (0.1801ms)
✔ AiTrustSourceIndependence (2.4239ms)
ℹ tests 2
ℹ suites 1
ℹ pass 2
ℹ fail 0
ℹ cancelled 0
ℹ skipped 0
ℹ todo 0
ℹ duration_ms 6.0032
(node:24212) ExperimentalWarning: `--experimental-loader` may be removed in the future; instead use `register()`:
--import 'data:text/javascript,import { register } from "node:module"; import { pathToFileURL } from "node:url"; register("file%3A///D%3A/StudentHub-CodexRuns/FULL_REPAIR_20261001/candidate/frontend/tests/foundation/ts-extension-loader.mjs", pathToFileURL("./"));'
(Use `node --trace-warnings ...` to show where the warning was created)
▶ AiTrustTemporalContradiction
  ✔ should mark claims OUTDATED when grounded in superseded policy documents (0.8097ms)
  ✔ should detect true contradiction when two active official claims disagree on numeric values for same scope (0.1597ms)
  ✔ should mark claims RETRACTED when supporting source is retracted (0.5739ms)
✔ AiTrustTemporalContradiction (2.1692ms)
ℹ tests 3
ℹ suites 1
ℹ pass 3
ℹ fail 0
ℹ cancelled 0
ℹ skipped 0
ℹ todo 0
ℹ duration_ms 5.5088
(node:4640) ExperimentalWarning: `--experimental-loader` may be removed in the future; instead use `register()`:
--import 'data:text/javascript,import { register } from "node:module"; import { pathToFileURL } from "node:url"; register("file%3A///D%3A/StudentHub-CodexRuns/FULL_REPAIR_20261001/candidate/frontend/tests/foundation/ts-extension-loader.mjs", pathToFileURL("./"));'
(Use `node --trace-warnings ...` to show where the warning was created)
▶ AiTrustToolFirewall
  ✔ should prevent tool payloads from escalating authority to Tier 1 without official server authority (0.7041ms)
  ✔ should fail-closed when prompt injection is detected inside tool payload (0.0859ms)
✔ AiTrustToolFirewall (1.3466ms)
ℹ tests 2
ℹ suites 1
ℹ pass 2
ℹ fail 0
ℹ cancelled 0
ℹ skipped 0
ℹ todo 0
ℹ duration_ms 4.998
(node:33784) ExperimentalWarning: `--experimental-loader` may be removed in the future; instead use `register()`:
--import 'data:text/javascript,import { register } from "node:module"; import { pathToFileURL } from "node:url"; register("file%3A///D%3A/StudentHub-CodexRuns/FULL_REPAIR_20261001/candidate/frontend/tests/foundation/ts-extension-loader.mjs", pathToFileURL("./"));'
(Use `node --trace-warnings ...` to show where the warning was created)
▶ AiTrustRecoveryAndCorrection
  ✔ should record immutable correction event when an answer is revised without rewriting history (3.7279ms)
✔ AiTrustRecoveryAndCorrection (4.266ms)
ℹ tests 1
ℹ suites 1
ℹ pass 1
ℹ fail 0
ℹ cancelled 0
ℹ skipped 0
ℹ todo 0
ℹ duration_ms 7.6264
(node:35824) ExperimentalWarning: `--experimental-loader` may be removed in the future; instead use `register()`:
--import 'data:text/javascript,import { register } from "node:module"; import { pathToFileURL } from "node:url"; register("file%3A///D%3A/StudentHub-CodexRuns/FULL_REPAIR_20261001/candidate/frontend/tests/foundation/ts-extension-loader.mjs", pathToFileURL("./"));'
(Use `node --trace-warnings ...` to show where the warning was created)
▶ AiTrustV2E2E
  ✔ Scenario A: Golden User Experience — TOEIC K24 regulation lookup fully verified against official document (6.9064ms)
✔ AiTrustV2E2E (7.4355ms)
ℹ tests 1
ℹ suites 1
ℹ pass 1
ℹ fail 0
ℹ cancelled 0
ℹ skipped 0
ℹ todo 0
ℹ duration_ms 10.8356
(node:8460) ExperimentalWarning: `--experimental-loader` may be removed in the future; instead use `register()`:
--import 'data:text/javascript,import { register } from "node:module"; import { pathToFileURL } from "node:url"; register("file%3A///D%3A/StudentHub-CodexRuns/FULL_REPAIR_20261001/candidate/frontend/tests/foundation/ts-extension-loader.mjs", pathToFileURL("./"));'
(Use `node --trace-warnings ...` to show where the warning was created)
▶ AiTrustV2MetamorphicTests
  ✔ Metamorphic 1: JSON Serialization roundtrip preserves all epistemic fields and metrics (5.3466ms)
✔ AiTrustV2MetamorphicTests (5.8708ms)
ℹ tests 1
ℹ suites 1
ℹ pass 1
ℹ fail 0
ℹ cancelled 0
ℹ skipped 0
ℹ todo 0
ℹ duration_ms 8.9454
(node:36212) ExperimentalWarning: `--experimental-loader` may be removed in the future; instead use `register()`:
--import 'data:text/javascript,import { register } from "node:module"; import { pathToFileURL } from "node:url"; register("file%3A///D%3A/StudentHub-CodexRuns/FULL_REPAIR_20261001/candidate/frontend/tests/foundation/ts-extension-loader.mjs", pathToFileURL("./"));'
(Use `node --trace-warnings ...` to show where the warning was created)
▶ AiTrustV2MutationGuard
  ✔ Mutant 1: AI hallucinated authority must NEVER become VERIFIED without official evidence (5.2337ms)
  ✔ Mutant 2: Citation mismatch must NEVER be marked as fully verified (1.1103ms)
  ✔ Mutant 3: Counter-evidence from active official source must prevent confident answer (1.0165ms)
✔ AiTrustV2MutationGuard (7.9638ms)
ℹ tests 3
ℹ suites 1
ℹ pass 3
ℹ fail 0
ℹ cancelled 0
ℹ skipped 0
ℹ todo 0
ℹ duration_ms 11.4072
(node:37176) ExperimentalWarning: `--experimental-loader` may be removed in the future; instead use `register()`:
--import 'data:text/javascript,import { register } from "node:module"; import { pathToFileURL } from "node:url"; register("file%3A///D%3A/StudentHub-CodexRuns/FULL_REPAIR_20261001/candidate/frontend/tests/foundation/ts-extension-loader.mjs", pathToFileURL("./"));'
(Use `node --trace-warnings ...` to show where the warning was created)
▶ AiTrustV2PropertyTests
  ✔ Property 1: Idempotency — evaluating same input twice yields identical decision (5.7881ms)
  ✔ Property 2: Source Order Invariance — reordering sources does not alter authority hierarchy (1.442ms)
✔ AiTrustV2PropertyTests (7.8971ms)
ℹ tests 2
ℹ suites 1
ℹ pass 2
ℹ fail 0
ℹ cancelled 0
ℹ skipped 0
ℹ todo 0
ℹ duration_ms 11.3291
(node:36948) ExperimentalWarning: `--experimental-loader` may be removed in the future; instead use `register()`:
--import 'data:text/javascript,import { register } from "node:module"; import { pathToFileURL } from "node:url"; register("file%3A///D%3A/StudentHub-CodexRuns/FULL_REPAIR_20261001/candidate/frontend/tests/foundation/ts-extension-loader.mjs", pathToFileURL("./"));'
(Use `node --trace-warnings ...` to show where the warning was created)
▶ AiTrustV2RedTeamAdversarialSuite
  ✔ Attack 1-3: Prompt injection in query/payload must trigger ABSTENTION fail-closed (2.6314ms)
  ✔ Attack 4-6: Fabricated citations, missing evidence, and unverified authority must be caught (2.3164ms)
✔ AiTrustV2RedTeamAdversarialSuite (5.5142ms)
ℹ tests 2
ℹ suites 1
ℹ pass 2
ℹ fail 0
ℹ cancelled 0
ℹ skipped 0
ℹ todo 0
ℹ duration_ms 8.5982
(node:11748) ExperimentalWarning: `--experimental-loader` may be removed in the future; instead use `register()`:
--import 'data:text/javascript,import { register } from "node:module"; import { pathToFileURL } from "node:url"; register("file%3A///D%3A/StudentHub-CodexRuns/FULL_REPAIR_20261001/candidate/frontend/tests/foundation/ts-extension-loader.mjs", pathToFileURL("./"));'
(Use `node --trace-warnings ...` to show where the warning was created)
✔ retrieval overlap and discovery metadata do not become claim support (1.2031ms)
✔ a shared claim-specific fact phrase can support a claim without inventing confidence (0.2655ms)
✔ ordinary topical overlap remains unresolved without a claim-level comparison (0.1997ms)
✔ direct requirement clashes can still be classified as contradiction (0.1615ms)
✔ an official source without a direct claim relation is insufficient evidence (0.2544ms)
✔ sufficiency coverage is computed from claim-level official relations (0.0938ms)
ℹ tests 6
ℹ suites 0
ℹ pass 6
ℹ fail 0
ℹ cancelled 0
ℹ skipped 0
ℹ todo 0
ℹ duration_ms 6.7981
(node:4036) ExperimentalWarning: `--experimental-loader` may be removed in the future; instead use `register()`:
--import 'data:text/javascript,import { register } from "node:module"; import { pathToFileURL } from "node:url"; register("file%3A///D%3A/StudentHub-CodexRuns/FULL_REPAIR_20261001/candidate/frontend/tests/foundation/ts-extension-loader.mjs", pathToFileURL("./"));'
(Use `node --trace-warnings ...` to show where the warning was created)
✔ static evidence discovery matches the specific claim topic and resolved institution (18.0008ms)
✔ static evidence discovery reports insufficient evidence when the corpus has no relevant source (9.9977ms)
ℹ tests 2
ℹ suites 0
ℹ pass 2
ℹ fail 0
ℹ cancelled 0
ℹ skipped 0
ℹ todo 0
ℹ duration_ms 31.3285
(node:13744) ExperimentalWarning: `--experimental-loader` may be removed in the future; instead use `register()`:
--import 'data:text/javascript,import { register } from "node:module"; import { pathToFileURL } from "node:url"; register("file%3A///D%3A/StudentHub-CodexRuns/FULL_REPAIR_20261001/candidate/frontend/tests/foundation/ts-extension-loader.mjs", pathToFileURL("./"));'
(Use `node --trace-warnings ...` to show where the warning was created)
✔ Tavily fallback reports plan quota exhaustion instead of wrapper success (1.1579ms)
✔ Tavily wrapper success with zero usable sources is not a successful fallback (0.2142ms)
ℹ tests 2
ℹ suites 0
ℹ pass 2
ℹ fail 0
ℹ cancelled 0
ℹ skipped 0
ℹ todo 0
ℹ duration_ms 4.7476
(node:6376) ExperimentalWarning: `--experimental-loader` may be removed in the future; instead use `register()`:
--import 'data:text/javascript,import { register } from "node:module"; import { pathToFileURL } from "node:url"; register("file%3A///D%3A/StudentHub-CodexRuns/FULL_REPAIR_20261001/candidate/frontend/tests/foundation/ts-extension-loader.mjs", pathToFileURL("./"));'
(Use `node --trace-warnings ...` to show where the warning was created)
✔ C2PA Forensics — Physical JUMBF presence without cryptographic chain MUST be PRESENT_UNVERIFIED, never VALID (1.0898ms)
✔ C2PA Forensics — Absence of C2PA manifest returns ABSENT and NEVER implies fake (0.1332ms)
ℹ tests 2
ℹ suites 0
ℹ pass 2
ℹ fail 0
ℹ cancelled 0
ℹ skipped 0
ℹ todo 0
ℹ duration_ms 4.9102
(node:33844) ExperimentalWarning: `--experimental-loader` may be removed in the future; instead use `register()`:
--import 'data:text/javascript,import { register } from "node:module"; import { pathToFileURL } from "node:url"; register("file%3A///D%3A/StudentHub-CodexRuns/FULL_REPAIR_20261001/candidate/frontend/tests/foundation/ts-extension-loader.mjs", pathToFileURL("./"));'
(Use `node --trace-warnings ...` to show where the warning was created)
✔ Client Anti-Tamper — Continuation endpoint rejects client-supplied layer2 or layer3 payloads (13.0277ms)
✔ Client Anti-Tamper — Continuation endpoint rejects unauthenticated requests (0.2807ms)
✔ Client Anti-Tamper — Missing caseId or runId is rejected (0.2331ms)
ℹ tests 3
ℹ suites 0
ℹ pass 3
ℹ fail 0
ℹ cancelled 0
ℹ skipped 0
ℹ todo 0
ℹ duration_ms 17.2607
(node:36720) ExperimentalWarning: `--experimental-loader` may be removed in the future; instead use `register()`:
--import 'data:text/javascript,import { register } from "node:module"; import { pathToFileURL } from "node:url"; register("file%3A///D%3A/StudentHub-CodexRuns/FULL_REPAIR_20261001/candidate/frontend/tests/foundation/ts-extension-loader.mjs", pathToFileURL("./"));'
(Use `node --trace-warnings ...` to show where the warning was created)
✔ Image Forensics Contract — validates canonical mediaForensics schema (1.1008ms)
ℹ tests 1
ℹ suites 0
ℹ pass 1
ℹ fail 0
ℹ cancelled 0
ℹ skipped 0
ℹ todo 0
ℹ duration_ms 4.6829
(node:33168) ExperimentalWarning: `--experimental-loader` may be removed in the future; instead use `register()`:
--import 'data:text/javascript,import { register } from "node:module"; import { pathToFileURL } from "node:url"; register("file%3A///D%3A/StudentHub-CodexRuns/FULL_REPAIR_20261001/candidate/frontend/tests/foundation/ts-extension-loader.mjs", pathToFileURL("./"));'
(Use `node --trace-warnings ...` to show where the warning was created)
✔ Deepfake Detector — High score (>= 0.8) maps to LIKELY_DEEPFAKE (18.2005ms)
✔ Deepfake Detector — Moderate score (0.5 <= score < 0.8) maps to POSSIBLY_DEEPFAKE (0.3835ms)
✔ Deepfake Detector — No face detected returns NOT_APPLICABLE with null score (0.3359ms)
ℹ tests 3
ℹ suites 0
ℹ pass 3
ℹ fail 0
ℹ cancelled 0
ℹ skipped 0
ℹ todo 0
ℹ duration_ms 23.1826
(node:29668) ExperimentalWarning: `--experimental-loader` may be removed in the future; instead use `register()`:
--import 'data:text/javascript,import { register } from "node:module"; import { pathToFileURL } from "node:url"; register("file%3A///D%3A/StudentHub-CodexRuns/FULL_REPAIR_20261001/candidate/frontend/tests/foundation/ts-extension-loader.mjs", pathToFileURL("./"));'
(Use `node --trace-warnings ...` to show where the warning was created)
✔ GenAI Detector — High score (>= 0.8) maps to LIKELY_AI_GENERATED (15.0114ms)
✔ GenAI Detector — Moderate score (0.5 <= score < 0.8) maps to POSSIBLY_AI_GENERATED (0.2766ms)
✔ GenAI Detector — Low score (< 0.5) maps to NO_STRONG_AI_SIGNAL, never LIKELY_REAL (0.5281ms)
ℹ tests 3
ℹ suites 0
ℹ pass 3
ℹ fail 0
ℹ cancelled 0
ℹ skipped 0
ℹ todo 0
ℹ duration_ms 19.8191
(node:10800) ExperimentalWarning: `--experimental-loader` may be removed in the future; instead use `register()`:
--import 'data:text/javascript,import { register } from "node:module"; import { pathToFileURL } from "node:url"; register("file%3A///D%3A/StudentHub-CodexRuns/FULL_REPAIR_20261001/candidate/frontend/tests/foundation/ts-extension-loader.mjs", pathToFileURL("./"));'
(Use `node --trace-warnings ...` to show where the warning was created)
✔ Manipulation Detector — Unsupported detector returns NOT_SUPPORTED without fabricating score (1.0298ms)
✔ Manipulation Detector — Never infers manipulation score from GenAI or Deepfake (0.156ms)
ℹ tests 2
ℹ suites 0
ℹ pass 2
ℹ fail 0
ℹ cancelled 0
ℹ skipped 0
ℹ todo 0
ℹ duration_ms 4.445
(node:10464) ExperimentalWarning: `--experimental-loader` may be removed in the future; instead use `register()`:
--import 'data:text/javascript,import { register } from "node:module"; import { pathToFileURL } from "node:url"; register("file%3A///D%3A/StudentHub-CodexRuns/FULL_REPAIR_20261001/candidate/frontend/tests/foundation/ts-extension-loader.mjs", pathToFileURL("./"));'
(Use `node --trace-warnings ...` to show where the warning was created)
✔ EXIF Forensics — Detects editor software and treats it as a SIGNAL, not proof of fake (1.0277ms)
✔ EXIF Forensics — Stripped metadata is handled gracefully and does NOT prove fake (0.1441ms)
✔ EXIF Forensics — Detects GPS presence while strictly redacting coordinates (0.1929ms)
ℹ tests 3
ℹ suites 0
ℹ pass 3
ℹ fail 0
ℹ cancelled 0
ℹ skipped 0
ℹ todo 0
ℹ duration_ms 5.0814
(node:504) ExperimentalWarning: `--experimental-loader` may be removed in the future; instead use `register()`:
--import 'data:text/javascript,import { register } from "node:module"; import { pathToFileURL } from "node:url"; register("file%3A///D%3A/StudentHub-CodexRuns/FULL_REPAIR_20261001/candidate/frontend/tests/foundation/ts-extension-loader.mjs", pathToFileURL("./"));'
(Use `node --trace-warnings ...` to show where the warning was created)
✔ Payload Reference — MediaArtifactService validates magic bytes and registers artifact reference (5.0893ms)
✔ Payload Reference — Rejects corrupt or unsupported image format (0.1322ms)
✔ Payload Reference — Defends against oversized files (0.1135ms)
ℹ tests 3
ℹ suites 0
ℹ pass 3
ℹ fail 0
ℹ cancelled 0
ℹ skipped 0
ℹ todo 0
ℹ duration_ms 8.7917
(node:28384) ExperimentalWarning: `--experimental-loader` may be removed in the future; instead use `register()`:
--import 'data:text/javascript,import { register } from "node:module"; import { pathToFileURL } from "node:url"; register("file%3A///D%3A/StudentHub-CodexRuns/FULL_REPAIR_20261001/candidate/frontend/tests/foundation/ts-extension-loader.mjs", pathToFileURL("./"));'
(Use `node --trace-warnings ...` to show where the warning was created)
✔ Privacy & Redaction — Public MediaForensicsDTO strictly redacts private metadata (0.928ms)
ℹ tests 1
ℹ suites 0
ℹ pass 1
ℹ fail 0
ℹ cancelled 0
ℹ skipped 0
ℹ todo 0
ℹ duration_ms 4.538
(node:33608) ExperimentalWarning: `--experimental-loader` may be removed in the future; instead use `register()`:
--import 'data:text/javascript,import { register } from "node:module"; import { pathToFileURL } from "node:url"; register("file%3A///D%3A/StudentHub-CodexRuns/FULL_REPAIR_20261001/candidate/frontend/tests/foundation/ts-extension-loader.mjs", pathToFileURL("./"));'
(Use `node --trace-warnings ...` to show where the warning was created)
✔ Provider Failure — Single specialist failure results in overall status PARTIAL without fabrication (0.8498ms)
✔ Provider Failure — Complete failure of all specialists results in status FAILED and UNKNOWN risk (0.1459ms)
ℹ tests 2
ℹ suites 0
ℹ pass 2
ℹ fail 0
ℹ cancelled 0
ℹ skipped 0
ℹ todo 0
ℹ duration_ms 4.7757
(node:33768) ExperimentalWarning: `--experimental-loader` may be removed in the future; instead use `register()`:
--import 'data:text/javascript,import { register } from "node:module"; import { pathToFileURL } from "node:url"; register("file%3A///D%3A/StudentHub-CodexRuns/FULL_REPAIR_20261001/candidate/frontend/tests/foundation/ts-extension-loader.mjs", pathToFileURL("./"));'
(Use `node --trace-warnings ...` to show where the warning was created)
✔ Semantic Separation — GenAI high + Deepfake low must NEVER result in LIKELY_REAL (0.9578ms)
ℹ tests 1
ℹ suites 0
ℹ pass 1
ℹ fail 0
ℹ cancelled 0
ℹ skipped 0
ℹ todo 0
ℹ duration_ms 4.8252
(node:36440) ExperimentalWarning: `--experimental-loader` may be removed in the future; instead use `register()`:
--import 'data:text/javascript,import { register } from "node:module"; import { pathToFileURL } from "node:url"; register("file%3A///D%3A/StudentHub-CodexRuns/FULL_REPAIR_20261001/candidate/frontend/tests/foundation/ts-extension-loader.mjs", pathToFileURL("./"));'
(Use `node --trace-warnings ...` to show where the warning was created)
✔ Zero-Rerun Provider Delta — Cached forensic result incurs 0 new provider calls (1.128ms)
ℹ tests 1
ℹ suites 0
ℹ pass 1
ℹ fail 0
ℹ cancelled 0
ℹ skipped 0
ℹ todo 0
ℹ duration_ms 5.2063
(node:37228) ExperimentalWarning: `--experimental-loader` may be removed in the future; instead use `register()`:
--import 'data:text/javascript,import { register } from "node:module"; import { pathToFileURL } from "node:url"; register("file%3A///D%3A/StudentHub-CodexRuns/FULL_REPAIR_20261001/candidate/frontend/tests/foundation/ts-extension-loader.mjs", pathToFileURL("./"));'
(Use `node --trace-warnings ...` to show where the warning was created)
✔ claim-less free-form input still gets Tavily queries and contextual evidence (15.5521ms)
✔ URL-only input is searched independently and preserves direct provenance (4.6963ms)
✔ explicit canonical entities add one domain-scoped source query without removing broad context search (3.4937ms)
✔ input-context discovery shares the bounded Tavily budget with claim verification (3.985ms)
✔ Gemini Layer 4 receives raw input and contextual evidence without a claim gate (0.4108ms)
ℹ tests 5
ℹ suites 0
ℹ pass 5
ℹ fail 0
ℹ cancelled 0
ℹ skipped 0
ℹ todo 0
ℹ duration_ms 31.6387
(node:5616) ExperimentalWarning: `--experimental-loader` may be removed in the future; instead use `register()`:
--import 'data:text/javascript,import { register } from "node:module"; import { pathToFileURL } from "node:url"; register("file%3A///D%3A/StudentHub-CodexRuns/FULL_REPAIR_20261001/candidate/frontend/tests/foundation/ts-extension-loader.mjs", pathToFileURL("./"));'
(Use `node --trace-warnings ...` to show where the warning was created)
✔ L3 completes image OCR URL retrieval with direct multimodal provenance (19.2234ms)
✔ L3 completes QR payload retrieval with direct URL provenance (3.4361ms)
✔ L3 returns a completed provider-failure envelope instead of disappearing (0.6552ms)
✔ L4 always returns deterministic result after bounded model chain fallback (3.8016ms)
ℹ tests 4
ℹ suites 0
ℹ pass 4
ℹ fail 0
ℹ cancelled 0
ℹ skipped 0
ℹ todo 0
ℹ duration_ms 30.0673
(node:22980) ExperimentalWarning: `--experimental-loader` may be removed in the future; instead use `register()`:
--import 'data:text/javascript,import { register } from "node:module"; import { pathToFileURL } from "node:url"; register("file%3A///D%3A/StudentHub-CodexRuns/FULL_REPAIR_20261001/candidate/frontend/tests/foundation/ts-extension-loader.mjs", pathToFileURL("./"));'
(Use `node --trace-warnings ...` to show where the warning was created)
✔ Layer 1 keeps malformed direct calls UNKNOWN and never manufactures confidence (3.4059ms)
✔ Layer 1 redacts cyclic evidence without throwing (0.4594ms)
✔ Layer 1 blocks unsupported schemes at the local boundary (1.0547ms)
✔ Layer 1 blocks canonicalized private destinations before any provider (0.8052ms)
✔ Layer 1 auxiliary model failure and invalid confidence remain non-authoritative (0.8197ms)
✔ Layer 1 M3 hostile URL corpus never crashes or becomes final safety (8.4693ms)
ℹ tests 6
ℹ suites 0
ℹ pass 6
ℹ fail 0
ℹ cancelled 0
ℹ skipped 0
ℹ todo 0
ℹ duration_ms 18.6674
(node:20192) ExperimentalWarning: `--experimental-loader` may be removed in the future; instead use `register()`:
--import 'data:text/javascript,import { register } from "node:module"; import { pathToFileURL } from "node:url"; register("file%3A///D%3A/StudentHub-CodexRuns/FULL_REPAIR_20261001/candidate/frontend/tests/foundation/ts-extension-loader.mjs", pathToFileURL("./"));'
(Use `node --trace-warnings ...` to show where the warning was created)
▶ Layer 2A reputation boundary
  ✔ uses owner threat intelligence when the remote adapter is unconfigured and stays UNKNOWN on source outage (5.0066ms)
  ✔ keeps a provider no-match bounded and cacheable without calling it safe (1.9594ms)
  ✔ retains a dangerous nested result when the top-level response contradicts it (0.1889ms)
  ✔ maps a real threat response to THREAT_MATCH without inventing a score (0.7411ms)
  ✔ fails closed on malformed responses and does not cache the failure (0.4713ms)
  ✔ uses one bounded retry, then opens a circuit without converting failure to no-match (0.7392ms)
  ✔ rejects SSRF targets before any provider call (0.4555ms)
  ✔ strips arbitrary fields from nested provider DTOs (0.1888ms)
✔ Layer 2A reputation boundary (10.5896ms)
ℹ tests 8
ℹ suites 1
ℹ pass 8
ℹ fail 0
ℹ cancelled 0
ℹ skipped 0
ℹ todo 0
ℹ duration_ms 14.3018
(node:14220) ExperimentalWarning: `--experimental-loader` may be removed in the future; instead use `register()`:
--import 'data:text/javascript,import { register } from "node:module"; import { pathToFileURL } from "node:url"; register("file%3A///D%3A/StudentHub-CodexRuns/FULL_REPAIR_20261001/candidate/frontend/tests/foundation/ts-extension-loader.mjs", pathToFileURL("./"));'
(Use `node --trace-warnings ...` to show where the warning was created)
▶ Layer 2B semantic trust boundary
  ✔ keeps deterministic credential-phishing hard block when AI says BENIGN (19.9014ms)
  ✔ isolates prompt injection before any AI gateway call and requires review (4.2816ms)
  ✔ does not let a malformed custom provider response become PASS (2.3261ms)
  ✔ bounds malformed entry input and returns UNKNOWN without invoking a provider (0.2076ms)
  ✔ keeps untrusted data in a user-data wrapper separate from the trusted system prompt (2.445ms)
  ✔ still runs the complete semantic provider path after Layer 1 BLOCK (6.2441ms)
  ✔ accepts QR as a first-class semantic input and forwards its payload (0.4293ms)
  ✔ does not invent confidence when an AI entity omits confidence (0.1169ms)
  ✔ keeps short opinions and official URLs out of neural security verdicts (6.4177ms)
  ✔ turns a cooldown response into UNKNOWN instead of trusting its malicious label (0.2774ms)
  ✔ completes with the deterministic baseline when Gemini transport fails (2.1486ms)
✔ Layer 2B semantic trust boundary (45.6724ms)
ℹ tests 11
ℹ suites 1
ℹ pass 11
ℹ fail 0
ℹ cancelled 0
ℹ skipped 0
ℹ todo 0
ℹ duration_ms 50.5321
(node:20904) ExperimentalWarning: `--experimental-loader` may be removed in the future; instead use `register()`:
--import 'data:text/javascript,import { register } from "node:module"; import { pathToFileURL } from "node:url"; register("file%3A///D%3A/StudentHub-CodexRuns/FULL_REPAIR_20261001/candidate/frontend/tests/foundation/ts-extension-loader.mjs", pathToFileURL("./"));'
(Use `node --trace-warnings ...` to show where the warning was created)
▶ Layer 3 evidence and provenance boundary
  ✔ returns VERIFIED only for bounded live evidence with independent provenance (11.9065ms)
  ✔ cannot promote a retriever that merely asserts live data without a network guard (1.9647ms)
  ✔ labels the built-in knowledge base as local and never as external verification (5.2448ms)
  ✔ abstains when there are no claims instead of manufacturing an evidence result (0.3056ms)
  ✔ keeps a direct URL fetch visible without turning reachability into a factual claim (4.0296ms)
  ✔ keeps a blocked direct URL unavailable and does not attribute local lookup to Tavily (18.4836ms)
  ✔ falls back honestly when the configured retriever fails (3.6449ms)
  ✔ rejects SSRF candidates and preserves insufficient evidence (0.4044ms)
  ✔ does not verify evidence whose publication date is missing (0.6318ms)
✔ Layer 3 evidence and provenance boundary (47.9582ms)
ℹ tests 9
ℹ suites 1
ℹ pass 9
ℹ fail 0
ℹ cancelled 0
ℹ skipped 0
ℹ todo 0
ℹ duration_ms 50.478
(node:37180) ExperimentalWarning: `--experimental-loader` may be removed in the future; instead use `register()`:
--import 'data:text/javascript,import { register } from "node:module"; import { pathToFileURL } from "node:url"; register("file%3A///D%3A/StudentHub-CodexRuns/FULL_REPAIR_20261001/candidate/frontend/tests/foundation/ts-extension-loader.mjs", pathToFileURL("./"));'
(Use `node --trace-warnings ...` to show where the warning was created)
▶ Layer 4 deterministic policy boundary
  ✔ fails closed for missing and malformed upstream graphs (5.7664ms)
  ✔ does not turn a threat-intelligence outage into a no-threat result (0.6748ms)
  ✔ does not turn an L2 cooldown/partial label into security suspicion (0.3377ms)
  ✔ keeps local suspicion at WARN even when threat intelligence returns no-match (0.4034ms)
  ✔ clears soft local suspicion after all reputation providers and Layer 3 validate the URL target (0.9269ms)
  ✔ never lets reputation clearance downgrade a credential hard negative (0.3453ms)
  ✔ keeps an explicit provider no-match bounded and non-safe (0.3051ms)
  ✔ does not trust a forged no-match finding without the Layer 2A contract provenance (0.2456ms)
  ✔ keeps deterministic credential blocking active inside educational context (0.7763ms)
  ✔ does not trust a copied successful no-match DTO without the service capability (0.3964ms)
  ✔ does not accept caller-asserted live evidence without the Layer 3 service capability (1.1552ms)
  ✔ preserves a validated threat match over benign semantic context and poisoned evidence (0.2375ms)
  ✔ ignores a non-authoritative provider that attempts to grant ALLOW (0.302ms)
  ✔ allows AI to enrich explanation only, never the deterministic verdict (1.7907ms)
  ✔ keeps supported truth separate from unknown security when reputation is unavailable (0.2603ms)
  ✔ keeps no-match security separate from contradicted truth (0.2462ms)
✔ Layer 4 deterministic policy boundary (15.1595ms)
ℹ tests 16
ℹ suites 1
ℹ pass 16
ℹ fail 0
ℹ cancelled 0
ℹ skipped 0
ℹ todo 0
ℹ duration_ms 18.8745
(node:3540) ExperimentalWarning: `--experimental-loader` may be removed in the future; instead use `register()`:
--import 'data:text/javascript,import { register } from "node:module"; import { pathToFileURL } from "node:url"; register("file%3A///D%3A/StudentHub-CodexRuns/FULL_REPAIR_20261001/candidate/frontend/tests/foundation/ts-extension-loader.mjs", pathToFileURL("./"));'
(Use `node --trace-warnings ...` to show where the warning was created)
✔ legacy projector preserves the sample layer shape and every safe source (12.6348ms)
✔ legacy projector returns the image AI/deepfake provider evidence in the compatibility response (0.3571ms)
ℹ tests 2
ℹ suites 0
ℹ pass 2
ℹ fail 0
ℹ cancelled 0
ℹ skipped 0
ℹ todo 0
ℹ duration_ms 18.6616
(node:33240) ExperimentalWarning: `--experimental-loader` may be removed in the future; instead use `register()`:
--import 'data:text/javascript,import { register } from "node:module"; import { pathToFileURL } from "node:url"; register("file%3A///D%3A/StudentHub-CodexRuns/FULL_REPAIR_20261001/candidate/frontend/tests/foundation/ts-extension-loader.mjs", pathToFileURL("./"));'
(Use `node --trace-warnings ...` to show where the warning was created)
✔ Trust public model exposes four analysis layers plus a separately gated Final Predict (0.8899ms)
✔ Trust DTO preserves Main V5 authority, stage status, separate sources/evidence, and published decision (2.0141ms)
✔ Processing state does not synthesize progress; absent final verdict keeps Final Predict locked (0.7948ms)
✔ FOUR_LAYER API stages map to all four visible Trust stages (0.2756ms)
✔ Source records never become evidence items and evidence retains its source/claim references (0.2867ms)
✔ Master Ultra UI has composer, observed input, four layers, and backend-driven progression only (1.0247ms)
✔ Master Ultra preserves missing provider, evidence, and OCR measurements as unavailable (0.412ms)
✔ Master Ultra does not contain hardcoded positive trust metrics or integrity claims (0.7126ms)
ℹ tests 8
ℹ suites 0
ℹ pass 8
ℹ fail 0
ℹ cancelled 0
ℹ skipped 0
ℹ todo 0
ℹ duration_ms 10.1684
(node:22808) ExperimentalWarning: `--experimental-loader` may be removed in the future; instead use `register()`:
--import 'data:text/javascript,import { register } from "node:module"; import { pathToFileURL } from "node:url"; register("file%3A///D%3A/StudentHub-CodexRuns/FULL_REPAIR_20261001/candidate/frontend/tests/foundation/ts-extension-loader.mjs", pathToFileURL("./"));'
(Use `node --trace-warnings ...` to show where the warning was created)
✔ OPERATIONAL CORPUS: Exactly 20 pilot cases exist with complete schema (0.574ms)
✔ EVIDENCE G8 PROVENANCE: Every source has 14 mandatory fields and valid SHA-256 digest (3.9685ms)
✔ EVIDENCE PASSPORT COMMIT: Every corpus case successfully seals an immutable Passport (1.6828ms)
ℹ tests 3
ℹ suites 0
ℹ pass 3
ℹ fail 0
ℹ cancelled 0
ℹ skipped 0
ℹ todo 0
ℹ duration_ms 9.4676
(node:9160) ExperimentalWarning: `--experimental-loader` may be removed in the future; instead use `register()`:
--import 'data:text/javascript,import { register } from "node:module"; import { pathToFileURL } from "node:url"; register("file%3A///D%3A/StudentHub-CodexRuns/FULL_REPAIR_20261001/candidate/frontend/tests/foundation/ts-extension-loader.mjs", pathToFileURL("./"));'
(Use `node --trace-warnings ...` to show where the warning was created)
✔ own backend publishes exactly four stages and deterministic Final Predict (25.0809ms)
✔ source quality remains unavailable when live validated sources have no authority score (3.7285ms)
✔ own backend completes Layer 2 while retaining provider outage details (3.607ms)
✔ own backend allows a claimless direct URL after L3 live validation despite an operational L2A partial (8.3797ms)
✔ own backend completes L2 when semantic gateway fails but deterministic fallback is valid (2.5424ms)
✔ L2C advisory outage does not make the completed semantic/threat composite partial (2.4411ms)
✔ Final Predict consumes verified Gemini URL evidence for a cautious safe-target decision (3.2342ms)
✔ Final Predict uses multi-provider Layer 2A clearance plus a live Layer 3 URL to clear a soft warning (2.8041ms)
✔ Final Predict lets validated Gemini evidence refine an unresolved truth status only when Layer 3 is sufficient (3.4626ms)
✔ Final Predict never downgrades a Layer 1 hard block because Gemini cites a URL (2.8548ms)
✔ own backend does not substitute local corpus when canonical retrieval is unavailable (2.9075ms)
✔ Friend Trust TEXT observations stay shadow and cannot replace the StudentHub Final Predict (8.3449ms)
ℹ tests 12
ℹ suites 0
ℹ pass 12
ℹ fail 0
ℹ cancelled 0
ℹ skipped 0
ℹ todo 0
ℹ duration_ms 73.6275
(node:21944) ExperimentalWarning: `--experimental-loader` may be removed in the future; instead use `register()`:
--import 'data:text/javascript,import { register } from "node:module"; import { pathToFileURL } from "node:url"; register("file%3A///D%3A/StudentHub-CodexRuns/FULL_REPAIR_20261001/candidate/frontend/tests/foundation/ts-extension-loader.mjs", pathToFileURL("./"));'
(Use `node --trace-warnings ...` to show where the warning was created)
✔ QR Decode Contract — Server independently normalizes and classifies URL vs Text (5.4597ms)
✔ QR Decode Contract — Server ignores untrusted client-supplied metadata (1.2286ms)
✔ QR Decode Contract — Empty QR payload is handled gracefully (0.1187ms)
ℹ tests 3
ℹ suites 0
ℹ pass 3
ℹ fail 0
ℹ cancelled 0
ℹ skipped 0
ℹ todo 0
ℹ duration_ms 10.5054
(node:33440) ExperimentalWarning: `--experimental-loader` may be removed in the future; instead use `register()`:
--import 'data:text/javascript,import { register } from "node:module"; import { pathToFileURL } from "node:url"; register("file%3A///D%3A/StudentHub-CodexRuns/FULL_REPAIR_20261001/candidate/frontend/tests/foundation/ts-extension-loader.mjs", pathToFileURL("./"));'
(Use `node --trace-warnings ...` to show where the warning was created)
✔ QR URL Security — Blocks SSRF targets, loopback, private networks, and cloud metadata (2.7334ms)
✔ QR URL Security — Blocks dangerous non-HTTP schemes (0.2065ms)
✔ QR URL Security — Blocks URLs with embedded credentials (0.1388ms)
✔ QR URL Security — Flags Punycode and IDN homograph attack domains (3.3964ms)
✔ QR URL Security — Flags open redirect parameters (0.3125ms)
✔ QR URL Security — Approves standard public HTTPS URL (0.1181ms)
ℹ tests 6
ℹ suites 0
ℹ pass 6
ℹ fail 0
ℹ cancelled 0
ℹ skipped 0
ℹ todo 0
ℹ duration_ms 11.0048
(node:8996) ExperimentalWarning: `--experimental-loader` may be removed in the future; instead use `register()`:
--import 'data:text/javascript,import { register } from "node:module"; import { pathToFileURL } from "node:url"; register("file%3A///D%3A/StudentHub-CodexRuns/FULL_REPAIR_20261001/candidate/frontend/tests/foundation/ts-extension-loader.mjs", pathToFileURL("./"));'
(Use `node --trace-warnings ...` to show where the warning was created)
✔ canonical Trust does not construct friend Render adapter by default (0.5416ms)
✔ rich response contract exposes bounded stage provenance and deterministic final predict (24.803ms)
✔ persistence keeps a bounded rich stage summary for four-layer runs (5.5282ms)
ℹ tests 3
ℹ suites 0
ℹ pass 3
ℹ fail 0
ℹ cancelled 0
ℹ skipped 0
ℹ todo 0
ℹ duration_ms 36.1657
(node:23672) ExperimentalWarning: `--experimental-loader` may be removed in the future; instead use `register()`:
--import 'data:text/javascript,import { register } from "node:module"; import { pathToFileURL } from "node:url"; register("file%3A///D%3A/StudentHub-CodexRuns/FULL_REPAIR_20261001/candidate/frontend/tests/foundation/ts-extension-loader.mjs", pathToFileURL("./"));'
(Use `node --trace-warnings ...` to show where the warning was created)
✔ Stage Presenter: Maps all 7 user-facing stage names accurately (0.4714ms)
✔ Stage Presenter: Calibration Rule - Uncalibrated score displays 'Điểm rủi ro X/100', NOT probability percentage (1.0672ms)
✔ Stage Presenter: Calibration Rule - Calibrated marker still displays bounded score (0.154ms)
✔ Stage Presenter: Produces exact 9 user-facing attributes and isolates technical details (0.5874ms)
ℹ tests 4
ℹ suites 0
ℹ pass 4
ℹ fail 0
ℹ cancelled 0
ℹ skipped 0
ℹ todo 0
ℹ duration_ms 6.1426
(node:12816) ExperimentalWarning: `--experimental-loader` may be removed in the future; instead use `register()`:
--import 'data:text/javascript,import { register } from "node:module"; import { pathToFileURL } from "node:url"; register("file%3A///D%3A/StudentHub-CodexRuns/FULL_REPAIR_20261001/candidate/frontend/tests/foundation/ts-extension-loader.mjs", pathToFileURL("./"));'
(Use `node --trace-warnings ...` to show where the warning was created)
RISK_MATRIX {"total":53,"passed":53,"u10":"UNKNOWN"}
✔ StudentHub Trust risk matrix — T/U/I/Q, extended scams, and benign borrowing (99.6724ms)
ℹ tests 1
ℹ suites 0
ℹ pass 1
ℹ fail 0
ℹ cancelled 0
ℹ skipped 0
ℹ todo 0
ℹ duration_ms 102.6468
(node:29256) ExperimentalWarning: `--experimental-loader` may be removed in the future; instead use `register()`:
--import 'data:text/javascript,import { register } from "node:module"; import { pathToFileURL } from "node:url"; register("file%3A///D%3A/StudentHub-CodexRuns/FULL_REPAIR_20261001/candidate/frontend/tests/foundation/ts-extension-loader.mjs", pathToFileURL("./"));'
(Use `node --trace-warnings ...` to show where the warning was created)
✔ StudentHub direct URL retrieval still runs with Tavily explicitly OFF (17.2657ms)
ℹ tests 1
ℹ suites 0
ℹ pass 1
ℹ fail 0
ℹ cancelled 0
ℹ skipped 0
ℹ todo 0
ℹ duration_ms 19.8721
(node:35376) ExperimentalWarning: `--experimental-loader` may be removed in the future; instead use `register()`:
--import 'data:text/javascript,import { register } from "node:module"; import { pathToFileURL } from "node:url"; register("file%3A///D%3A/StudentHub-CodexRuns/FULL_REPAIR_20261001/candidate/frontend/tests/foundation/ts-extension-loader.mjs", pathToFileURL("./"));'
(Use `node --trace-warnings ...` to show where the warning was created)
✔ Tavily dual-stage retrieval preserves origins and bounds supplemental queries (14.5033ms)
✔ Gemini gap analysis is query-only and Layer 4 synthesizes once after supplemental retrieval (5.5834ms)
✔ Gemini can add independent URLs, but only reachable URLs are exposed (1.6798ms)
ℹ tests 3
ℹ suites 0
ℹ pass 3
ℹ fail 0
ℹ cancelled 0
ℹ skipped 0
ℹ todo 0
ℹ duration_ms 24.7092
(node:12852) ExperimentalWarning: `--experimental-loader` may be removed in the future; instead use `register()`:
--import 'data:text/javascript,import { register } from "node:module"; import { pathToFileURL } from "node:url"; register("file%3A///D%3A/StudentHub-CodexRuns/FULL_REPAIR_20261001/candidate/frontend/tests/foundation/ts-extension-loader.mjs", pathToFileURL("./"));'
(Use `node --trace-warnings ...` to show where the warning was created)
✔ Tavily accepts bounded public candidates, rejects SSRF candidates, and keeps fetch guarded (8.5049ms)
✔ Tavily preserves candidates beyond one provider batch while keeping each request at 20 (1.6962ms)
✔ Tavily applies entity-scoped domains and fuses candidates by provider relevance (1.2248ms)
✔ Tavily preserves typed rate-limit status and bounded call diagnostics (0.7851ms)
✔ Tavily classifies HTTP 432 as QUOTA_EXHAUSTED and opens a per-key circuit (0.7488ms)
✔ Tavily auth failure opens the same per-key circuit without retry (0.908ms)
✔ Tavily OFF mode does not call the network even when a server key exists (0.1965ms)
✔ Tavily smoke mode with a zero call budget blocks before network access (0.1648ms)
✔ Tavily does not call the network when the server key is absent (0.1749ms)
✔ Tavily rejects malformed result payloads as INVALID_RESPONSE (0.4583ms)
✔ Tavily retries one transient upstream failure with bounded diagnostics (0.5065ms)
✔ Tavily classifies a local abort without fabricating upstream HTTP 504 (506.8917ms)
✔ Tavily enforces the smoke budget and reuses exact normalized queries (1.3848ms)
✔ Tavily quota circuit is scoped to the selected credential without automatic key rotation (0.6082ms)
ℹ tests 14
ℹ suites 0
ℹ pass 14
ℹ fail 0
ℹ cancelled 0
ℹ skipped 0
ℹ todo 0
ℹ duration_ms 527.892
(node:25360) ExperimentalWarning: `--experimental-loader` may be removed in the future; instead use `register()`:
--import 'data:text/javascript,import { register } from "node:module"; import { pathToFileURL } from "node:url"; register("file%3A///D%3A/StudentHub-CodexRuns/FULL_REPAIR_20261001/candidate/frontend/tests/foundation/ts-extension-loader.mjs", pathToFileURL("./"));'
(Use `node --trace-warnings ...` to show where the warning was created)
✔ Friend Trust is an advisory-only capability for supported TEXT and URL inputs (1.3938ms)
✔ IMAGE and QR remain StudentHub-only until Friend media contracts are verified (0.1899ms)
✔ Friend Trust stays disabled unless the server explicitly enables its adapter (0.0861ms)
ℹ tests 3
ℹ suites 0
ℹ pass 3
ℹ fail 0
ℹ cancelled 0
ℹ skipped 0
ℹ todo 0
ℹ duration_ms 5.0941
(node:33640) ExperimentalWarning: `--experimental-loader` may be removed in the future; instead use `register()`:
--import 'data:text/javascript,import { register } from "node:module"; import { pathToFileURL } from "node:url"; register("file%3A///D%3A/StudentHub-CodexRuns/FULL_REPAIR_20261001/candidate/frontend/tests/foundation/ts-extension-loader.mjs", pathToFileURL("./"));'
(Use `node --trace-warnings ...` to show where the warning was created)
▶ Trust Engine M3 false-safe regression
  ✔ FALSE_SAFE_GOOGLE_CANARY_P0 (6.8213ms)
  ✔ MOCK_REQUIRED_L2A_PIPELINE_REMAINS_UNKNOWN_AND_REVIEW_ONLY (5.8224ms)
✔ Trust Engine M3 false-safe regression (13.2661ms)
ℹ tests 2
ℹ suites 1
ℹ pass 2
ℹ fail 0
ℹ cancelled 0
ℹ skipped 0
ℹ todo 0
ℹ duration_ms 17.2979
(node:33368) ExperimentalWarning: `--experimental-loader` may be removed in the future; instead use `register()`:
--import 'data:text/javascript,import { register } from "node:module"; import { pathToFileURL } from "node:url"; register("file%3A///D%3A/StudentHub-CodexRuns/FULL_REPAIR_20261001/candidate/frontend/tests/foundation/ts-extension-loader.mjs", pathToFileURL("./"));'
(Use `node --trace-warnings ...` to show where the warning was created)
✔ SEQUENTIAL_STAGE_CONTRACT_AND_ORDER (27.1106ms)
✔ FAULT_INJECTION_REALTIME_LISTENER_CANNOT_INTERRUPT_L1_TO_L5 (12.4916ms)
✔ PUBLIC_RESPONSE_OMITS_SERVER_RAW_METADATA (0.5775ms)
✔ L1_LOCAL_CLEAR_AND_UNKNOWN_NEVER_FINAL_SAFE (8.8938ms)
✔ L1_BLOCK_PROPAGATION (4.9531ms)
✔ L1_HARD_BLOCK_INVALID_TARGET_STAYS_WITHIN_LOCAL_BOUNDARY (4.682ms)
✔ THREAT_MATCH_HARD_BLOCK_PRESERVED (2.882ms)
✔ NO_KNOWN_THREAT_NOT_SAFE (3.9269ms)
✔ PROVIDER_TIMEOUT_UNKNOWN (4.0202ms)
✔ PROVIDER_ERROR_UNKNOWN (4.6966ms)
✔ CIRCUIT_OPEN_UNKNOWN (0.2742ms)
✔ PROVIDER_CONTRACT_CONTRADICTION (0.3891ms)
✔ NO_SYNTHETIC_GOOGLE_CONFIDENCE (0.1154ms)
✔ L2B_SEMANTIC_AI_CANNOT_CLEAR_THREAT (3.8316ms)
✔ PROMPT_INJECTION_ISOLATED (1.5687ms)
✔ INVALID_MODEL_SCHEMA_FALLBACK (0.1278ms)
✔ SEMANTIC_TIMEOUT_TYPED (0.1096ms)
✔ CLAIMS_EXTRACTION_BOUNDED (0.4062ms)
✔ NO_SEMANTIC_SAFE_ASSERTION (0.344ms)
✔ L2C_CANNOT_OVERRIDE_THREAT_MATCH (0.2148ms)
✔ L2C_UNKNOWN_NEVER_SAFE (1.4534ms)
✔ UNCALIBRATED_SCORE_NOT_PROBABILITY (1.4958ms)
✔ MODEL_VERSION_PRESENT (1.155ms)
✔ DOMAIN_CLASSIFICATION_SCHEMA_VALID (16.5672ms)
✔ BENIGN_CONTROL_FALSE_POSITIVE_GUARD (15.6457ms)
✔ L2C_RISK_CAN_RAISE_SUSPICION (0.2806ms)
✔ L2C_DATASET_PRIVACY_AND_FINE_TUNE_GATE (1.159ms)
✔ LOCAL_KB_NOT_EXTERNAL_VERIFIED (0.2121ms)
✔ SOURCE_DUPLICATES_NOT_INDEPENDENT (0.3673ms)
✔ STALE_EVIDENCE_VISIBLE (0.2283ms)
✔ CONFLICTS_PRESERVED (0.1776ms)
✔ MISSING_SOURCE_LOWERS_COMPLETENESS (0.2399ms)
✔ RETRIEVAL_FAILURE_PARTIAL (3.444ms)
✔ PROMPT_INJECTION_FROM_SOURCE_ISOLATED (0.1932ms)
✔ AI_CANNOT_OVERRIDE_THREAT_MATCH (0.2172ms)
✔ UNKNOWN_ABSTAINS (0.161ms)
✔ SECURITY_TRUTH_ACTION_SEPARATE (0.3779ms)
✔ POLICY_VERSION_PRESENT_AND_DETERMINISTIC_REPLAY (0.2321ms)
✔ HARD_NEGATIVE_PRECEDENCE (0.2415ms)
✔ L5_NEVER_UPGRADES_SAFETY (0.12ms)
✔ L5_CAN_DOWNGRADE_TO_REVIEW (0.0494ms)
✔ L5_DETECTS_DROPPED_HARD_NEGATIVE (0.2663ms)
✔ L5_DETECTS_EVIDENCE_CONCENTRATION (0.2347ms)
✔ L5_DETECTS_STALE_EVIDENCE (0.2201ms)
✔ L5_DETECTS_CONFIDENCE_INFLATION (0.2503ms)
✔ L5_DETECTS_UNSUPPORTED_AI_NARRATIVE (0.2081ms)
✔ L5_DETECTS_STAGE_SKIP (0.2922ms)
✔ L5_AI_FAILURE_FALLS_BACK_DETERMINISTIC (0.3109ms)
✔ L5_MISSING_EVIDENCE_IS_BLOCKED (0.1642ms)
✔ RETRY_DOES_NOT_RERUN_DETERMINISTIC_L1 (6.9993ms)
✔ CANCELLATION_AND_STALE_RUNS_ARE_NOT_PUBLISHED (4.015ms)
✔ L1_PUBLIC_HARD_BLOCK_CAN_REPUTATION_CHECK (7.7975ms)
✔ L1_PRIVATE_HARD_BLOCK_NEVER_LEAKS_TO_PROVIDER (3.9875ms)
✔ L1_HARD_NEGATIVE_SURVIVES_L2A_NO_MATCH (3.6177ms)
✔ L2A_SENSITIVE_URL_REDACTS_BEFORE_PROVIDER (0.2564ms)
✔ L2C_FAKE_SCHOLARSHIP_CREATES_VERIFICATION_TASKS (1.2384ms)
✔ L2C_TUITION_SCAM_CREATES_OFFICIAL_SOURCE_CHECK (1.1781ms)
✔ L2C_OUTPUT_IS_NOT_EVIDENCE (4.3842ms)
✔ L2C_L3_TASKS_ARE_DEDUPLICATED (1.7486ms)
✔ L3_UNTRUSTED_TASK_SUMMARY_CANNOT_EXCEED_NORMALIZED_TASKS (0.1498ms)
✔ L2C_L3_EVIDENCE_FLOWS_TO_L4 (8.3469ms)
✔ L2C_HIGH_RISK_WITH_MISSING_EVIDENCE_REMAINS_REVIEWABLE (1.7952ms)
✔ L5_AUDITS_L2C_L3_EVIDENCE_GAP (1.7014ms)
ℹ tests 63
ℹ suites 0
ℹ pass 63
ℹ fail 0
ℹ cancelled 0
ℹ skipped 0
ℹ todo 0
ℹ duration_ms 179.628
(node:33556) ExperimentalWarning: `--experimental-loader` may be removed in the future; instead use `register()`:
--import 'data:text/javascript,import { register } from "node:module"; import { pathToFileURL } from "node:url"; register("file%3A///D%3A/StudentHub-CodexRuns/FULL_REPAIR_20261001/candidate/frontend/tests/foundation/ts-extension-loader.mjs", pathToFileURL("./"));'
(Use `node --trace-warnings ...` to show where the warning was created)
✔ Trust persistence mapper keeps execution identity and redacts revision snapshots (4.9374ms)
✔ Trust revision snapshot retains the public four-layer conclusion and evidence (2.0443ms)
ℹ tests 2
ℹ suites 0
ℹ pass 2
ℹ fail 0
ℹ cancelled 0
ℹ skipped 0
ℹ todo 0
ℹ duration_ms 10.2838
(node:25896) ExperimentalWarning: `--experimental-loader` may be removed in the future; instead use `register()`:
--import 'data:text/javascript,import { register } from "node:module"; import { pathToFileURL } from "node:url"; register("file%3A///D%3A/StudentHub-CodexRuns/FULL_REPAIR_20261001/candidate/frontend/tests/foundation/ts-extension-loader.mjs", pathToFileURL("./"));'
(Use `node --trace-warnings ...` to show where the warning was created)
✔ L2B preserves upstream HTTP status and becomes PARTIAL instead of COMPLETED (21.5552ms)
✔ L4 preserves auth failure while deterministic policy remains authoritative (4.8544ms)
ℹ tests 2
ℹ suites 0
ℹ pass 2
ℹ fail 0
ℹ cancelled 0
ℹ skipped 0
ℹ todo 0
ℹ duration_ms 29.8959
(node:31268) ExperimentalWarning: `--experimental-loader` may be removed in the future; instead use `register()`:
--import 'data:text/javascript,import { register } from "node:module"; import { pathToFileURL } from "node:url"; register("file%3A///D%3A/StudentHub-CodexRuns/FULL_REPAIR_20261001/candidate/frontend/tests/foundation/ts-extension-loader.mjs", pathToFileURL("./"));'
(Use `node --trace-warnings ...` to show where the warning was created)
✔ source-only response never manufactures evidence or conclusion (0.8997ms)
✔ IDs alone establish claim evidence source relationships (0.2735ms)
✔ fixture markers at canonical layer and envelope boundaries rejected (0.3704ms)
✔ URLs exclude executable schemes, credentials and secret-bearing queries (0.2525ms)
✔ request, case, run and revision identity must agree (0.1662ms)
✔ late running snapshots cannot undo terminal pipeline or stage (0.1305ms)
✔ missing and malformed metrics remain absent; unknown statuses never become positive (0.2046ms)
✔ AI citations stay linked to the persisted Trust revision and only safe structured URLs render (0.528ms)
ℹ tests 8
ℹ suites 0
ℹ pass 8
ℹ fail 0
ℹ cancelled 0
ℹ skipped 0
ℹ todo 0
ℹ duration_ms 7.7974
(node:35896) ExperimentalWarning: `--experimental-loader` may be removed in the future; instead use `register()`:
--import 'data:text/javascript,import { register } from "node:module"; import { pathToFileURL } from "node:url"; register("file%3A///D%3A/StudentHub-CodexRuns/FULL_REPAIR_20261001/candidate/frontend/tests/foundation/ts-extension-loader.mjs", pathToFileURL("./"));'
(Use `node --trace-warnings ...` to show where the warning was created)
✔ GOLDEN FLOW: Flagship scholarship scam with fee requirement (131.2165ms)
✔ Trust V5 projects retrieval provider status for an explicit source fixture (28.3479ms)
✔ Decision Twin resolves sourceId relationships without duplicating a driver (0.5731ms)
✔ Source authority recognizes curated university domains without trusting lookalikes (0.2756ms)
✔ FAILURE INJECTION: Citation validator rejects hallucinated evidence ID and invented URLs (0.1271ms)
✔ FAILURE INJECTION: SSRF gate blocks private IPs and malicious schemes (0.1001ms)
✔ FAILURE INJECTION: 5 copied syndicated sources are collapsed to 1 independent weight (0.131ms)
ℹ tests 7
ℹ suites 0
ℹ pass 7
ℹ fail 0
ℹ cancelled 0
ℹ skipped 0
ℹ todo 0
ℹ duration_ms 169.5704
(node:12372) ExperimentalWarning: `--experimental-loader` may be removed in the future; instead use `register()`:
--import 'data:text/javascript,import { register } from "node:module"; import { pathToFileURL } from "node:url"; register("file%3A///D%3A/StudentHub-CodexRuns/FULL_REPAIR_20261001/candidate/frontend/tests/foundation/ts-extension-loader.mjs", pathToFileURL("./"));'
(Use `node --trace-warnings ...` to show where the warning was created)
✔ 1. Own-backend visual rendering is complete and canonical (1.3249ms)
✔ FOUR_LAYER public response maps its L2 and L4 state into the canonical presentation (0.5832ms)
✔ 2. L4 renders validated Gemini citations without exposing engine UI (2.6935ms)
✔ 3. L4 degraded state remains evidence-bound and truthful (0.353ms)
✔ 6. Final Predict remains separate and published after degraded synthesis (0.3641ms)
✔ 6a. Macro status keeps degraded L2B/L4 visible after pipeline completion (0.2515ms)
✔ 7. No infinite loading state when stages fail or complete (0.199ms)
✔ 8. No hidden alternate AI fallback is injected (0.6636ms)
✔ 11. Trust verdict remains independent of Expert UI (no averaging or combined score) (0.303ms)
✔ 12. Route-scoped CSS does not leak global styles (1.4708ms)
✔ 13. Reduced motion safety overrides video and animation (1.391ms)
✔ 14. Responsive breakpoints are defined for 390, 768, 1024, 1440, 1920 (1.0545ms)
ℹ tests 12
ℹ suites 0
ℹ pass 12
ℹ fail 0
ℹ cancelled 0
ℹ skipped 0
ℹ todo 0
ℹ duration_ms 14.7472
(node:29116) ExperimentalWarning: `--experimental-loader` may be removed in the future; instead use `register()`:
--import 'data:text/javascript,import { register } from "node:module"; import { pathToFileURL } from "node:url"; register("file%3A///D%3A/StudentHub-CodexRuns/FULL_REPAIR_20261001/candidate/frontend/tests/foundation/ts-extension-loader.mjs", pathToFileURL("./"));'
(Use `node --trace-warnings ...` to show where the warning was created)
✔ direct URL retrieval prefers the article main content over page navigation (18.4966ms)
✔ URL path terms select matching page content and abstain when the page does not cover them (0.2376ms)
✔ equal URL relevance prefers a complete factual sentence over a longer topic list (0.2134ms)
✔ Layer 3 direct URL evidence persists a topic-matching main passage (11.5369ms)
✔ evidence extraction abstains when retrieved text contains only navigation boilerplate (0.1474ms)
ℹ tests 5
ℹ suites 0
ℹ pass 5
ℹ fail 0
ℹ cancelled 0
ℹ skipped 0
ℹ todo 0
ℹ duration_ms 33.4668
(node:5860) ExperimentalWarning: `--experimental-loader` may be removed in the future; instead use `register()`:
--import 'data:text/javascript,import { register } from "node:module"; import { pathToFileURL } from "node:url"; register("file%3A///D%3A/StudentHub-CodexRuns/FULL_REPAIR_20261001/candidate/frontend/tests/foundation/ts-extension-loader.mjs", pathToFileURL("./"));'
(Use `node --trace-warnings ...` to show where the warning was created)
======================================================================
🏛️ STUDENTHUB AI — SOURCE-BACKED ACADEMIC TRUTH TEST SUITE (HCMUTE)
======================================================================
▶ [REAL_SOURCE_VERIFICATION] Protocol 1: QĐ 3116/QĐ-ĐHSPKT (22/08/2025) Official Regulation Proofs
  ✔ should verify active QĐ 3116/2025 replaces superseded QĐ 3811/2024 (0.4663ms)
  ✔ should retrieve verified Credit Limit rule with clause proof (Điều 14, Khoản 2) (0.1436ms)
  ✔ should retrieve verified Warning rules with clause proof (Điều 16, Khoản 1 & 2) (0.1092ms)
✔ [REAL_SOURCE_VERIFICATION] Protocol 1: QĐ 3116/QĐ-ĐHSPKT (22/08/2025) Official Regulation Proofs (1.7869ms)
▶ [DOCUMENT_BACKED_TEST] Protocol 2: End-to-End Rule Execution with Provenance
  ✔ should execute evaluateSemesterCreditBounds and return exact QĐ 3116 document citation (0.2305ms)
  ✔ should execute evaluateAcademicWarning under QĐ 3116 thresholds (Sem 1 < 0.80, Sem N < 1.00) (0.1959ms)
  ✔ should execute evaluateThesisEligibility and cite FIT curriculum Section 4.2 (0.1785ms)
✔ [DOCUMENT_BACKED_TEST] Protocol 2: End-to-End Rule Execution with Provenance (0.7485ms)
▶ [TEMPORAL_TEST] Protocol 3: Cohort Version Isolation & Regulatory Transitions
  ✔ should isolate K23 (TOEIC 450) from K26 (TOEIC 550 / B2) without cross-contamination (0.1354ms)
  ✔ should detect document changes and identify affected rules when regulations are updated (0.1276ms)
✔ [TEMPORAL_TEST] Protocol 3: Cohort Version Isolation & Regulatory Transitions (0.3751ms)
▶ [HARD_NEGATIVE_TEST] Protocol 4: Rejection of Misinformation & Outdated Regulations
  ✔ should REJECT forum claim that C++ alone qualifies for Graduation Thesis (0.1374ms)
  ✔ should flag generic unverified assumption that all programs require exactly 150 credits (0.1415ms)
  ✔ should REJECT applying outdated superseded warning thresholds to active evaluations (0.1149ms)
✔ [HARD_NEGATIVE_TEST] Protocol 4: Rejection of Misinformation & Outdated Regulations (0.4701ms)
▶ [UNIT_TEST] Protocol 5: Deterministic Graph & Scheduler Algorithms
  ✔ should compute BFS transitive closure for bottleneck simulation (0.2934ms)
✔ [UNIT_TEST] Protocol 5: Deterministic Graph & Scheduler Algorithms (0.3345ms)
▶ [REGRESSION_TEST] Protocol 6: Non-destructive Upgrade Verification
  ✔ should ensure historical 2024 graduation rules remain unmodified for K24 cohort (0.0624ms)
✔ [REGRESSION_TEST] Protocol 6: Non-destructive Upgrade Verification (0.107ms)
ℹ tests 13
ℹ suites 6
ℹ pass 13
ℹ fail 0
ℹ cancelled 0
ℹ skipped 0
ℹ todo 0
ℹ duration_ms 7.9109
(node:3796) ExperimentalWarning: `--experimental-loader` may be removed in the future; instead use `register()`:
--import 'data:text/javascript,import { register } from "node:module"; import { pathToFileURL } from "node:url"; register("file%3A///D%3A/StudentHub-CodexRuns/FULL_REPAIR_20261001/candidate/frontend/tests/foundation/ts-extension-loader.mjs", pathToFileURL("./"));'
(Use `node --trace-warnings ...` to show where the warning was created)
======================================================================
🔄 STUDENTHUB AI — ACADEMIC LIVE-SYNC & DIGITAL TWIN TEST SUITE
======================================================================
▶ [SOURCE_WATCHER_TEST] Protocol 1: Source Watcher, SLAs & Conditional Fetching
  ✔ should calculate deterministic SHA-256 hash for normalized content (0.676ms)
  ✔ should evaluate freshness SLAs across Critical Notices vs General Announcements (0.241ms)
  ✔ should support conditional ETag fetching (HTTP 304 Not Modified) (0.1442ms)
  ✔ should calculate exponential backoff with jitter on crawl failures (0.147ms)
✔ [SOURCE_WATCHER_TEST] Protocol 1: Source Watcher, SLAs & Conditional Fetching (1.8804ms)
▶ [DOCUMENT_VERSION_TEST] Protocol 2: Immutable Snapshot Store & Safe Fallback
  ✔ should retrieve active immutable snapshot and preserve historical superseded versions (0.2039ms)
  ✔ should serve LAST_VERIFIED_SNAPSHOT with STALE_SOURCE_WARNING on source failure (0.1204ms)
✔ [DOCUMENT_VERSION_TEST] Protocol 2: Immutable Snapshot Store & Safe Fallback (0.4212ms)
▶ [SEMANTIC_DIFF_TEST] Protocol 3: Cosmetic Noise Filtering vs. Semantic Rule Mutations
  ✔ should classify HTML tag / CSS / spacing changes as purely COSMETIC (0.4291ms)
  ✔ should extract semantic GPA / Credit / English requirement mutations as SEMANTIC (0.5917ms)
✔ [SEMANTIC_DIFF_TEST] Protocol 3: Cosmetic Noise Filtering vs. Semantic Rule Mutations (1.1381ms)
▶ [RULE_INVALIDATION_TEST] Protocol 4: Rule Dependency DAG & Human Review Gate
  ✔ should trace downstream code, tests, and user features affected by QĐ 3116 (0.182ms)
  ✔ should transition old rule to SUPERSEDED and register CANDIDATE requiring review (0.8106ms)
✔ [RULE_INVALIDATION_TEST] Protocol 4: Rule Dependency DAG & Human Review Gate (1.0668ms)
▶ [PARSER_FAILURE_TEST] Protocol 5: Parser Failure Safety & Quarantine Protection
  ✔ should raise PARSER_FAILURE and STOP_INGESTION when crawler returns empty data (0.1889ms)
  ✔ should trigger QUARANTINE if course catalog suddenly collapses by > 50% (0.1512ms)
✔ [PARSER_FAILURE_TEST] Protocol 5: Parser Failure Safety & Quarantine Protection (0.4295ms)
▶ [STUDENT_IMPACT_TEST] Protocol 6: Academic Digital Twin & Targeted Personal Alerts
  ✔ should accurately target K26 student for TOEIC 550 while leaving K24 student UNAFFECTED (0.3357ms)
  ✔ should recompute full student digital twin state (0.6611ms)
✔ [STUDENT_IMPACT_TEST] Protocol 6: Academic Digital Twin & Targeted Personal Alerts (1.0605ms)
▶ [REGRESSION_TEST] Protocol 7: Golden Scenario Verification Across Cohorts
  ✔ Golden Scenario 1: K23 student graduating with TOEIC 480 is valid (K23 standard is TOEIC 450) (0.2108ms)
  ✔ Golden Scenario 2: K26 freshman with GPA 0.85 in Sem 1 is SAFE under active QĐ 3116 (threshold 0.80) (0.1763ms)
✔ [REGRESSION_TEST] Protocol 7: Golden Scenario Verification Across Cohorts (0.448ms)
ℹ tests 16
ℹ suites 7
ℹ pass 16
ℹ fail 0
ℹ cancelled 0
ℹ skipped 0
ℹ todo 0
ℹ duration_ms 11.0445
(node:7080) ExperimentalWarning: `--experimental-loader` may be removed in the future; instead use `register()`:
--import 'data:text/javascript,import { register } from "node:module"; import { pathToFileURL } from "node:url"; register("file%3A///D%3A/StudentHub-CodexRuns/FULL_REPAIR_20261001/candidate/frontend/tests/foundation/ts-extension-loader.mjs", pathToFileURL("./"));'
(Use `node --trace-warnings ...` to show where the warning was created)
======================================================================
🚀 STUDENTHUB AI — ACADEMIC LIVE-SYNC PRODUCTION DRILL (HCMUTE)
======================================================================
▶ Drill Protocol 1: Real External Source Retrieval Evidence
  ✔ should perform a real HTTP request to https://hcmute.edu.vn and capture live evidence (993.922ms)
✔ Drill Protocol 1: Real External Source Retrieval Evidence (994.6796ms)
▶ Drill Protocol 2: Controlled Test Mutation & Semantic Diffing
  ✔ should create SNAPSHOT_V2_TEST and detect exact SEMANTIC change without cosmetic confusion (0.755ms)
✔ Drill Protocol 2: Controlled Test Mutation & Semantic Diffing (0.8718ms)
▶ Drill Protocol 3: Rule Dependency DAG & Human Review Gate (Approval & Rejection)
  ✔ should trace affected dependencies and enforce Human Review Gate for candidate rule (0.2652ms)
✔ Drill Protocol 3: Rule Dependency DAG & Human Review Gate (Approval & Rejection) (0.357ms)
▶ Drill Protocol 4: Academic Digital Twin & Cohort Isolation
  ✔ should recompute K26 student to reflect TOEIC 600 while preserving K24 student unaffected (0.3905ms)
✔ Drill Protocol 4: Academic Digital Twin & Cohort Isolation (0.4882ms)
▶ Drill Protocol 5: Golden Scenario Library Regression
  ✔ should verify that historical K23 graduation readiness passes without regression (0.7458ms)
✔ Drill Protocol 5: Golden Scenario Library Regression (0.8806ms)
▶ Drill Protocol 6: Safe Rollback Execution
  ✔ should execute rollback from Candidate V2 to Active V1 seamlessly (0.0887ms)
✔ Drill Protocol 6: Safe Rollback Execution (0.1674ms)
▶ Drill Protocol 7: Source Failure & Quarantine Drill
  ✔ should trigger PARSER_FAILURE on empty body and QUARANTINE on >50% course drop (0.2203ms)
✔ Drill Protocol 7: Source Failure & Quarantine Drill (0.2967ms)
▶ Drill Protocol 8: Stale Source Fallback Drill
  ✔ should serve LAST_VERIFIED_STATE with STALE_SOURCE_WARNING when live endpoint fails (0.1856ms)
✔ Drill Protocol 8: Stale Source Fallback Drill (0.2461ms)
▶ Drill Protocol 9: Duplicate Source Lineage Drill
  ✔ should detect duplicate mirrors of the same document across university and faculty URLs (0.0799ms)
✔ Drill Protocol 9: Duplicate Source Lineage Drill (0.1278ms)
ℹ tests 9
ℹ suites 9
ℹ pass 9
ℹ fail 0
ℹ cancelled 0
ℹ skipped 0
ℹ todo 0
ℹ duration_ms 1002.5852
(node:17804) ExperimentalWarning: `--experimental-loader` may be removed in the future; instead use `register()`:
--import 'data:text/javascript,import { register } from "node:module"; import { pathToFileURL } from "node:url"; register("file%3A///D%3A/StudentHub-CodexRuns/FULL_REPAIR_20261001/candidate/frontend/tests/foundation/ts-extension-loader.mjs", pathToFileURL("./"));'
(Use `node --trace-warnings ...` to show where the warning was created)
✔ V3 Media Manifest Integrity Contract verifies all entries and physical assets (8.1184ms)
ℹ tests 1
ℹ suites 0
ℹ pass 1
ℹ fail 0
ℹ cancelled 0
ℹ skipped 0
ℹ todo 0
ℹ duration_ms 12.1189
(node:20304) ExperimentalWarning: `--experimental-loader` may be removed in the future; instead use `register()`:
--import 'data:text/javascript,import { register } from "node:module"; import { pathToFileURL } from "node:url"; register("file%3A///D%3A/StudentHub-CodexRuns/FULL_REPAIR_20261001/candidate/frontend/tests/foundation/ts-extension-loader.mjs", pathToFileURL("./"));'
(Use `node --trace-warnings ...` to show where the warning was created)
✔ Khai Minh registry covers the canonical visual route set (0.6603ms)
✔ Khai Minh registry serves responsive derivatives within the published size budgets (5.2714ms)
✔ Khai Minh registry provenance matches the generated source inventory (0.7968ms)
✔ original concept art is not exposed through the product public media folder (0.2729ms)
ℹ tests 4
ℹ suites 0
ℹ pass 4
ℹ fail 0
ℹ cancelled 0
ℹ skipped 0
ℹ todo 0
ℹ duration_ms 11.6211
(node:9708) ExperimentalWarning: `--experimental-loader` may be removed in the future; instead use `register()`:
--import 'data:text/javascript,import { register } from "node:module"; import { pathToFileURL } from "node:url"; register("file%3A///D%3A/StudentHub-CodexRuns/FULL_REPAIR_20261001/candidate/frontend/tests/foundation/ts-extension-loader.mjs", pathToFileURL("./"));'
(Use `node --trace-warnings ...` to show where the warning was created)
✔ VNext product surfaces use verified registry media references (2.8524ms)
ℹ tests 1
ℹ suites 0
ℹ pass 1
ℹ fail 0
ℹ cancelled 0
ℹ skipped 0
ℹ todo 0
ℹ duration_ms 6.2315
(node:16508) ExperimentalWarning: `--experimental-loader` may be removed in the future; instead use `register()`:
--import 'data:text/javascript,import { register } from "node:module"; import { pathToFileURL } from "node:url"; register("file%3A///D%3A/StudentHub-CodexRuns/FULL_REPAIR_20261001/candidate/frontend/tests/foundation/ts-extension-loader.mjs", pathToFileURL("./"));'
(Use `node --trace-warnings ...` to show where the warning was created)
✔ bird stays compatibility metadata while route atmosphere remains decorative (2.3111ms)
✔ generated bird ledger provenance is available (0.5591ms)
ℹ tests 2
ℹ suites 0
ℹ pass 2
ℹ fail 0
ℹ cancelled 0
ℹ skipped 0
ℹ todo 0
ℹ duration_ms 6.7555
(node:7096) ExperimentalWarning: `--experimental-loader` may be removed in the future; instead use `register()`:
--import 'data:text/javascript,import { register } from "node:module"; import { pathToFileURL } from "node:url"; register("file%3A///D%3A/StudentHub-CodexRuns/FULL_REPAIR_20261001/candidate/frontend/tests/foundation/ts-extension-loader.mjs", pathToFileURL("./"));'
(Use `node --trace-warnings ...` to show where the warning was created)
✔ Community presentation aggregation is client-safe and keeps server authority isolated (0.5833ms)
✔ Community and Expert live browser lanes avoid server provider and validation bundles (0.1366ms)
ℹ tests 2
ℹ suites 0
ℹ pass 2
ℹ fail 0
ℹ cancelled 0
ℹ skipped 0
ℹ todo 0
ℹ duration_ms 3.6914
(node:34844) ExperimentalWarning: `--experimental-loader` may be removed in the future; instead use `register()`:
--import 'data:text/javascript,import { register } from "node:module"; import { pathToFileURL } from "node:url"; register("file%3A///D%3A/StudentHub-CodexRuns/FULL_REPAIR_20261001/candidate/frontend/tests/foundation/ts-extension-loader.mjs", pathToFileURL("./"));'
(Use `node --trace-warnings ...` to show where the warning was created)
✔ canonical landing composes the V3 evidence world and verified media (1.192ms)
ℹ tests 1
ℹ suites 0
ℹ pass 1
ℹ fail 0
ℹ cancelled 0
ℹ skipped 0
ℹ todo 0
ℹ duration_ms 4.9874
(node:30968) ExperimentalWarning: `--experimental-loader` may be removed in the future; instead use `register()`:
--import 'data:text/javascript,import { register } from "node:module"; import { pathToFileURL } from "node:url"; register("file%3A///D%3A/StudentHub-CodexRuns/FULL_REPAIR_20261001/candidate/frontend/tests/foundation/ts-extension-loader.mjs", pathToFileURL("./"));'
(Use `node --trace-warnings ...` to show where the warning was created)
✔ VNext media is registry-driven, verified-pack-only and poster-first (2.3825ms)
ℹ tests 1
ℹ suites 0
ℹ pass 1
ℹ fail 0
ℹ cancelled 0
ℹ skipped 0
ℹ todo 0
ℹ duration_ms 5.7833
(node:36444) ExperimentalWarning: `--experimental-loader` may be removed in the future; instead use `register()`:
--import 'data:text/javascript,import { register } from "node:module"; import { pathToFileURL } from "node:url"; register("file%3A///D%3A/StudentHub-CodexRuns/FULL_REPAIR_20261001/candidate/frontend/tests/foundation/ts-extension-loader.mjs", pathToFileURL("./"));'
(Use `node --trace-warnings ...` to show where the warning was created)
✔ VNext network lanes remain scoped evidence and Passport remains read-only in the UI (1.4446ms)
ℹ tests 1
ℹ suites 0
ℹ pass 1
ℹ fail 0
ℹ cancelled 0
ℹ skipped 0
ℹ todo 0
ℹ duration_ms 5.316
(node:32864) ExperimentalWarning: `--experimental-loader` may be removed in the future; instead use `register()`:
--import 'data:text/javascript,import { register } from "node:module"; import { pathToFileURL } from "node:url"; register("file%3A///D%3A/StudentHub-CodexRuns/FULL_REPAIR_20261001/candidate/frontend/tests/foundation/ts-extension-loader.mjs", pathToFileURL("./"));'
(Use `node --trace-warnings ...` to show where the warning was created)
✔ VNext primitives expose surface, intent, evidence-state and data-backed context contracts (2.0369ms)
ℹ tests 1
ℹ suites 0
ℹ pass 1
ℹ fail 0
ℹ cancelled 0
ℹ skipped 0
ℹ todo 0
ℹ duration_ms 5.5481
(node:4576) ExperimentalWarning: `--experimental-loader` may be removed in the future; instead use `register()`:
--import 'data:text/javascript,import { register } from "node:module"; import { pathToFileURL } from "node:url"; register("file%3A///D%3A/StudentHub-CodexRuns/FULL_REPAIR_20261001/candidate/frontend/tests/foundation/ts-extension-loader.mjs", pathToFileURL("./"));'
(Use `node --trace-warnings ...` to show where the warning was created)
✔ VNext public navigation does not promote the retired learning product (1.3099ms)
✔ CUT-2 applies each retired learning route's explicit not-found or replacement disposition (0.9643ms)
ℹ tests 2
ℹ suites 0
ℹ pass 2
ℹ fail 0
ℹ cancelled 0
ℹ skipped 0
ℹ todo 0
ℹ duration_ms 5.9499
(node:11656) ExperimentalWarning: `--experimental-loader` may be removed in the future; instead use `register()`:
--import 'data:text/javascript,import { register } from "node:module"; import { pathToFileURL } from "node:url"; register("file%3A///D%3A/StudentHub-CodexRuns/FULL_REPAIR_20261001/candidate/frontend/tests/foundation/ts-extension-loader.mjs", pathToFileURL("./"));'
(Use `node --trace-warnings ...` to show where the warning was created)
✔ VNext shell keeps global layers small and leaves operator realtime UI out of the product shell (2.3615ms)
✔ VNext shell navigation does not prefetch deferred settings code into every route (0.4395ms)
ℹ tests 2
ℹ suites 0
ℹ pass 2
ℹ fail 0
ℹ cancelled 0
ℹ skipped 0
ℹ todo 0
ℹ duration_ms 6.7972
(node:24536) ExperimentalWarning: `--experimental-loader` may be removed in the future; instead use `register()`:
--import 'data:text/javascript,import { register } from "node:module"; import { pathToFileURL } from "node:url"; register("file%3A///D%3A/StudentHub-CodexRuns/FULL_REPAIR_20261001/candidate/frontend/tests/foundation/ts-extension-loader.mjs", pathToFileURL("./"));'
(Use `node --trace-warnings ...` to show where the warning was created)
✔ VNext semantic palette, state tokens and presentation layers are declared (1.1667ms)
ℹ tests 1
ℹ suites 0
ℹ pass 1
ℹ fail 0
ℹ cancelled 0
ℹ skipped 0
ℹ todo 0
ℹ duration_ms 4.5944
(node:28180) ExperimentalWarning: `--experimental-loader` may be removed in the future; instead use `register()`:
--import 'data:text/javascript,import { register } from "node:module"; import { pathToFileURL } from "node:url"; register("file%3A///D%3A/StudentHub-CodexRuns/FULL_REPAIR_20261001/candidate/frontend/tests/foundation/ts-extension-loader.mjs", pathToFileURL("./"));'
(Use `node --trace-warnings ...` to show where the warning was created)
✔ Trust route delegates to the current workspace and keeps evidence limits explicit (3.5023ms)
ℹ tests 1
ℹ suites 0
ℹ pass 1
ℹ fail 0
ℹ cancelled 0
ℹ skipped 0
ℹ todo 0
ℹ duration_ms 6.9707
(node:33480) ExperimentalWarning: `--experimental-loader` may be removed in the future; instead use `register()`:
--import 'data:text/javascript,import { register } from "node:module"; import { pathToFileURL } from "node:url"; register("file%3A///D%3A/StudentHub-CodexRuns/FULL_REPAIR_20261001/candidate/frontend/tests/foundation/ts-extension-loader.mjs", pathToFileURL("./"));'
(Use `node --trace-warnings ...` to show where the warning was created)
✔ VNext typography uses Vietnamese UI, selective editorial and technical families (1.8608ms)
ℹ tests 1
ℹ suites 0
ℹ pass 1
ℹ fail 0
ℹ cancelled 0
ℹ skipped 0
ℹ todo 0
ℹ duration_ms 5.795

[QUALITY_GATE] PASS: 390/396 discovered test files
[QUALITY_GATE] BLOCKED_BY_EXTERNAL_GATE: 6 test files
