[QUALITY_GATE] TEST_SCOPE_COUNTS (discovered): ACTIVE_PRODUCT_TEST=280 SHARED_INFRASTRUCTURE_TEST=79 REMOVED_FEATURE_TEST=64 UNKNOWN=40
[QUALITY_GATE] SKIPPED_REMOVED_FEATURE_TEST: academic/academic_action_intent.test.mjs feature=dashboard reason=Validates academic command actions used only by the removed personal command center.
[QUALITY_GATE] SKIPPED_REMOVED_FEATURE_TEST: academic/academic_ai_failure_fallback.test.mjs feature=dashboard reason=Validates timetable-image import fallback for the removed academic workspace.
[QUALITY_GATE] SKIPPED_REMOVED_FEATURE_TEST: academic/academic_command_center_ui.test.mjs feature=dashboard reason=Validates the removed Dashboard command-center view model.
[QUALITY_GATE] SKIPPED_REMOVED_FEATURE_TEST: academic/academic_course_records.test.mjs feature=learning reason=Validates course records and course completion for the removed Learning product.
[QUALITY_GATE] SKIPPED_REMOVED_FEATURE_TEST: academic/academic_deadline_engine.test.mjs feature=dashboard reason=Validates personal academic deadline cards and reminders owned by the removed dashboard.
[QUALITY_GATE] SKIPPED_REMOVED_FEATURE_TEST: academic/academic_decision_e2e.test.mjs feature=dashboard reason=Exercises the academic decision studio workflow owned by the removed dashboard.
[QUALITY_GATE] SKIPPED_REMOVED_FEATURE_TEST: academic/academic_decision_mutation.test.mjs feature=dashboard reason=Validates mutations for the removed academic decision workflow.
[QUALITY_GATE] SKIPPED_REMOVED_FEATURE_TEST: academic/academic_decision_staleness.test.mjs feature=dashboard reason=Validates stale-state behavior for the removed academic decision workflow.
[QUALITY_GATE] SKIPPED_REMOVED_FEATURE_TEST: academic/academic_decision_studio.test.mjs feature=dashboard reason=Validates the removed academic decision studio model.
[QUALITY_GATE] SKIPPED_REMOVED_FEATURE_TEST: academic/academic_execution_e2e.test.mjs feature=dashboard reason=Exercises the personal academic execution center removed with Dashboard.
[QUALITY_GATE] SKIPPED_REMOVED_FEATURE_TEST: academic/academic_execution_mutation.test.mjs feature=dashboard reason=Validates mutations for the removed academic execution center.
[QUALITY_GATE] SKIPPED_REMOVED_FEATURE_TEST: academic/academic_execution_reconciliation.test.mjs feature=dashboard reason=Validates reconciliation for the removed academic execution center.
[QUALITY_GATE] SKIPPED_REMOVED_FEATURE_TEST: academic/academic_execution_staleness.test.mjs feature=dashboard reason=Validates stale-state behavior for the removed academic execution center.
[QUALITY_GATE] SKIPPED_REMOVED_FEATURE_TEST: academic/academic_execution_ui.test.mjs feature=dashboard reason=Validates the removed academic execution-center UI model.
[QUALITY_GATE] SKIPPED_REMOVED_FEATURE_TEST: academic/academic_milestone_model.test.mjs feature=dashboard reason=Validates personal academic progression milestones removed with the dashboard and gamified progress scope.
[QUALITY_GATE] SKIPPED_REMOVED_FEATURE_TEST: academic/academic_notification_completion_stop.test.mjs feature=dashboard reason=Validates stopping academic reminder jobs for the removed personal workspace.
[QUALITY_GATE] SKIPPED_REMOVED_FEATURE_TEST: academic/academic_notification_deduplication.test.mjs feature=dashboard reason=Validates academic reminder deduplication for the removed personal workspace.
[QUALITY_GATE] SKIPPED_REMOVED_FEATURE_TEST: academic/academic_notification_e2e.test.mjs feature=dashboard reason=Exercises academic notification workflows owned by the removed dashboard.
[QUALITY_GATE] SKIPPED_REMOVED_FEATURE_TEST: academic/academic_notification_policy.test.mjs feature=dashboard reason=Validates academic reminder policy for the removed personal workspace.
[QUALITY_GATE] SKIPPED_REMOVED_FEATURE_TEST: academic/academic_notification_reconciliation.test.mjs feature=dashboard reason=Validates academic reminder reconciliation for the removed personal workspace.
[QUALITY_GATE] SKIPPED_REMOVED_FEATURE_TEST: academic/academic_notification_scheduler.test.mjs feature=dashboard reason=Validates scheduling for academic reminders owned by the removed dashboard.
[QUALITY_GATE] SKIPPED_REMOVED_FEATURE_TEST: academic/academic_notification_state_machine.test.mjs feature=dashboard reason=Validates the academic reminder state machine for the removed dashboard.
[QUALITY_GATE] SKIPPED_REMOVED_FEATURE_TEST: academic/academic_notification_store.test.mjs feature=dashboard reason=Validates storage for academic reminders owned by the removed dashboard.
[QUALITY_GATE] SKIPPED_REMOVED_FEATURE_TEST: academic/academic_plan_adoption.test.mjs feature=dashboard reason=Validates adoption of personal academic plans in the removed dashboard.
[QUALITY_GATE] SKIPPED_REMOVED_FEATURE_TEST: academic/academic_plan_comparison.test.mjs feature=dashboard reason=Validates academic plan comparison in the removed dashboard.
[QUALITY_GATE] SKIPPED_REMOVED_FEATURE_TEST: academic/academic_plan_drift.test.mjs feature=dashboard reason=Validates plan-drift behavior for the removed dashboard.
[QUALITY_GATE] SKIPPED_REMOVED_FEATURE_TEST: academic/academic_planner_constraints.test.mjs feature=dashboard reason=Validates personal planner constraints for the removed dashboard.
[QUALITY_GATE] SKIPPED_REMOVED_FEATURE_TEST: academic/academic_planner_e2e.test.mjs feature=dashboard reason=Exercises the removed personal academic planner.
[QUALITY_GATE] SKIPPED_REMOVED_FEATURE_TEST: academic/academic_planner_mutation.test.mjs feature=dashboard reason=Validates mutations for the removed personal academic planner.
[QUALITY_GATE] SKIPPED_REMOVED_FEATURE_TEST: academic/academic_planner_ranking.test.mjs feature=dashboard reason=Validates ranking of personal academic plans in the removed dashboard.
[QUALITY_GATE] SKIPPED_REMOVED_FEATURE_TEST: academic/academic_planner_staleness.test.mjs feature=dashboard reason=Validates stale-state behavior for the removed personal academic planner.
[QUALITY_GATE] SKIPPED_REMOVED_FEATURE_TEST: academic/academic_prerequisite_engine.test.mjs feature=learning reason=Validates course prerequisites and learning progression with no active v4 route.
[QUALITY_GATE] SKIPPED_REMOVED_FEATURE_TEST: academic/academic_roadmap_curriculum.test.mjs feature=learning reason=Validates the removed Learning roadmap curriculum.
[QUALITY_GATE] SKIPPED_REMOVED_FEATURE_TEST: academic/academic_roadmap_e2e.test.mjs feature=learning reason=Exercises the removed Learning roadmap workflow.
[QUALITY_GATE] SKIPPED_REMOVED_FEATURE_TEST: academic/academic_roadmap_generation.test.mjs feature=learning reason=Validates generation of the removed Learning roadmap.
[QUALITY_GATE] SKIPPED_REMOVED_FEATURE_TEST: academic/academic_roadmap_mutation.test.mjs feature=learning reason=Validates mutations for the removed Learning roadmap.
[QUALITY_GATE] SKIPPED_REMOVED_FEATURE_TEST: academic/academic_roadmap_twin_change.test.mjs feature=learning reason=Validates Learning roadmap changes when its student twin changes.
[QUALITY_GATE] SKIPPED_REMOVED_FEATURE_TEST: academic/academic_roadmap_versioning.test.mjs feature=learning reason=Validates versioning for the removed Learning roadmap.
[QUALITY_GATE] SKIPPED_REMOVED_FEATURE_TEST: academic/academic_roadmap_workflow_link.test.mjs feature=learning reason=Validates workflow links owned only by the removed Learning roadmap.
[QUALITY_GATE] SKIPPED_REMOVED_FEATURE_TEST: academic/academic_semester_planner.test.mjs feature=learning reason=Validates the removed Learning semester planner.
[QUALITY_GATE] SKIPPED_REMOVED_FEATURE_TEST: academic/academic_simulation_e2e.test.mjs feature=learning reason=Exercises academic plan simulation owned by the removed Learning planner.
[QUALITY_GATE] SKIPPED_REMOVED_FEATURE_TEST: academic/academic_simulation_engine.test.mjs feature=learning reason=Validates the academic plan simulation engine for the removed Learning product.
[QUALITY_GATE] SKIPPED_REMOVED_FEATURE_TEST: academic/academic_simulation_mutation.test.mjs feature=learning reason=Validates mutations for the removed Learning plan simulator.
[QUALITY_GATE] SKIPPED_REMOVED_FEATURE_TEST: academic/academic_simulation_property.test.mjs feature=learning reason=Validates properties of the removed Learning plan simulator.
[QUALITY_GATE] SKIPPED_REMOVED_FEATURE_TEST: academic/academic_simulation_revision.test.mjs feature=learning reason=Validates revisions for the removed Learning plan simulator.
[QUALITY_GATE] SKIPPED_REMOVED_FEATURE_TEST: academic/academic_simulation_side_effects.test.mjs feature=learning reason=Validates side effects for the removed Learning plan simulator.
[QUALITY_GATE] SKIPPED_REMOVED_FEATURE_TEST: academic/academic_source_deadline_reminder.test.mjs feature=dashboard reason=Validates personal academic deadline reminders with no active v4 consumer.
[QUALITY_GATE] SKIPPED_REMOVED_FEATURE_TEST: academic/academic_source_watcher.test.mjs feature=dashboard reason=Validates academic deadline-source watching for the removed dashboard.
[QUALITY_GATE] SKIPPED_REMOVED_FEATURE_TEST: academic/academic_student_impact.test.mjs feature=dashboard reason=Validates personal impact summaries rendered by the removed dashboard.
[QUALITY_GATE] SKIPPED_REMOVED_FEATURE_TEST: academic/academic_task_model.test.mjs feature=dashboard reason=Validates personal academic tasks owned by the removed dashboard.
[QUALITY_GATE] SKIPPED_REMOVED_FEATURE_TEST: academic/academic_timetable_ai_import.test.mjs feature=dashboard reason=Validates AI timetable import for the removed personal academic workspace.
[QUALITY_GATE] SKIPPED_REMOVED_FEATURE_TEST: academic/academic_timetable_confirm.test.mjs feature=dashboard reason=Validates timetable confirmation for the removed personal academic workspace.
[QUALITY_GATE] SKIPPED_REMOVED_FEATURE_TEST: academic/academic_timetable_contract.test.mjs feature=dashboard reason=Validates the timetable UI/domain contract owned by the removed personal workspace.
[QUALITY_GATE] SKIPPED_REMOVED_FEATURE_TEST: academic/academic_timetable_idempotency.test.mjs feature=dashboard reason=Validates idempotency for the removed personal timetable workflow.
[QUALITY_GATE] SKIPPED_REMOVED_FEATURE_TEST: academic/academic_timetable_manual.test.mjs feature=dashboard reason=Validates manual timetable editing for the removed personal workspace.
[QUALITY_GATE] SKIPPED_REMOVED_FEATURE_TEST: academic/academic_timetable_realtime.test.mjs feature=dashboard reason=Validates academic timetable realtime behavior whose global channel was removed.
[QUALITY_GATE] SKIPPED_REMOVED_FEATURE_TEST: academic/academic_tradeoff_engine.test.mjs feature=dashboard reason=Validates academic plan tradeoffs in the removed personal workspace.
[QUALITY_GATE] SKIPPED_REMOVED_FEATURE_TEST: academic/academic_twin_workflow_reconciliation.test.mjs feature=dashboard reason=Validates academic digital-twin workflow reconciliation used only by the removed dashboard.
[QUALITY_GATE] SKIPPED_REMOVED_FEATURE_TEST: academic/academic_workflow_concurrency.test.mjs feature=dashboard reason=Validates concurrency for the removed academic workflow product.
[QUALITY_GATE] SKIPPED_REMOVED_FEATURE_TEST: academic/academic_workflow_e2e.test.mjs feature=dashboard reason=Exercises the removed personal academic workflow product.
[QUALITY_GATE] SKIPPED_REMOVED_FEATURE_TEST: academic/academic_workflow_persistence.test.mjs feature=dashboard reason=Validates persistence for the removed academic workflow product.
[QUALITY_GATE] SKIPPED_REMOVED_FEATURE_TEST: academic/academic_workflow_reconciliation.test.mjs feature=dashboard reason=Validates reconciliation for the removed academic workflow product.
[QUALITY_GATE] SKIPPED_REMOVED_FEATURE_TEST: academic/academic_workflow_restart.test.mjs feature=dashboard reason=Validates restart behavior for the removed academic workflow product.
[QUALITY_GATE] SKIPPED_REMOVED_FEATURE_TEST: academic/academic_workflow_state.test.mjs feature=dashboard reason=Validates state transitions for the removed academic workflow product.
[QUALITY_GATE] REMOVED_FEATURE_TESTS_SKIPPED=64
(node:24456) ExperimentalWarning: `--experimental-loader` may be removed in the future; instead use `register()`:
--import 'data:text/javascript,import { register } from "node:module"; import { pathToFileURL } from "node:url"; register("file%3A///D%3A/StudentHub-CodexRuns/FULL_REPAIR_20261001/candidate/frontend/tests/foundation/ts-extension-loader.mjs", pathToFileURL("./"));'
(Use `node --trace-warnings ...` to show where the warning was created)
▶ Academic Certificate Records & Verification V1
  ✔ should record verified foreign language credentials and reject unverified claims (1.324ms)
✔ Academic Certificate Records & Verification V1 (1.8882ms)
ℹ tests 1
ℹ suites 1
ℹ pass 1
ℹ fail 0
ℹ cancelled 0
ℹ skipped 0
ℹ todo 0
ℹ duration_ms 5.585
(node:31600) ExperimentalWarning: `--experimental-loader` may be removed in the future; instead use `register()`:
--import 'data:text/javascript,import { register } from "node:module"; import { pathToFileURL } from "node:url"; register("file%3A///D%3A/StudentHub-CodexRuns/FULL_REPAIR_20261001/candidate/frontend/tests/foundation/ts-extension-loader.mjs", pathToFileURL("./"));'
(Use `node --trace-warnings ...` to show where the warning was created)
▶ Academic Clock & Asia/Ho_Chi_Minh Timezone Engine V1
  ✔ should enforce Vietnam timezone constants (0.4389ms)
  ✔ should create deterministic mock clocks for testing (0.7178ms)
  ✔ should parse various date formats into end-of-day Vietnam time (23:59:59.999 UTC+7) (0.3096ms)
  ✔ should compute accurate calendar day differences in UTC+7 (0.1827ms)
✔ Academic Clock & Asia/Ho_Chi_Minh Timezone Engine V1 (2.3464ms)
ℹ tests 4
ℹ suites 1
ℹ pass 4
ℹ fail 0
ℹ cancelled 0
ℹ skipped 0
ℹ todo 0
ℹ duration_ms 6.1428
(node:2936) ExperimentalWarning: `--experimental-loader` may be removed in the future; instead use `register()`:
--import 'data:text/javascript,import { register } from "node:module"; import { pathToFileURL } from "node:url"; register("file%3A///D%3A/StudentHub-CodexRuns/FULL_REPAIR_20261001/candidate/frontend/tests/foundation/ts-extension-loader.mjs", pathToFileURL("./"));'
(Use `node --trace-warnings ...` to show where the warning was created)
▶ AcademicDecisionAuthorization
  ✔ should throw error if studentId is missing or empty (0.799ms)
  ✔ should isolate comparison results strictly by studentId (5.8358ms)
✔ AcademicDecisionAuthorization (7.2893ms)
ℹ tests 2
ℹ suites 1
ℹ pass 2
ℹ fail 0
ℹ cancelled 0
ℹ skipped 0
ℹ todo 0
ℹ duration_ms 10.7213
(node:36044) ExperimentalWarning: `--experimental-loader` may be removed in the future; instead use `register()`:
--import 'data:text/javascript,import { register } from "node:module"; import { pathToFileURL } from "node:url"; register("file%3A///D%3A/StudentHub-CodexRuns/FULL_REPAIR_20261001/candidate/frontend/tests/foundation/ts-extension-loader.mjs", pathToFileURL("./"));'
(Use `node --trace-warnings ...` to show where the warning was created)
▶ ▶ [DIGITAL-TWIN-1] Model Invariants & Consistency Validation
  ✔ DT1.1: creates valid normalized Student Digital Twin (1.6375ms)
  ✔ DT1.2: rejects invalid CGPA outside [0.0, 4.0] (0.3558ms)
  ✔ DT1.3: rejects impossible cohort numbers (0.1357ms)
✔ ▶ [DIGITAL-TWIN-1] Model Invariants & Consistency Validation (3.0046ms)
▶ ▶ [DIGITAL-TWIN-2] Durable Store & Student Boundary Isolation
  ✔ DT2.1: saves and retrieves distinct twins for distinct students (5.077ms)
  ✔ DT2.2: rehydrates twins from durable storage across restarts (7.4194ms)
  ✔ DT2.3: rejects stale twin revision overwrite (0.1784ms)
✔ ▶ [DIGITAL-TWIN-2] Durable Store & Student Boundary Isolation (14.1411ms)
ℹ tests 8
ℹ suites 0
ℹ pass 8
ℹ fail 0
ℹ cancelled 0
ℹ skipped 0
ℹ todo 0
ℹ duration_ms 22.9543
(node:29256) ExperimentalWarning: `--experimental-loader` may be removed in the future; instead use `register()`:
--import 'data:text/javascript,import { register } from "node:module"; import { pathToFileURL } from "node:url"; register("file%3A///D%3A/StudentHub-CodexRuns/FULL_REPAIR_20261001/candidate/frontend/tests/foundation/ts-extension-loader.mjs", pathToFileURL("./"));'
(Use `node --trace-warnings ...` to show where the warning was created)
▶ ▶ [ELIGIBILITY-1] Typed Requirement Evaluation & Explainability
  ✔ EE1.1: evaluates fully satisfied profile as ELIGIBLE (0.6978ms)
  ✔ EE1.2: evaluates student with TOEIC 480/550 as PARTIALLY_ELIGIBLE with clear explanation (0.1406ms)
  ✔ EE1.3: evaluates missing prerequisite courses accurately (0.178ms)
  ✔ EE1.4: handles null digital twin fail-closed with INSUFFICIENT_DATA (0.0882ms)
✔ ▶ [ELIGIBILITY-1] Typed Requirement Evaluation & Explainability (2.7712ms)
ℹ tests 5
ℹ suites 0
ℹ pass 5
ℹ fail 0
ℹ cancelled 0
ℹ skipped 0
ℹ todo 0
ℹ duration_ms 6.4894
(node:16740) ExperimentalWarning: `--experimental-loader` may be removed in the future; instead use `register()`:
--import 'data:text/javascript,import { register } from "node:module"; import { pathToFileURL } from "node:url"; register("file%3A///D%3A/StudentHub-CodexRuns/FULL_REPAIR_20261001/candidate/frontend/tests/foundation/ts-extension-loader.mjs", pathToFileURL("./"));'
(Use `node --trace-warnings ...` to show where the warning was created)
▶ AcademicExecutionAuthorization
  ✔ should throw error if studentId is missing or empty (1.1023ms)
  ✔ should enforce strict multi-student isolation in ExecutionStore (1.1721ms)
✔ AcademicExecutionAuthorization (2.9944ms)
ℹ tests 2
ℹ suites 1
ℹ pass 2
ℹ fail 0
ℹ cancelled 0
ℹ skipped 0
ℹ todo 0
ℹ duration_ms 7.792
(node:6368) ExperimentalWarning: `--experimental-loader` may be removed in the future; instead use `register()`:
--import 'data:text/javascript,import { register } from "node:module"; import { pathToFileURL } from "node:url"; register("file%3A///D%3A/StudentHub-CodexRuns/FULL_REPAIR_20261001/candidate/frontend/tests/foundation/ts-extension-loader.mjs", pathToFileURL("./"));'
(Use `node --trace-warnings ...` to show where the warning was created)
▶ AcademicExecutionCenter
  ✔ should return unstarted execution state if no plan has been adopted (1.6227ms)
  ✔ should evaluate adopted plan and construct plan-vs-actual matrix (7.7991ms)
✔ AcademicExecutionCenter (10.1117ms)
ℹ tests 2
ℹ suites 1
ℹ pass 2
ℹ fail 0
ℹ cancelled 0
ℹ skipped 0
ℹ todo 0
ℹ duration_ms 14.099
(node:8620) ExperimentalWarning: `--experimental-loader` may be removed in the future; instead use `register()`:
--import 'data:text/javascript,import { register } from "node:module"; import { pathToFileURL } from "node:url"; register("file%3A///D%3A/StudentHub-CodexRuns/FULL_REPAIR_20261001/candidate/frontend/tests/foundation/ts-extension-loader.mjs", pathToFileURL("./"));'
(Use `node --trace-warnings ...` to show where the warning was created)
▶ ▶ [ACADEMIC-E2E-1] Full Lifecycle Scenario: Source -> Snapshot -> Diff -> Rule -> Impact -> Timeline/Notification
  ✔ Step 1-5: Initial Sync stores Snapshot V1 (8.6013ms)
  ✔ Step 6-7: Re-syncing same content returns UNCHANGED (0.2386ms)
  ✔ Step 8-15: Modified V2 produces Snapshot V2, Semantic Diff, Rules, and Student Trajectory (3.1778ms)
✔ ▶ [ACADEMIC-E2E-1] Full Lifecycle Scenario: Source -> Snapshot -> Diff -> Rule -> Impact -> Timeline/Notification (12.9246ms)
ℹ tests 4
ℹ suites 0
ℹ pass 4
ℹ fail 0
ℹ cancelled 0
ℹ skipped 0
ℹ todo 0
ℹ duration_ms 16.1174
(node:32860) ExperimentalWarning: `--experimental-loader` may be removed in the future; instead use `register()`:
--import 'data:text/javascript,import { register } from "node:module"; import { pathToFileURL } from "node:url"; register("file%3A///D%3A/StudentHub-CodexRuns/FULL_REPAIR_20261001/candidate/frontend/tests/foundation/ts-extension-loader.mjs", pathToFileURL("./"));'
(Use `node --trace-warnings ...` to show where the warning was created)
▶ Academic Notification Authorization & Privacy V1
  ✔ should allow owner to access notification (0.5178ms)
  ✔ should block non-owner from accessing another student's notification (0.2753ms)
  ✔ should sanitize privacy-sensitive keywords (password, OTP, STK) before delivery (0.3311ms)
✔ Academic Notification Authorization & Privacy V1 (1.7794ms)
ℹ tests 3
ℹ suites 1
ℹ pass 3
ℹ fail 0
ℹ cancelled 0
ℹ skipped 0
ℹ todo 0
ℹ duration_ms 7.48
(node:8100) ExperimentalWarning: `--experimental-loader` may be removed in the future; instead use `register()`:
--import 'data:text/javascript,import { register } from "node:module"; import { pathToFileURL } from "node:url"; register("file%3A///D%3A/StudentHub-CodexRuns/FULL_REPAIR_20261001/candidate/frontend/tests/foundation/ts-extension-loader.mjs", pathToFileURL("./"));'
(Use `node --trace-warnings ...` to show where the warning was created)
▶ AcademicPlannerAuthorization
  ✔ should throw error if studentId is missing or empty (0.7963ms)
  ✔ should isolate student plans by studentId (4.601ms)
✔ AcademicPlannerAuthorization (6.0237ms)
ℹ tests 2
ℹ suites 1
ℹ pass 2
ℹ fail 0
ℹ cancelled 0
ℹ skipped 0
ℹ todo 0
ℹ duration_ms 10.0911
(node:36188) ExperimentalWarning: `--experimental-loader` may be removed in the future; instead use `register()`:
--import 'data:text/javascript,import { register } from "node:module"; import { pathToFileURL } from "node:url"; register("file%3A///D%3A/StudentHub-CodexRuns/FULL_REPAIR_20261001/candidate/frontend/tests/foundation/ts-extension-loader.mjs", pathToFileURL("./"));'
(Use `node --trace-warnings ...` to show where the warning was created)
▶ Academic Profile Conflict Detection & Precedence Resolution V1
  ✔ should resolve conflict in favor of higher precedence source when student claims differ from portal (1.3852ms)
  ✔ should mark conflict as REQUIRES_REVIEW if two sources have equal authority (0.1264ms)
✔ Academic Profile Conflict Detection & Precedence Resolution V1 (2.3679ms)
ℹ tests 2
ℹ suites 1
ℹ pass 2
ℹ fail 0
ℹ cancelled 0
ℹ skipped 0
ℹ todo 0
ℹ duration_ms 6.7006
(node:12616) ExperimentalWarning: `--experimental-loader` may be removed in the future; instead use `register()`:
--import 'data:text/javascript,import { register } from "node:module"; import { pathToFileURL } from "node:url"; register("file%3A///D%3A/StudentHub-CodexRuns/FULL_REPAIR_20261001/candidate/frontend/tests/foundation/ts-extension-loader.mjs", pathToFileURL("./"));'
(Use `node --trace-warnings ...` to show where the warning was created)
▶ Academic Profile Freshness & Stale Detection V1
  ✔ should evaluate section-level freshness dynamically against mock clock (1.7025ms)
✔ Academic Profile Freshness & Stale Detection V1 (2.2421ms)
ℹ tests 1
ℹ suites 1
ℹ pass 1
ℹ fail 0
ℹ cancelled 0
ℹ skipped 0
ℹ todo 0
ℹ duration_ms 5.5144
(node:4036) ExperimentalWarning: `--experimental-loader` may be removed in the future; instead use `register()`:
--import 'data:text/javascript,import { register } from "node:module"; import { pathToFileURL } from "node:url"; register("file%3A///D%3A/StudentHub-CodexRuns/FULL_REPAIR_20261001/candidate/frontend/tests/foundation/ts-extension-loader.mjs", pathToFileURL("./"));'
(Use `node --trace-warnings ...` to show where the warning was created)
▶ Academic Profile Versioning & Optimistic Concurrency V1
  ✔ should increment revision on semantic update and reject stale revision overwrite (4.5847ms)
✔ Academic Profile Versioning & Optimistic Concurrency V1 (5.1362ms)
ℹ tests 1
ℹ suites 1
ℹ pass 1
ℹ fail 0
ℹ cancelled 0
ℹ skipped 0
ℹ todo 0
ℹ duration_ms 9.7835
(node:36444) ExperimentalWarning: `--experimental-loader` may be removed in the future; instead use `register()`:
--import 'data:text/javascript,import { register } from "node:module"; import { pathToFileURL } from "node:url"; register("file%3A///D%3A/StudentHub-CodexRuns/FULL_REPAIR_20261001/candidate/frontend/tests/foundation/ts-extension-loader.mjs", pathToFileURL("./"));'
(Use `node --trace-warnings ...` to show where the warning was created)
▶ Academic Profile 360 Full E2E & Restart Recovery Loop V1
  ✔ should execute full golden loop and preserve complete state across simulated restart (46.3593ms)
✔ Academic Profile 360 Full E2E & Restart Recovery Loop V1 (47.1923ms)
ℹ tests 1
ℹ suites 1
ℹ pass 1
ℹ fail 0
ℹ cancelled 0
ℹ skipped 0
ℹ todo 0
ℹ duration_ms 52.3523
(node:12276) ExperimentalWarning: `--experimental-loader` may be removed in the future; instead use `register()`:
--import 'data:text/javascript,import { register } from "node:module"; import { pathToFileURL } from "node:url"; register("file%3A///D%3A/StudentHub-CodexRuns/FULL_REPAIR_20261001/candidate/frontend/tests/foundation/ts-extension-loader.mjs", pathToFileURL("./"));'
(Use `node --trace-warnings ...` to show where the warning was created)
▶ Academic Records Model V1
  ✔ should accurately convert 10-scale grade to 4-scale and letter grade (1.424ms)
  ✔ should aggregate credits and calculate CGPA correctly from verified course list (1.5297ms)
✔ Academic Records Model V1 (3.9869ms)
ℹ tests 2
ℹ suites 1
ℹ pass 2
ℹ fail 0
ℹ cancelled 0
ℹ skipped 0
ℹ todo 0
ℹ duration_ms 10.2997
(node:26952) ExperimentalWarning: `--experimental-loader` may be removed in the future; instead use `register()`:
--import 'data:text/javascript,import { register } from "node:module"; import { pathToFileURL } from "node:url"; register("file%3A///D%3A/StudentHub-CodexRuns/FULL_REPAIR_20261001/candidate/frontend/tests/foundation/ts-extension-loader.mjs", pathToFileURL("./"));'
(Use `node --trace-warnings ...` to show where the warning was created)
▶ Academic Records Durable Store V1
  ✔ should persist and rehydrate academic records across simulated restart (14.2035ms)
  ✔ should prevent stale writes via optimistic revision checks (2.2144ms)
✔ Academic Records Durable Store V1 (17.4309ms)
ℹ tests 2
ℹ suites 1
ℹ pass 2
ℹ fail 0
ℹ cancelled 0
ℹ skipped 0
ℹ todo 0
ℹ duration_ms 23.413
(node:22760) ExperimentalWarning: `--experimental-loader` may be removed in the future; instead use `register()`:
--import 'data:text/javascript,import { register } from "node:module"; import { pathToFileURL } from "node:url"; register("file%3A///D%3A/StudentHub-CodexRuns/FULL_REPAIR_20261001/candidate/frontend/tests/foundation/ts-extension-loader.mjs", pathToFileURL("./"));'
(Use `node --trace-warnings ...` to show where the warning was created)
▶ Roadmap Authorization
  ✔ should generate roadmap bound to specific studentId (3.3882ms)
  ✔ should NOT produce roadmap for mismatched studentId (0.5356ms)
  ✔ should throw for empty studentId (0.5289ms)
✔ Roadmap Authorization (5.5124ms)
ℹ tests 3
ℹ suites 1
ℹ pass 3
ℹ fail 0
ℹ cancelled 0
ℹ skipped 0
ℹ todo 0
ℹ duration_ms 11.8427
(node:24948) ExperimentalWarning: `--experimental-loader` may be removed in the future; instead use `register()`:
--import 'data:text/javascript,import { register } from "node:module"; import { pathToFileURL } from "node:url"; register("file%3A///D%3A/StudentHub-CodexRuns/FULL_REPAIR_20261001/candidate/frontend/tests/foundation/ts-extension-loader.mjs", pathToFileURL("./"));'
(Use `node --trace-warnings ...` to show where the warning was created)
▶ ▶ [ACADEMIC-DIFF-1] Cosmetic Noise vs Semantic Diff
  ✔ D1.1: HTML tag and whitespace changes are classified as COSMETIC (1.0244ms)
  ✔ D1.2: Deadline shift is accurately classified as DEADLINE_CHANGE (0.9603ms)
  ✔ D1.3: Tuition fee amount adjustment is classified as FEE_CHANGE (0.3167ms)
✔ ▶ [ACADEMIC-DIFF-1] Cosmetic Noise vs Semantic Diff (3.3625ms)
▶ ▶ [ACADEMIC-RULE-2] Academic Rule Extraction Engine
  ✔ R2.1: Extracts English exit standard rule with target cohorts and scores (3.7286ms)
  ✔ R2.2: Untrusted source extracting rules yields PENDING_REVIEW (0.7062ms)
✔ ▶ [ACADEMIC-RULE-2] Academic Rule Extraction Engine (5.6373ms)
ℹ tests 7
ℹ suites 0
ℹ pass 7
ℹ fail 0
ℹ cancelled 0
ℹ skipped 0
ℹ todo 0
ℹ duration_ms 12.5784
(node:32692) ExperimentalWarning: `--experimental-loader` may be removed in the future; instead use `register()`:
--import 'data:text/javascript,import { register } from "node:module"; import { pathToFileURL } from "node:url"; register("file%3A///D%3A/StudentHub-CodexRuns/FULL_REPAIR_20261001/candidate/frontend/tests/foundation/ts-extension-loader.mjs", pathToFileURL("./"));'
(Use `node --trace-warnings ...` to show where the warning was created)
▶ Academic Simulation Authorization & Ownership
  ✔ should throw when studentId is empty or missing (0.7236ms)
  ✔ should bind simulation output strictly to the provided studentId (3.4684ms)
✔ Academic Simulation Authorization & Ownership (4.8109ms)
ℹ tests 2
ℹ suites 1
ℹ pass 2
ℹ fail 0
ℹ cancelled 0
ℹ skipped 0
ℹ todo 0
ℹ duration_ms 8.4147
(node:30768) ExperimentalWarning: `--experimental-loader` may be removed in the future; instead use `register()`:
--import 'data:text/javascript,import { register } from "node:module"; import { pathToFileURL } from "node:url"; register("file%3A///D%3A/StudentHub-CodexRuns/FULL_REPAIR_20261001/candidate/frontend/tests/foundation/ts-extension-loader.mjs", pathToFileURL("./"));'
(Use `node --trace-warnings ...` to show where the warning was created)
✔ privacy boundary rejects non-canonical owners and does not retain import bytes (1.2912ms)
ℹ tests 1
ℹ suites 0
ℹ pass 1
ℹ fail 0
ℹ cancelled 0
ℹ skipped 0
ℹ todo 0
ℹ duration_ms 4.5189
(node:22976) ExperimentalWarning: `--experimental-loader` may be removed in the future; instead use `register()`:
--import 'data:text/javascript,import { register } from "node:module"; import { pathToFileURL } from "node:url"; register("file%3A///D%3A/StudentHub-CodexRuns/FULL_REPAIR_20261001/candidate/frontend/tests/foundation/ts-extension-loader.mjs", pathToFileURL("./"));'
(Use `node --trace-warnings ...` to show where the warning was created)
✔ timetable migration is owner-only and does not modify the realtime schema (0.6834ms)
ℹ tests 1
ℹ suites 0
ℹ pass 1
ℹ fail 0
ℹ cancelled 0
ℹ skipped 0
ℹ todo 0
ℹ duration_ms 4.9741
(node:15452) ExperimentalWarning: `--experimental-loader` may be removed in the future; instead use `register()`:
--import 'data:text/javascript,import { register } from "node:module"; import { pathToFileURL } from "node:url"; register("file%3A///D%3A/StudentHub-CodexRuns/FULL_REPAIR_20261001/candidate/frontend/tests/foundation/ts-extension-loader.mjs", pathToFileURL("./"));'
(Use `node --trace-warnings ...` to show where the warning was created)
▶ ▶ [AUTHORIZATION-1] Student Task Privacy & Ownership Guard
  ✔ AUTH1.1: permits task owner to access task (0.4975ms)
  ✔ AUTH1.2: strictly blocks unauthorized students from accessing or mutating tasks (0.2709ms)
✔ ▶ [AUTHORIZATION-1] Student Task Privacy & Ownership Guard (1.4656ms)
▶ ▶ [AUTHORIZATION-2] Step Dependency Validation
  ✔ AUTH2.1: rejects completing step 2 when step 1 is incomplete (0.1552ms)
  ✔ AUTH2.2: permits completing step 2 once step 1 is COMPLETED (0.1129ms)
✔ ▶ [AUTHORIZATION-2] Step Dependency Validation (0.5214ms)
ℹ tests 6
ℹ suites 0
ℹ pass 6
ℹ fail 0
ℹ cancelled 0
ℹ skipped 0
ℹ todo 0
ℹ duration_ms 6.0487
(node:17032) ExperimentalWarning: `--experimental-loader` may be removed in the future; instead use `register()`:
--import 'data:text/javascript,import { register } from "node:module"; import { pathToFileURL } from "node:url"; register("file%3A///D%3A/StudentHub-CodexRuns/FULL_REPAIR_20261001/candidate/frontend/tests/foundation/ts-extension-loader.mjs", pathToFileURL("./"));'
(Use `node --trace-warnings ...` to show where the warning was created)
▶ Digital Twin Profile 360 Integration & Revision Pinning V1
  ✔ should project Profile 360 into Digital Twin with version pinning (evaluatedAgainstProfileRevision) (6.1934ms)
✔ Digital Twin Profile 360 Integration & Revision Pinning V1 (6.7714ms)
ℹ tests 1
ℹ suites 1
ℹ pass 1
ℹ fail 0
ℹ cancelled 0
ℹ skipped 0
ℹ todo 0
ℹ duration_ms 10.8389
(node:35684) ExperimentalWarning: `--experimental-loader` may be removed in the future; instead use `register()`:
--import 'data:text/javascript,import { register } from "node:module"; import { pathToFileURL } from "node:url"; register("file%3A///D%3A/StudentHub-CodexRuns/FULL_REPAIR_20261001/candidate/frontend/tests/foundation/ts-extension-loader.mjs", pathToFileURL("./"));'
(Use `node --trace-warnings ...` to show where the warning was created)
✔ the retired Contract product surface is absent while Trust remains available (2.5015ms)
ℹ tests 1
ℹ suites 0
ℹ pass 1
ℹ fail 0
ℹ cancelled 0
ℹ skipped 0
ℹ todo 0
ℹ duration_ms 6.3224
(node:28224) ExperimentalWarning: `--experimental-loader` may be removed in the future; instead use `register()`:
--import 'data:text/javascript,import { register } from "node:module"; import { pathToFileURL } from "node:url"; register("file%3A///D%3A/StudentHub-CodexRuns/FULL_REPAIR_20261001/candidate/frontend/tests/foundation/ts-extension-loader.mjs", pathToFileURL("./"));'
(Use `node --trace-warnings ...` to show where the warning was created)
▶ Student Academic Sync Bridge V1
  ✔ should project authoritative identity and academic records into digital twin store (7.8991ms)
✔ Student Academic Sync Bridge V1 (8.476ms)
ℹ tests 1
ℹ suites 1
ℹ pass 1
ℹ fail 0
ℹ cancelled 0
ℹ skipped 0
ℹ todo 0
ℹ duration_ms 11.9178
(node:23304) ExperimentalWarning: `--experimental-loader` may be removed in the future; instead use `register()`:
--import 'data:text/javascript,import { register } from "node:module"; import { pathToFileURL } from "node:url"; register("file%3A///D%3A/StudentHub-CodexRuns/FULL_REPAIR_20261001/candidate/frontend/tests/foundation/ts-extension-loader.mjs", pathToFileURL("./"));'
(Use `node --trace-warnings ...` to show where the warning was created)
▶ Student Data Provenance Matrix & Authority Hierarchy V1
  ✔ should look up canonical source and authority level for core academic fields (0.5476ms)
  ✔ should resolve source precedence correctly (Official Portal > Registrar > Student Submission) (0.1053ms)
  ✔ should compute freshness based on timestamp TTL and clock (0.1537ms)
✔ Student Data Provenance Matrix & Authority Hierarchy V1 (1.4582ms)
ℹ tests 3
ℹ suites 1
ℹ pass 3
ℹ fail 0
ℹ cancelled 0
ℹ skipped 0
ℹ todo 0
ℹ duration_ms 5.2519
(node:37344) ExperimentalWarning: `--experimental-loader` may be removed in the future; instead use `register()`:
--import 'data:text/javascript,import { register } from "node:module"; import { pathToFileURL } from "node:url"; register("file%3A///D%3A/StudentHub-CodexRuns/FULL_REPAIR_20261001/candidate/frontend/tests/foundation/ts-extension-loader.mjs", pathToFileURL("./"));'
(Use `node --trace-warnings ...` to show where the warning was created)
▶ Authoritative Student Identity & Records Full E2E Chain V1
  ✔ should execute the unified full-cycle chain: Auth -> Identity -> Records -> Twin -> Eligibility -> Workflow -> Notification (32.2056ms)
✔ Authoritative Student Identity & Records Full E2E Chain V1 (32.7673ms)
ℹ tests 1
ℹ suites 1
ℹ pass 1
ℹ fail 0
ℹ cancelled 0
ℹ skipped 0
ℹ todo 0
ℹ duration_ms 37.5763
(node:36648) ExperimentalWarning: `--experimental-loader` may be removed in the future; instead use `register()`:
--import 'data:text/javascript,import { register } from "node:module"; import { pathToFileURL } from "node:url"; register("file%3A///D%3A/StudentHub-CodexRuns/FULL_REPAIR_20261001/candidate/frontend/tests/foundation/ts-extension-loader.mjs", pathToFileURL("./"));'
(Use `node --trace-warnings ...` to show where the warning was created)
▶ Student Identity & Profile Model V1
  ✔ should validate and create canonical student identity correctly (1.3029ms)
  ✔ should reject invalid MSSV format (0.3231ms)
  ✔ should reject non-institutional email domain (0.1004ms)
✔ Student Identity & Profile Model V1 (2.4212ms)
ℹ tests 3
ℹ suites 1
ℹ pass 3
ℹ fail 0
ℹ cancelled 0
ℹ skipped 0
ℹ todo 0
ℹ duration_ms 6.3921
(node:21740) ExperimentalWarning: `--experimental-loader` may be removed in the future; instead use `register()`:
--import 'data:text/javascript,import { register } from "node:module"; import { pathToFileURL } from "node:url"; register("file%3A///D%3A/StudentHub-CodexRuns/FULL_REPAIR_20261001/candidate/frontend/tests/foundation/ts-extension-loader.mjs", pathToFileURL("./"));'
(Use `node --trace-warnings ...` to show where the warning was created)
▶ Student Identity Durable Store V1
  ✔ should persist and lookup identity across multi-indices (studentId, authUserId, email) (2.4612ms)
  ✔ should rehydrate from disk correctly after simulated restart (8.0301ms)
✔ Student Identity Durable Store V1 (11.1615ms)
ℹ tests 2
ℹ suites 1
ℹ pass 2
ℹ fail 0
ℹ cancelled 0
ℹ skipped 0
ℹ todo 0
ℹ duration_ms 15.181
(node:32076) ExperimentalWarning: `--experimental-loader` may be removed in the future; instead use `register()`:
--import 'data:text/javascript,import { register } from "node:module"; import { pathToFileURL } from "node:url"; register("file%3A///D%3A/StudentHub-CodexRuns/FULL_REPAIR_20261001/candidate/frontend/tests/foundation/ts-extension-loader.mjs", pathToFileURL("./"));'
(Use `node --trace-warnings ...` to show where the warning was created)
▶ Student Profile 360 Aggregate Model V1
  ✔ should assemble canonical Profile 360 with identity, summary, courses, requirements, and provenance (2.0708ms)
  ✔ should compute accurate academic standing based on GPA boundaries (0.1147ms)
✔ Student Profile 360 Aggregate Model V1 (2.8247ms)
ℹ tests 2
ℹ suites 1
ℹ pass 2
ℹ fail 0
ℹ cancelled 0
ℹ skipped 0
ℹ todo 0
ℹ duration_ms 6.6276
(node:19180) ExperimentalWarning: `--experimental-loader` may be removed in the future; instead use `register()`:
--import 'data:text/javascript,import { register } from "node:module"; import { pathToFileURL } from "node:url"; register("file%3A///D%3A/StudentHub-CodexRuns/FULL_REPAIR_20261001/candidate/frontend/tests/foundation/ts-extension-loader.mjs", pathToFileURL("./"));'
(Use `node --trace-warnings ...` to show where the warning was created)
▶ Student Profile Authorization & Multi-Tenant Isolation V1
  ✔ should permit student to read their own profile (9.3197ms)
  ✔ should deny student A from accessing student B profile (fail-closed) (2.1265ms)
✔ Student Profile Authorization & Multi-Tenant Isolation V1 (12.2973ms)
ℹ tests 2
ℹ suites 1
ℹ pass 2
ℹ fail 0
ℹ cancelled 0
ℹ skipped 0
ℹ todo 0
ℹ duration_ms 18.4133
(node:34948) ExperimentalWarning: `--experimental-loader` may be removed in the future; instead use `register()`:
--import 'data:text/javascript,import { register } from "node:module"; import { pathToFileURL } from "node:url"; register("file%3A///D%3A/StudentHub-CodexRuns/FULL_REPAIR_20261001/candidate/frontend/tests/foundation/ts-extension-loader.mjs", pathToFileURL("./"));'
(Use `node --trace-warnings ...` to show where the warning was created)
▶ Student Profile 360 Mutation Testing & Security Invariants V1
  ✔ MUTANT 1 — KILLED: Stale revision overwrite must be rejected (3.5125ms)
  ✔ MUTANT 2 — KILLED: Cross-tenant unauthorized access must fail-closed (1.3235ms)
  ✔ MUTANT 3 — KILLED: Source conflict must not silently overwrite without auditable resolution (0.221ms)
  ✔ MUTANT 4 — KILLED: Stale timestamp must be flagged as STALE, never masquerade as FRESH (0.1219ms)
✔ Student Profile 360 Mutation Testing & Security Invariants V1 (5.8823ms)
ℹ tests 4
ℹ suites 1
ℹ pass 4
ℹ fail 0
ℹ cancelled 0
ℹ skipped 0
ℹ todo 0
ℹ duration_ms 10.0008
(node:1876) ExperimentalWarning: `--experimental-loader` may be removed in the future; instead use `register()`:
--import 'data:text/javascript,import { register } from "node:module"; import { pathToFileURL } from "node:url"; register("file%3A///D%3A/StudentHub-CodexRuns/FULL_REPAIR_20261001/candidate/frontend/tests/foundation/ts-extension-loader.mjs", pathToFileURL("./"));'
(Use `node --trace-warnings ...` to show where the warning was created)

============================================================
🧠 RUNNING AI CHALLENGE VALIDATION V1 (PRODUCTION PATH, N=200)
============================================================

📊 1. COMPARATIVE ACCURACY & MACRO F1 (BLIND PRODUCTION PATH):
  FULL_MINUS_CRITIC    : Accuracy=90.0%, Macro F1=80.6%
  FULL_V5 (CANDIDATE)  : Accuracy=100.0%, Macro F1=100.0%

🛡️ 2. PRIMARY SAFETY METRICS (FALSE REASSURANCE EXACT CI):
  FULL_MINUS_CRITIC    : 0.00% [95% CI: 0.00% - 7.87%]
  FULL_V5 (CANDIDATE)  : 0.00% [95% CI: 0.00% - 7.87%] [Gate <= 2.0% point, exact non-zero upper bound]

📈 3. CALIBRATION & CITATION QUALITY (FULL_V5):
  Brier Score          : 0.0051 (Target <= 0.15)
  Expected Calib Error : 0.0690 (ECE, Target <= 0.10)
  Citation Validity    : 100.0% (No hallucinated IDs)
  Abstention Rate      : 32.5%
  Coverage             : 67.5%

🔬 4. CRITIC CAUSAL PATH VERIFICATION:
  Accuracy Delta (+Critic): +10.0 percentage points
  Macro F1 Delta (+Critic): +19.4 percentage points
  Causal Status: CRITIC_CAUSAL_VALUE_VERIFIED_VALIDATION

🧩 5. HARD SUBGROUPS PERFORMANCE (FULL_V5):
  - CONFLICTED_EVIDENCE                  (N=20): 100.0% correct
  - MISSING_EVIDENCE_ABSTENTION          (N=25): 100.0% correct
  - STALE_SUPERSEDED_POLICY              (N=20): 100.0% correct
  - SYNDICATED_CONSENSUS_TRAP            (N=20): 100.0% correct
  - NOVEL_SUBTLE_SCAM                    (N=21): 100.0% correct
  - BENIGN_LEGITIMATE_TRANSACTION        (N=20): 100.0% correct
  - AMBIGUOUS_ABBREVIATION_DISAGREEMENT  (N=20): 100.0% correct
  - STANDARD_VERIFIED_NOTICE             (N=30): 100.0% correct
  - STANDARD_HIGH_RISK_FRAUD             (N=24): 100.0% correct

📌 AI VALIDATION V1 STATUS: AI_CHALLENGE_VALIDATION_V1
============================================================

✔ AI CHALLENGE VALIDATION V1 — BLIND PRODUCTION PATH & CRITIC ABLATION (N=200 CASES) (2450.3925ms)
ℹ tests 1
ℹ suites 0
ℹ pass 1
ℹ fail 0
ℹ cancelled 0
ℹ skipped 0
ℹ todo 0
ℹ duration_ms 2457.0817
(node:33872) ExperimentalWarning: `--experimental-loader` may be removed in the future; instead use `register()`:
--import 'data:text/javascript,import { register } from "node:module"; import { pathToFileURL } from "node:url"; register("file%3A///D%3A/StudentHub-CodexRuns/FULL_REPAIR_20261001/candidate/frontend/tests/foundation/ts-extension-loader.mjs", pathToFileURL("./"));'
(Use `node --trace-warnings ...` to show where the warning was created)

============================================================
🧠 RUNNING CONTROLLED SYNTHETIC AI TEVV (N=210 CASES)
============================================================

📊 1. COMPARATIVE ACCURACY & MACRO F1 (CONTROLLED SYNTHETIC TEVV):
  FULL_MINUS_CRITIC    : Accuracy=88.1%, Macro F1=80.5%
  FULL_V5 (CANDIDATE)  : Accuracy=100.0%, Macro F1=100.0%

🛡️ 2. PRIMARY SAFETY METRICS (FALSE REASSURANCE EXACT CI):
  FULL_MINUS_CRITIC    : 0.00% [95% CI: 0.00% - 13.72%]
  FULL_V5 (CANDIDATE)  : 0.00% [95% CI: 0.00% - 13.72%] [Gate <= 2.0% point, exact non-zero upper bound]

📈 3. CALIBRATION & CITATION QUALITY (FULL_V5):
  Brier Score          : 0.0055 (Target <= 0.15)
  Expected Calib Error : 0.0719 (ECE, Target <= 0.10)
  Citation Validity    : 100.0% (No hallucinated IDs)
  Abstention Rate      : 35.7%
  Coverage             : 64.3%

🔬 4. CRITIC CAUSAL PATH VERIFICATION (CONTROLLED SYNTHETIC TEVV):
  Accuracy Delta (+Critic): +11.9 percentage points
  Macro F1 Delta (+Critic): +19.5 percentage points
  Paired discordance       : full-only=25, minus-only=0, exact McNemar p=5.960e-8
  Causal Status: CRITIC_CAUSAL_VALUE_VERIFIED_CONTROLLED_TEVV

🧩 5. HARD SUBGROUPS PERFORMANCE (FULL_V5):
  - CONFLICTED_EVIDENCE                  (N=25): 100.0% correct
  - MISSING_EVIDENCE_ABSTENTION          (N=25): 100.0% correct
  - STALE_SUPERSEDED_POLICY              (N=25): 100.0% correct
  - SYNDICATED_CONSENSUS_TRAP            (N=25): 100.0% correct
  - NOVEL_SUBTLE_SCAM                    (N=25): 100.0% correct
  - BENIGN_LEGITIMATE_TRANSACTION        (N=25): 100.0% correct
  - AMBIGUOUS_ABBREVIATION_DISAGREEMENT  (N=25): 100.0% correct
  - STANDARD_VERIFIED_NOTICE             (N=35): 100.0% correct

📌 CONTROLLED SYNTHETIC AI TEVV STATUS: CONTROLLED_SYNTHETIC_AI_TEVV_VERIFIED
============================================================

✔ CONTROLLED SYNTHETIC AI TEVV — BLIND PRODUCTION PATH (N=210 CASES) (2585.3782ms)
ℹ tests 1
ℹ suites 0
ℹ pass 1
ℹ fail 0
ℹ cancelled 0
ℹ skipped 0
ℹ todo 0
ℹ duration_ms 2592.3963
(node:32112) ExperimentalWarning: `--experimental-loader` may be removed in the future; instead use `register()`:
--import 'data:text/javascript,import { register } from "node:module"; import { pathToFileURL } from "node:url"; register("file%3A///D%3A/StudentHub-CodexRuns/FULL_REPAIR_20261001/candidate/frontend/tests/foundation/ts-extension-loader.mjs", pathToFileURL("./"));'
(Use `node --trace-warnings ...` to show where the warning was created)

============================================================
📋 RUNNING AI TEVV LOCKED EVALUATION (N=120 CASES)
============================================================

📊 CANDIDATE PERFORMANCE (FULL SYSTEM):
  False Reassurance (Metric #1): 0.0% (Target: <= 3.0%)
  False Accusation Rate        : 0.0%
  Abstention Rate              : 20.0% ("CHƯA ĐỦ BẰNG CHỨNG")
  Coverage                     : 80.0%
  Answered Accuracy            : 100.0%
  Citation & URL Validity      : 100.0% (Target: 100.0%)
  Brier Calibration Score      : 0.0754 (Closer to 0 is better)

🔬 SYSTEM ABLATION DELTAS (False Reassurance):
  [Full StudentHub V5]               : 0.0%
  [Without Critic]                   : 100.0% (CRITIC PROVEN ESSENTIAL)
  [Without Counter-Search]           : 0.0%
  [Without Source Independence]      : 0.0%
  [Heuristic Rule Baseline]          : 0.0%
============================================================

📌 HISTORICAL TEVV STATUS: CONTROLLED_SYNTHETIC_TEVV
✔ AI TEVV SCIENTIFIC EVALUATION: 120 Locked Test Cases with Ablations (3784.5961ms)
ℹ tests 1
ℹ suites 0
ℹ pass 1
ℹ fail 0
ℹ cancelled 0
ℹ skipped 0
ℹ todo 0
ℹ duration_ms 3791.6388
(node:18176) ExperimentalWarning: `--experimental-loader` may be removed in the future; instead use `register()`:
--import 'data:text/javascript,import { register } from "node:module"; import { pathToFileURL } from "node:url"; register("file%3A///D%3A/StudentHub-CodexRuns/FULL_REPAIR_20261001/candidate/frontend/tests/foundation/ts-extension-loader.mjs", pathToFileURL("./"));'
(Use `node --trace-warnings ...` to show where the warning was created)
✔ unconfigured Gemini fails closed without activating OpenAI compatibility (3.1824ms)
✔ A: primary Gemini 3.8 success does not fall back (0.6008ms)
✔ B: 3.8 rate limit falls back to 3.7 (1.3183ms)
✔ C: consecutive rate limits continue in order until 3.6 succeeds (0.5995ms)
✔ D: 3.8 and 3.7 unavailable falls back to healthy 3.6 (0.6822ms)
✔ E: all Gemini candidates fail with exact trace and no OpenAI cascade (0.5801ms)
✔ F/G: authentication and invalid-request failures do not cascade (0.4357ms)
✔ structured output uses one shared DTO contract and records required trace fields (2.1812ms)
✔ malformed structured output is marked incompatible and advances without retrying a model (0.6817ms)
✔ server-owned model provenance overrides any model-generated model identifier (0.4004ms)
✔ per-model circuit breaker skips a cooling primary on a later run (0.4077ms)
✔ health store honors Retry-After and keeps daily quota cooldown longer (0.1486ms)
✔ unrouted embedding capability is explicitly not configured (0.0903ms)
✔ describeRoute is read-only and reports the three ordered Gemini candidates (0.2476ms)
✔ remaining-budget reservation preserves execution time for terminal healthy 3.6 (0.2661ms)
✔ gemini-2.5-flash is retired and not invoked during production routing (0.4093ms)
✔ ACCEPTANCE: 3.8 cooldown, 3.7 cooldown skips both in 0ms and executes healthy 3.6 directly (0.5106ms)
ℹ tests 17
ℹ suites 0
ℹ pass 17
ℹ fail 0
ℹ cancelled 0
ℹ skipped 0
ℹ todo 0
ℹ duration_ms 18.6867
(node:36576) ExperimentalWarning: `--experimental-loader` may be removed in the future; instead use `register()`:
--import 'data:text/javascript,import { register } from "node:module"; import { pathToFileURL } from "node:url"; register("file%3A///D%3A/StudentHub-CodexRuns/FULL_REPAIR_20261001/candidate/frontend/tests/foundation/ts-extension-loader.mjs", pathToFileURL("./"));'
(Use `node --trace-warnings ...` to show where the warning was created)
✔ 1. Model Catalog: declares all required metadata fields for primary and extended QA tiers (1.1755ms)
✔ 2. QA-only gate: extended models reject in production mode and admit under QA flag (0.1559ms)
✔ 3. Route resolution: production returns 3 models; QA returns full capability-ordered chains (0.214ms)
✔ 4. CASE A: 3.8 healthy executes without fallback (qaExtendedFallback=false) (2.0951ms)
✔ 5. CASE B & C: Primary failovers to 3.7 and 3.6 (qaExtendedFallback=false) (1.0079ms)
✔ 6. CASE D: 3.8 + 3.7 + 3.6 unavailable -> 3.5 Flash executes (qaExtendedFallback=true) (0.6158ms)
✔ 7. CASE E: higher Flash models unavailable -> 3.5 Flash-Lite executes (0.7713ms)
✔ 8. CASE F: all above unavailable -> 3.1 Flash-Lite executes (0.6748ms)
✔ 9. CASE G: all eligible models fail -> returns clean failure trace without crash (0.5579ms)
✔ 10. Health-aware circuit breaker: cooling models skip in ~0ms (0.3366ms)
✔ 11. Schema quality floor: invalid JSON advances to next candidate instead of accepting bad output (0.4093ms)
✔ 12. Academic Timetable Extractor: seamlessly uses extended QA fallback and manual fallback (2.5314ms)
✔ 13. Trust Layer 4: preserves deterministic policy authority and tags qaExtendedFallback (5.1112ms)
ℹ tests 13
ℹ suites 0
ℹ pass 13
ℹ fail 0
ℹ cancelled 0
ℹ skipped 0
ℹ todo 0
ℹ duration_ms 20.3976
(node:3040) ExperimentalWarning: `--experimental-loader` may be removed in the future; instead use `register()`:
--import 'data:text/javascript,import { register } from "node:module"; import { pathToFileURL } from "node:url"; register("file%3A///D%3A/StudentHub-CodexRuns/FULL_REPAIR_20261001/candidate/frontend/tests/foundation/ts-extension-loader.mjs", pathToFileURL("./"));'
(Use `node --trace-warnings ...` to show where the warning was created)
▶ Gemini trusted instruction boundary
  ✔ serializes system instructions separately from untrusted user/evidence content (23.2343ms)
  ✔ does not expose Interactions thought steps as the model answer (0.9254ms)
  ✔ uses generateContent only as the explicit endpoint compatibility fallback (0.9349ms)
  ✔ keeps Gemma shadow-only unless an explicit compatibility probe opts in (1.4707ms)
✔ Gemini trusted instruction boundary (28.4149ms)
ℹ tests 4
ℹ suites 1
ℹ pass 4
ℹ fail 0
ℹ cancelled 0
ℹ skipped 0
ℹ todo 0
ℹ duration_ms 36.1304
(node:29984) ExperimentalWarning: `--experimental-loader` may be removed in the future; instead use `register()`:
--import 'data:text/javascript,import { register } from "node:module"; import { pathToFileURL } from "node:url"; register("file%3A///D%3A/StudentHub-CodexRuns/FULL_REPAIR_20261001/candidate/frontend/tests/foundation/ts-extension-loader.mjs", pathToFileURL("./"));'
(Use `node --trace-warnings ...` to show where the warning was created)
✔ Gemini requires the existing canonical GEMINI_API_KEY (0.6497ms)
✔ Gemini sends only the canonical key and the catalog model wins over environment model text (0.7862ms)
✔ key-like aliases never appear in router telemetry (2.595ms)
ℹ tests 3
ℹ suites 0
ℹ pass 3
ℹ fail 0
ℹ cancelled 0
ℹ skipped 0
ℹ todo 0
ℹ duration_ms 9.4703
(node:35932) ExperimentalWarning: `--experimental-loader` may be removed in the future; instead use `register()`:
--import 'data:text/javascript,import { register } from "node:module"; import { pathToFileURL } from "node:url"; register("file%3A///D%3A/StudentHub-CodexRuns/FULL_REPAIR_20261001/candidate/frontend/tests/foundation/ts-extension-loader.mjs", pathToFileURL("./"));'
(Use `node --trace-warnings ...` to show where the warning was created)
✔ OpenAI compatibility adapter is intentionally disabled by default (1.2888ms)
✔ OpenAI compatibility adapter is unconfigured without a key or enabled runtime (0.2074ms)
✔ disabled OpenAI generate fails closed before fetch (0.8016ms)
ℹ tests 3
ℹ suites 0
ℹ pass 3
ℹ fail 0
ℹ cancelled 0
ℹ skipped 0
ℹ todo 0
ℹ duration_ms 7.6792
(node:2836) ExperimentalWarning: `--experimental-loader` may be removed in the future; instead use `register()`:
--import 'data:text/javascript,import { register } from "node:module"; import { pathToFileURL } from "node:url"; register("file%3A///D%3A/StudentHub-CodexRuns/FULL_REPAIR_20261001/candidate/frontend/tests/foundation/ts-extension-loader.mjs", pathToFileURL("./"));'
(Use `node --trace-warnings ...` to show where the warning was created)
✔ P26 Scenario A: 3.8 SUCCESS selects 3.8 (5.2215ms)
✔ P26 Scenario B: 3.8 429 -> 3.7 SUCCESS selects 3.7 (0.9958ms)
✔ P26 Scenario C: 3.8 429, 3.7 503 -> 3.6 SUCCESS selects 3.6 (0.4381ms)
✔ P26 Scenario D: 3.8, 3.7, 3.6 fail -> fallback to 3.5 Flash (0.5961ms)
✔ P26 Scenario E: 3.8–3.5 unavailable -> selects 3.5 Flash-Lite (0.6322ms)
✔ P26 Scenario F: all except 3.1-lite fail -> selects 3.1 Flash-Lite (0.4893ms)
✔ P26 Scenario G: all fail -> clean failure trace, no crash (0.4675ms)
✔ P26 Dynamic Order: dead 3.8 and 3.7 are skipped immediately when cooling down (0.2181ms)
ℹ tests 8
ℹ suites 0
ℹ pass 8
ℹ fail 0
ℹ cancelled 0
ℹ skipped 0
ℹ todo 0
ℹ duration_ms 14.7692
(node:31796) ExperimentalWarning: `--experimental-loader` may be removed in the future; instead use `register()`:
--import 'data:text/javascript,import { register } from "node:module"; import { pathToFileURL } from "node:url"; register("file%3A///D%3A/StudentHub-CodexRuns/FULL_REPAIR_20261001/candidate/frontend/tests/foundation/ts-extension-loader.mjs", pathToFileURL("./"));'
(Use `node --trace-warnings ...` to show where the warning was created)
✔ Gemini routing exposes the ordered production fallback chain for every active capability (1.666ms)
✔ Trust input modality selects the provider capability that matches the work (0.6477ms)
ℹ tests 2
ℹ suites 0
ℹ pass 2
ℹ fail 0
ℹ cancelled 0
ℹ skipped 0
ℹ todo 0
ℹ duration_ms 6.3243
(node:26352) ExperimentalWarning: `--experimental-loader` may be removed in the future; instead use `register()`:
--import 'data:text/javascript,import { register } from "node:module"; import { pathToFileURL } from "node:url"; register("file%3A///D%3A/StudentHub-CodexRuns/FULL_REPAIR_20261001/candidate/frontend/tests/foundation/ts-extension-loader.mjs", pathToFileURL("./"));'
(Use `node --trace-warnings ...` to show where the warning was created)
✔ PROVIDER REGISTRY: Exposes accurate capability metadata without leaking secrets (0.9533ms)
✔ DOMAIN SPECIALIST BOUNDARY: FraudRiskEngine evaluates local signals as ADVISORY ONLY (6.1188ms)
✔ MODEL ROUTER: Capability-based route returns configured candidates in priority order (1.5746ms)
ℹ tests 3
ℹ suites 0
ℹ pass 3
ℹ fail 0
ℹ cancelled 0
ℹ skipped 0
ℹ todo 0
ℹ duration_ms 15.6206
(node:5552) ExperimentalWarning: `--experimental-loader` may be removed in the future; instead use `register()`:
--import 'data:text/javascript,import { register } from "node:module"; import { pathToFileURL } from "node:url"; register("file%3A///D%3A/StudentHub-CodexRuns/FULL_REPAIR_20261001/candidate/frontend/tests/foundation/ts-extension-loader.mjs", pathToFileURL("./"));'
(Use `node --trace-warnings ...` to show where the warning was created)
▶ Luna Max auth callback and persistence contracts
  ✔ allows only internal authenticated destinations (1.337ms)
  ✔ keeps the PKCE verifier in tab session storage while auth tokens stay in memory (0.2205ms)
  ✔ uses PKCE and server-owned onboarding/profile authority (4.2972ms)
✔ Luna Max auth callback and persistence contracts (6.5534ms)
ℹ tests 3
ℹ suites 1
ℹ pass 3
ℹ fail 0
ℹ cancelled 0
ℹ skipped 0
ℹ todo 0
ℹ duration_ms 10.1772
(node:20232) ExperimentalWarning: `--experimental-loader` may be removed in the future; instead use `register()`:
--import 'data:text/javascript,import { register } from "node:module"; import { pathToFileURL } from "node:url"; register("file%3A///D%3A/StudentHub-CodexRuns/FULL_REPAIR_20261001/candidate/frontend/tests/foundation/ts-extension-loader.mjs", pathToFileURL("./"));'
(Use `node --trace-warnings ...` to show where the warning was created)
[AUTH_INFO] - [signOutSupabase] - Bắt đầu đăng xuất và xóa phiên. 
[AUTH_INFO] - [signOutSupabase] - Đã xóa trạng thái trình duyệt; kết quả thu hồi phiên máy chủ đã được xử lý riêng. 
▶ Auth identity closure — capability and state contracts
  ✔ reports missing Supabase prerequisites as MISCONFIGURED (0.8229ms)
  ✔ reports email/password ready while Google remains disabled until provider configuration is attested (0.1471ms)
  ✔ does not treat an unverified public Google flag as READY and supports DEGRADED (0.1874ms)
  ✔ defines the required auth states and rejects an impossible transition (0.5233ms)
✔ Auth identity closure — capability and state contracts (2.5767ms)
▶ Auth identity closure — normalization and UI safety
  ✔ normalizes only typed UUID identities and preserves non-UUID legacy subjects (0.2922ms)
  ✔ never returns a raw JSON auth envelope to the UI (0.2327ms)
  ✔ allows only presentation profile fields and never promotes privilege fields (0.1489ms)
  ✔ emits a credential-free cross-tab logout signal after clearing the application session (2.4237ms)
  ✔ keeps the application session and server role boundary explicit (2.749ms)
✔ Auth identity closure — normalization and UI safety (6.1668ms)
ℹ tests 9
ℹ suites 2
ℹ pass 9
ℹ fail 0
ℹ cancelled 0
ℹ skipped 0
ℹ todo 0
ℹ duration_ms 14.2631
(node:2512) ExperimentalWarning: `--experimental-loader` may be removed in the future; instead use `register()`:
--import 'data:text/javascript,import { register } from "node:module"; import { pathToFileURL } from "node:url"; register("file%3A///D%3A/StudentHub-CodexRuns/FULL_REPAIR_20261001/candidate/frontend/tests/foundation/ts-extension-loader.mjs", pathToFileURL("./"));'
(Use `node --trace-warnings ...` to show where the warning was created)
[AUTH_INFO] - [signOutSupabase] - Bắt đầu đăng xuất và xóa phiên. 
[Supabase] Session-scoped PKCE storage is unavailable. Error
[AUTH_ERROR] - [storage:sessionStorage] - Error 
[AUTH_ERROR] - [storage:sessionStorage] - Error 
[AUTH_ERROR] - [storage:localStorage] - Error 
[AUTH_ERROR] - [storage:localStorage] - Error 
[AUTH_ERROR] - [storage:localStorage] - Error 
[AUTH_ERROR] - [storage:localStorage] - Error 
[AUTH_INFO] - [signOutSupabase] - Đã xóa trạng thái trình duyệt; kết quả thu hồi phiên máy chủ đã được xử lý riêng. 
▶ Auth Error Translation Contracts (Finding B)
  ✔ should return valid human-readable string for null/undefined/empty input (0.7877ms)
  ✔ should translate known Supabase auth error codes and messages to Vietnamese strings (0.2503ms)
  ✔ should return string fallback for unknown error strings or objects without returning JSX (0.3093ms)
✔ Auth Error Translation Contracts (Finding B) (2.187ms)
▶ HttpOnly application session boundary (Finding E)
  ✔ keeps Supabase provider storage in page memory without touching Web Storage (0.2385ms)
  ✔ contains no browser storage path for provider or application bearer credentials (1.0923ms)
  ✔ uses the same-origin cookie boundary for protected dashboard requests (0.402ms)
  ✔ never restores a client-side demo identity (0.4901ms)
  ✔ serializes Supabase auth subscription after initial session reconciliation (0.4893ms)
  ✔ exchanges a transient proof with credentials included and exposes no returned secret (2.192ms)
  ✔ fails closed when durable session exchange is unavailable (0.3737ms)
  ✔ remains inert and returns null when browser context is absent (0.0796ms)
  ✔ does not let browser storage failure prevent provider logout (1.4977ms)
✔ HttpOnly application session boundary (Finding E) (7.2577ms)
▶ Auth Sync Resilience & Rate Limit Translation (Findings C & D)
  ✔ should translate GitHub API rate limit errors gracefully (0.1036ms)
  ✔ should ensure translateAuthError handles non-Error objects and status codes (0.0952ms)
✔ Auth Sync Resilience & Rate Limit Translation (Findings C & D) (0.2655ms)
ℹ tests 14
ℹ suites 3
ℹ pass 14
ℹ fail 0
ℹ cancelled 0
ℹ skipped 0
ℹ todo 0
ℹ duration_ms 15.2085
(node:21552) ExperimentalWarning: `--experimental-loader` may be removed in the future; instead use `register()`:
--import 'data:text/javascript,import { register } from "node:module"; import { pathToFileURL } from "node:url"; register("file%3A///D%3A/StudentHub-CodexRuns/FULL_REPAIR_20261001/candidate/frontend/tests/foundation/ts-extension-loader.mjs", pathToFileURL("./"));'
(Use `node --trace-warnings ...` to show where the warning was created)
✔ demo allowlist is exact and Gmail mailbox proof does not become student-email proof (1.7961ms)
✔ institutional truth requires both an institutional-shaped address and mailbox proof (0.2241ms)
✔ QA entitlements are private and the public routes expose separate truth fields (1.9549ms)
ℹ tests 3
ℹ suites 0
ℹ pass 3
ℹ fail 0
ℹ cancelled 0
ℹ skipped 0
ℹ todo 0
ℹ duration_ms 10.3119
(node:5844) ExperimentalWarning: `--experimental-loader` may be removed in the future; instead use `register()`:
--import 'data:text/javascript,import { register } from "node:module"; import { pathToFileURL } from "node:url"; register("file%3A///D%3A/StudentHub-CodexRuns/FULL_REPAIR_20261001/candidate/frontend/tests/foundation/ts-extension-loader.mjs", pathToFileURL("./"));'
(Use `node --trace-warnings ...` to show where the warning was created)
✔ onboarding sends only safe presentation fields and completes the server-owned state (0.9609ms)
✔ expert onboarding still stores safe profile data without granting client authority (0.1786ms)
✔ onboarding uses the canonical safe update flow (1.5366ms)
ℹ tests 3
ℹ suites 0
ℹ pass 3
ℹ fail 0
ℹ cancelled 0
ℹ skipped 0
ℹ todo 0
ℹ duration_ms 8.5757
(node:3436) ExperimentalWarning: `--experimental-loader` may be removed in the future; instead use `register()`:
--import 'data:text/javascript,import { register } from "node:module"; import { pathToFileURL } from "node:url"; register("file%3A///D%3A/StudentHub-CodexRuns/FULL_REPAIR_20261001/candidate/frontend/tests/foundation/ts-extension-loader.mjs", pathToFileURL("./"));'
(Use `node --trace-warnings ...` to show where the warning was created)
✔ registration email shape does not imply verified student status or reputation points (3.9585ms)
ℹ tests 1
ℹ suites 0
ℹ pass 1
ℹ fail 0
ℹ cancelled 0
ℹ skipped 0
ℹ todo 0
ℹ duration_ms 8.3767
(node:4100) ExperimentalWarning: `--experimental-loader` may be removed in the future; instead use `register()`:
--import 'data:text/javascript,import { register } from "node:module"; import { pathToFileURL } from "node:url"; register("file%3A///D%3A/StudentHub-CodexRuns/FULL_REPAIR_20261001/candidate/frontend/tests/foundation/ts-extension-loader.mjs", pathToFileURL("./"));'
(Use `node --trace-warnings ...` to show where the warning was created)
✔ Canonical URL & Title normalization (2.7054ms)
✔ Deterministic canonical identity hash generation (0.6161ms)
✔ Aggregation: 27 student reports aggregated into ONE canonical event + 27 related reports (3.7661ms)
✔ Mutation Idempotency: Replaying same clientMutationId returns identical result without re-executing (1.8565ms)
ℹ tests 4
ℹ suites 0
ℹ pass 4
ℹ fail 0
ℹ cancelled 0
ℹ skipped 0
ℹ todo 0
ℹ duration_ms 17.7082
(node:7836) ExperimentalWarning: `--experimental-loader` may be removed in the future; instead use `register()`:
--import 'data:text/javascript,import { register } from "node:module"; import { pathToFileURL } from "node:url"; register("file%3A///D%3A/StudentHub-CodexRuns/FULL_REPAIR_20261001/candidate/frontend/tests/foundation/ts-extension-loader.mjs", pathToFileURL("./"));'
(Use `node --trace-warnings ...` to show where the warning was created)
▶ CommunityAstroturfDefense
  ✔ should classify commercial promotional spam links as POTENTIAL_COMMERCIAL_INTEREST (12.2051ms)
✔ CommunityAstroturfDefense (13.5857ms)
ℹ tests 1
ℹ suites 1
ℹ pass 1
ℹ fail 0
ℹ cancelled 0
ℹ skipped 0
ℹ todo 0
ℹ duration_ms 22.6475
(node:27720) ExperimentalWarning: `--experimental-loader` may be removed in the future; instead use `register()`:
--import 'data:text/javascript,import { register } from "node:module"; import { pathToFileURL } from "node:url"; register("file%3A///D%3A/StudentHub-CodexRuns/FULL_REPAIR_20261001/candidate/frontend/tests/foundation/ts-extension-loader.mjs", pathToFileURL("./"));'
(Use `node --trace-warnings ...` to show where the warning was created)
▶ CommunityAstroturfingCoordination
  ✔ should flag SUSPECTED_COORDINATION and COORDINATED_COPY_PASTE when multiple accounts post identical wording (10.2314ms)
  ✔ should flag ASTROTURFING_PROMOTION when multiple accounts spam repeated commercial link (2.6987ms)
✔ CommunityAstroturfingCoordination (14.7827ms)
ℹ tests 2
ℹ suites 1
ℹ pass 2
ℹ fail 0
ℹ cancelled 0
ℹ skipped 0
ℹ todo 0
ℹ duration_ms 24.0744
(node:15464) ExperimentalWarning: `--experimental-loader` may be removed in the future; instead use `register()`:
--import 'data:text/javascript,import { register } from "node:module"; import { pathToFileURL } from "node:url"; register("file%3A///D%3A/StudentHub-CodexRuns/FULL_REPAIR_20261001/candidate/frontend/tests/foundation/ts-extension-loader.mjs", pathToFileURL("./"));'
(Use `node --trace-warnings ...` to show where the warning was created)
▶ CommunityAuthorizationPrivacy
  ✔ should conceal internal behavioral scores and private device fingerprints from public payload (1.9254ms)
✔ CommunityAuthorizationPrivacy (3.3886ms)
ℹ tests 1
ℹ suites 1
ℹ pass 1
ℹ fail 0
ℹ cancelled 0
ℹ skipped 0
ℹ todo 0
ℹ duration_ms 15.0787
(node:20840) ExperimentalWarning: `--experimental-loader` may be removed in the future; instead use `register()`:
--import 'data:text/javascript,import { register } from "node:module"; import { pathToFileURL } from "node:url"; register("file%3A///D%3A/StudentHub-CodexRuns/FULL_REPAIR_20261001/candidate/frontend/tests/foundation/ts-extension-loader.mjs", pathToFileURL("./"));'
(Use `node --trace-warnings ...` to show where the warning was created)
▶ CommunityClaimExtraction
  ✔ should extract 8 claim types with appropriate initial evidence statuses (7.1208ms)
✔ CommunityClaimExtraction (8.3136ms)
ℹ tests 1
ℹ suites 1
ℹ pass 1
ℹ fail 0
ℹ cancelled 0
ℹ skipped 0
ℹ todo 0
ℹ duration_ms 16.4899
(node:34304) ExperimentalWarning: `--experimental-loader` may be removed in the future; instead use `register()`:
--import 'data:text/javascript,import { register } from "node:module"; import { pathToFileURL } from "node:url"; register("file%3A///D%3A/StudentHub-CodexRuns/FULL_REPAIR_20261001/candidate/frontend/tests/foundation/ts-extension-loader.mjs", pathToFileURL("./"));'
(Use `node --trace-warnings ...` to show where the warning was created)
▶ CommunityConsensusModel
  ✔ should evaluate STRONG_COMMUNITY_SIGNAL when >= 3 independent authors corroborate with unique provenance (8.2466ms)
✔ CommunityConsensusModel (9.1746ms)
ℹ tests 1
ℹ suites 1
ℹ pass 1
ℹ fail 0
ℹ cancelled 0
ℹ skipped 0
ℹ todo 0
ℹ duration_ms 16.1202
(node:17516) ExperimentalWarning: `--experimental-loader` may be removed in the future; instead use `register()`:
--import 'data:text/javascript,import { register } from "node:module"; import { pathToFileURL } from "node:url"; register("file%3A///D%3A/StudentHub-CodexRuns/FULL_REPAIR_20261001/candidate/frontend/tests/foundation/ts-extension-loader.mjs", pathToFileURL("./"));'
(Use `node --trace-warnings ...` to show where the warning was created)
▶ CommunityContentClassification
  ✔ should classify direct student experience as FIRST_HAND_EXPERIENCE (4.8551ms)
  ✔ should classify hearsay as SECOND_HAND_REPORT (1.4969ms)
  ✔ should classify question text as QUESTION (0.2118ms)
  ✔ should classify step-by-step guide as GUIDE (0.1989ms)
✔ CommunityContentClassification (8.2318ms)
ℹ tests 4
ℹ suites 1
ℹ pass 4
ℹ fail 0
ℹ cancelled 0
ℹ skipped 0
ℹ todo 0
ℹ duration_ms 14.3817
(node:24872) ExperimentalWarning: `--experimental-loader` may be removed in the future; instead use `register()`:
--import 'data:text/javascript,import { register } from "node:module"; import { pathToFileURL } from "node:url"; register("file%3A///D%3A/StudentHub-CodexRuns/FULL_REPAIR_20261001/candidate/frontend/tests/foundation/ts-extension-loader.mjs", pathToFileURL("./"));'
(Use `node --trace-warnings ...` to show where the warning was created)
▶ CommunityContextSegmentation
  ✔ should segment experiences by department and cohort rather than conflating distinct programs (3.1636ms)
✔ CommunityContextSegmentation (3.9718ms)
ℹ tests 1
ℹ suites 1
ℹ pass 1
ℹ fail 0
ℹ cancelled 0
ℹ skipped 0
ℹ todo 0
ℹ duration_ms 10.4998
(node:32084) ExperimentalWarning: `--experimental-loader` may be removed in the future; instead use `register()`:
--import 'data:text/javascript,import { register } from "node:module"; import { pathToFileURL } from "node:url"; register("file%3A///D%3A/StudentHub-CodexRuns/FULL_REPAIR_20261001/candidate/frontend/tests/foundation/ts-extension-loader.mjs", pathToFileURL("./"));'
(Use `node --trace-warnings ...` to show where the warning was created)
▶ CommunityContradictionResolution
  ✔ should output MIXED_EXPERIENCES and segment by department when reports conflict (3 days vs 10 days) without false averaging (6.4577ms)
✔ CommunityContradictionResolution (7.4635ms)
ℹ tests 1
ℹ suites 1
ℹ pass 1
ℹ fail 0
ℹ cancelled 0
ℹ skipped 0
ℹ todo 0
ℹ duration_ms 15.6817
(node:8964) ExperimentalWarning: `--experimental-loader` may be removed in the future; instead use `register()`:
--import 'data:text/javascript,import { register } from "node:module"; import { pathToFileURL } from "node:url"; register("file%3A///D%3A/StudentHub-CodexRuns/FULL_REPAIR_20261001/candidate/frontend/tests/foundation/ts-extension-loader.mjs", pathToFileURL("./"));'
(Use `node --trace-warnings ...` to show where the warning was created)
✔ production build gate stays inside the Vercel frontend root (1.5757ms)
✔ production configuration rejects the Community demo flag (1.1019ms)
✔ production configuration rejects the memory persistence adapter (0.2799ms)
✔ canonical demo-mode source keeps test fixtures test-only and production data durable (0.3045ms)
✔ production build script exits non-zero when demo fixtures are enabled (121.0128ms)
✔ release gate passes when demo fixtures are disabled (120.6482ms)
ℹ tests 6
ℹ suites 0
ℹ pass 6
ℹ fail 0
ℹ cancelled 0
ℹ skipped 0
ℹ todo 0
ℹ duration_ms 255.7861
(node:1572) ExperimentalWarning: `--experimental-loader` may be removed in the future; instead use `register()`:
--import 'data:text/javascript,import { register } from "node:module"; import { pathToFileURL } from "node:url"; register("file%3A///D%3A/StudentHub-CodexRuns/FULL_REPAIR_20261001/candidate/frontend/tests/foundation/ts-extension-loader.mjs", pathToFileURL("./"));'
(Use `node --trace-warnings ...` to show where the warning was created)
▶ CommunityIntelligenceE2E
  ✔ should run complete E2E workflow: store experiences -> extract claims -> calculate consensus & median duration -> mine friction hotspots (15.9383ms)
✔ CommunityIntelligenceE2E (16.9207ms)
ℹ tests 1
ℹ suites 1
ℹ pass 1
ℹ fail 0
ℹ cancelled 0
ℹ skipped 0
ℹ todo 0
ℹ duration_ms 23.0277
(node:36440) ExperimentalWarning: `--experimental-loader` may be removed in the future; instead use `register()`:
--import 'data:text/javascript,import { register } from "node:module"; import { pathToFileURL } from "node:url"; register("file%3A///D%3A/StudentHub-CodexRuns/FULL_REPAIR_20261001/candidate/frontend/tests/foundation/ts-extension-loader.mjs", pathToFileURL("./"));'
(Use `node --trace-warnings ...` to show where the warning was created)
▶ CommunityEdgeCaseMining
  ✔ should extract median procedure duration from verified first-hand guide experiences (6.0471ms)
✔ CommunityEdgeCaseMining (6.7941ms)
ℹ tests 1
ℹ suites 1
ℹ pass 1
ℹ fail 0
ℹ cancelled 0
ℹ skipped 0
ℹ todo 0
ℹ duration_ms 12.7871
(node:22448) ExperimentalWarning: `--experimental-loader` may be removed in the future; instead use `register()`:
--import 'data:text/javascript,import { register } from "node:module"; import { pathToFileURL } from "node:url"; register("file%3A///D%3A/StudentHub-CodexRuns/FULL_REPAIR_20261001/candidate/frontend/tests/foundation/ts-extension-loader.mjs", pathToFileURL("./"));'
(Use `node --trace-warnings ...` to show where the warning was created)
▶ CommunityExperienceConsensus
  ✔ should detect STRONG_EXPERIENCE_CONSENSUS when >= 3 independent students corroborate the same duration (5.1657ms)
✔ CommunityExperienceConsensus (5.8629ms)
ℹ tests 1
ℹ suites 1
ℹ pass 1
ℹ fail 0
ℹ cancelled 0
ℹ skipped 0
ℹ todo 0
ℹ duration_ms 10.928
(node:1940) ExperimentalWarning: `--experimental-loader` may be removed in the future; instead use `register()`:
--import 'data:text/javascript,import { register } from "node:module"; import { pathToFileURL } from "node:url"; register("file%3A///D%3A/StudentHub-CodexRuns/FULL_REPAIR_20261001/candidate/frontend/tests/foundation/ts-extension-loader.mjs", pathToFileURL("./"));'
(Use `node --trace-warnings ...` to show where the warning was created)
▶ CommunityFirstHandExperience
  ✔ should classify direct student experience and enforce invariant that it NEVER becomes official policy (3.097ms)
✔ CommunityFirstHandExperience (4.0018ms)
ℹ tests 1
ℹ suites 1
ℹ pass 1
ℹ fail 0
ℹ cancelled 0
ℹ skipped 0
ℹ todo 0
ℹ duration_ms 9.0591
(node:7628) ExperimentalWarning: `--experimental-loader` may be removed in the future; instead use `register()`:
--import 'data:text/javascript,import { register } from "node:module"; import { pathToFileURL } from "node:url"; register("file%3A///D%3A/StudentHub-CodexRuns/FULL_REPAIR_20261001/candidate/frontend/tests/foundation/ts-extension-loader.mjs", pathToFileURL("./"));'
(Use `node --trace-warnings ...` to show where the warning was created)
▶ CommunityIdentityPrivacy
  ✔ should salt and anonymize raw student ID while maintaining cohort badge (3.0705ms)
  ✔ should redact raw authorId and deviceFingerprint from public payload (0.4356ms)
✔ CommunityIdentityPrivacy (5.8639ms)
ℹ tests 2
ℹ suites 1
ℹ pass 2
ℹ fail 0
ℹ cancelled 0
ℹ skipped 0
ℹ todo 0
ℹ duration_ms 11.5409
(node:26664) ExperimentalWarning: `--experimental-loader` may be removed in the future; instead use `register()`:
--import 'data:text/javascript,import { register } from "node:module"; import { pathToFileURL } from "node:url"; register("file%3A///D%3A/StudentHub-CodexRuns/FULL_REPAIR_20261001/candidate/frontend/tests/foundation/ts-extension-loader.mjs", pathToFileURL("./"));'
(Use `node --trace-warnings ...` to show where the warning was created)
▶ CommunityIntelligenceE2E
  ✔ should run full E2E flow: load stored experiences -> evaluate consensus -> calculate median duration (8.4933ms)
✔ CommunityIntelligenceE2E (9.2086ms)
ℹ tests 1
ℹ suites 1
ℹ pass 1
ℹ fail 0
ℹ cancelled 0
ℹ skipped 0
ℹ todo 0
ℹ duration_ms 14.0124
(node:2784) ExperimentalWarning: `--experimental-loader` may be removed in the future; instead use `register()`:
--import 'data:text/javascript,import { register } from "node:module"; import { pathToFileURL } from "node:url"; register("file%3A///D%3A/StudentHub-CodexRuns/FULL_REPAIR_20261001/candidate/frontend/tests/foundation/ts-extension-loader.mjs", pathToFileURL("./"));'
(Use `node --trace-warnings ...` to show where the warning was created)
▶ CommunityIntelligenceMutationGuard
  ✔ Mutant 1: Upvote count (1000 upvotes) on a single bot post must NEVER create strong consensus without independent accounts (4.4318ms)
  ✔ Mutant 2: Copied texts across 10 accounts must NEVER be counted as 10 independent provenance clusters (2.7563ms)
  ✔ Mutant 3: Community rumor must NEVER be classified as official institutional policy (0.6677ms)
  ✔ Mutant 4: Commercial spam link promotion must trigger ASTROTURFING_PROMOTION (0.7722ms)
✔ CommunityIntelligenceMutationGuard (9.5436ms)
ℹ tests 4
ℹ suites 1
ℹ pass 4
ℹ fail 0
ℹ cancelled 0
ℹ skipped 0
ℹ todo 0
ℹ duration_ms 15.8779
(node:5876) ExperimentalWarning: `--experimental-loader` may be removed in the future; instead use `register()`:
--import 'data:text/javascript,import { register } from "node:module"; import { pathToFileURL } from "node:url"; register("file%3A///D%3A/StudentHub-CodexRuns/FULL_REPAIR_20261001/candidate/frontend/tests/foundation/ts-extension-loader.mjs", pathToFileURL("./"));'
(Use `node --trace-warnings ...` to show where the warning was created)
▶ CommunityIntelligenceMutationGuard
  ✔ Mutant 1: Forum statement must NEVER become official academic truth or policy (3.8743ms)
  ✔ Mutant 2: 100,000 Upvotes on a single speculative post must NEVER create strong consensus (2.7391ms)
  ✔ Mutant 3: Duplicate copied posts across 20 accounts must NEVER be counted as 20 independent provenance clusters (3.9938ms)
  ✔ Mutant 4: Historical 2022 experience must NEVER silently become current 2026 process (0.3314ms)
  ✔ Mutant 5: Unverified guest author must NEVER be marked as VERIFIED_STUDENT without credentials (0.2549ms)
  ✔ Mutant 6: Coordinated syndication must NEVER be ignored as normal organic consensus (0.4081ms)
  ✔ Mutant 7: Commercial vendor promotion links must NEVER be treated as independent peer reviews (0.5044ms)
  ✔ Mutant 8: AI-generated synthetic campaigns must be flagged as SUSPECTED_SYNTHETIC with caution (0.5467ms)
✔ CommunityIntelligenceMutationGuard (14.1079ms)
ℹ tests 8
ℹ suites 1
ℹ pass 8
ℹ fail 0
ℹ cancelled 0
ℹ skipped 0
ℹ todo 0
ℹ duration_ms 22.5701
(node:30328) ExperimentalWarning: `--experimental-loader` may be removed in the future; instead use `register()`:
--import 'data:text/javascript,import { register } from "node:module"; import { pathToFileURL } from "node:url"; register("file%3A///D%3A/StudentHub-CodexRuns/FULL_REPAIR_20261001/candidate/frontend/tests/foundation/ts-extension-loader.mjs", pathToFileURL("./"));'
(Use `node --trace-warnings ...` to show where the warning was created)
▶ CommunityPolicyBoundary
  ✔ should enforce invariant that community experience NEVER equals official academic policy (9.6228ms)
✔ CommunityPolicyBoundary (10.843ms)
ℹ tests 1
ℹ suites 1
ℹ pass 1
ℹ fail 0
ℹ cancelled 0
ℹ skipped 0
ℹ todo 0
ℹ duration_ms 16.077
(node:18160) ExperimentalWarning: `--experimental-loader` may be removed in the future; instead use `register()`:
--import 'data:text/javascript,import { register } from "node:module"; import { pathToFileURL } from "node:url"; register("file%3A///D%3A/StudentHub-CodexRuns/FULL_REPAIR_20261001/candidate/frontend/tests/foundation/ts-extension-loader.mjs", pathToFileURL("./"));'
(Use `node --trace-warnings ...` to show where the warning was created)
▶ CommunityProcedureDuration
  ✔ should calculate exact median procedure turnaround duration across independent reports (5.2954ms)
✔ CommunityProcedureDuration (6.0019ms)
ℹ tests 1
ℹ suites 1
ℹ pass 1
ℹ fail 0
ℹ cancelled 0
ℹ skipped 0
ℹ todo 0
ℹ duration_ms 10.8691
(node:7684) ExperimentalWarning: `--experimental-loader` may be removed in the future; instead use `register()`:
--import 'data:text/javascript,import { register } from "node:module"; import { pathToFileURL } from "node:url"; register("file%3A///D%3A/StudentHub-CodexRuns/FULL_REPAIR_20261001/candidate/frontend/tests/foundation/ts-extension-loader.mjs", pathToFileURL("./"));'
(Use `node --trace-warnings ...` to show where the warning was created)
▶ Community production fixture boundary
  ✔ does not seed TOEIC fixture observations in production (2.7527ms)
✔ Community production fixture boundary (4.522ms)
ℹ tests 1
ℹ suites 1
ℹ pass 1
ℹ fail 0
ℹ cancelled 0
ℹ skipped 0
ℹ todo 0
ℹ duration_ms 10.845
(node:24792) ExperimentalWarning: `--experimental-loader` may be removed in the future; instead use `register()`:
--import 'data:text/javascript,import { register } from "node:module"; import { pathToFileURL } from "node:url"; register("file%3A///D%3A/StudentHub-CodexRuns/FULL_REPAIR_20261001/candidate/frontend/tests/foundation/ts-extension-loader.mjs", pathToFileURL("./"));'
(Use `node --trace-warnings ...` to show where the warning was created)
▶ CommunityProvenanceClusters
  ✔ should collapse 10 identical copy-paste syndicated posts into 1 single provenance cluster (3.2182ms)
✔ CommunityProvenanceClusters (3.8382ms)
ℹ tests 1
ℹ suites 1
ℹ pass 1
ℹ fail 0
ℹ cancelled 0
ℹ skipped 0
ℹ todo 0
ℹ duration_ms 8.0308
(node:27580) ExperimentalWarning: `--experimental-loader` may be removed in the future; instead use `register()`:
--import 'data:text/javascript,import { register } from "node:module"; import { pathToFileURL } from "node:url"; register("file%3A///D%3A/StudentHub-CodexRuns/FULL_REPAIR_20261001/candidate/frontend/tests/foundation/ts-extension-loader.mjs", pathToFileURL("./"));'
(Use `node --trace-warnings ...` to show where the warning was created)
▶ CommunityRedTeamAdversarialDefense
  ✔ Attack 1: Mass copy-paste astroturfing must trigger SUSPECTED_COORDINATION (4.2405ms)
  ✔ Attack 2: Sockpuppet cluster sharing identical deviceFingerprint must trigger SUSPECTED_SOCKPUPPET (0.6405ms)
  ✔ Attack 3: Commercial link flood must trigger ASTROTURFING_PROMOTION (0.656ms)
  ✔ Attack 4: Unverified hearsay rumor must be classified as UNVERIFIED_RUMOR (0.2145ms)
✔ CommunityRedTeamAdversarialDefense (6.5371ms)
ℹ tests 4
ℹ suites 1
ℹ pass 4
ℹ fail 0
ℹ cancelled 0
ℹ skipped 0
ℹ todo 0
ℹ duration_ms 11.1511
(node:34952) ExperimentalWarning: `--experimental-loader` may be removed in the future; instead use `register()`:
--import 'data:text/javascript,import { register } from "node:module"; import { pathToFileURL } from "node:url"; register("file%3A///D%3A/StudentHub-CodexRuns/FULL_REPAIR_20261001/candidate/frontend/tests/foundation/ts-extension-loader.mjs", pathToFileURL("./"));'
(Use `node --trace-warnings ...` to show where the warning was created)
▶ CommunityRumorVsFact
  ✔ should classify speculative posts as UNVERIFIED_RUMOR without direct experience (4.3198ms)
✔ CommunityRumorVsFact (5.0428ms)
ℹ tests 1
ℹ suites 1
ℹ pass 1
ℹ fail 0
ℹ cancelled 0
ℹ skipped 0
ℹ todo 0
ℹ duration_ms 9.9407
(node:28560) ExperimentalWarning: `--experimental-loader` may be removed in the future; instead use `register()`:
--import 'data:text/javascript,import { register } from "node:module"; import { pathToFileURL } from "node:url"; register("file%3A///D%3A/StudentHub-CodexRuns/FULL_REPAIR_20261001/candidate/frontend/tests/foundation/ts-extension-loader.mjs", pathToFileURL("./"));'
(Use `node --trace-warnings ...` to show where the warning was created)
✔ generic Community writes map to the existing public realtime channel (4.2857ms)
✔ social invalidations carry no author or user-authored content and reject unknown actions (0.1489ms)
ℹ tests 2
ℹ suites 0
ℹ pass 2
ℹ fail 0
ℹ cancelled 0
ℹ skipped 0
ℹ todo 0
ℹ duration_ms 8.6666
(node:21968) ExperimentalWarning: `--experimental-loader` may be removed in the future; instead use `register()`:
--import 'data:text/javascript,import { register } from "node:module"; import { pathToFileURL } from "node:url"; register("file%3A///D%3A/StudentHub-CodexRuns/FULL_REPAIR_20261001/candidate/frontend/tests/foundation/ts-extension-loader.mjs", pathToFileURL("./"));'
(Use `node --trace-warnings ...` to show where the warning was created)
▶ CommunitySockpuppetClustering
  ✔ should collapse duplicated content into single fingerprint provenance cluster (1.089ms)
✔ CommunitySockpuppetClustering (1.8002ms)
ℹ tests 1
ℹ suites 1
ℹ pass 1
ℹ fail 0
ℹ cancelled 0
ℹ skipped 0
ℹ todo 0
ℹ duration_ms 6.5842
(node:1788) ExperimentalWarning: `--experimental-loader` may be removed in the future; instead use `register()`:
--import 'data:text/javascript,import { register } from "node:module"; import { pathToFileURL } from "node:url"; register("file%3A///D%3A/StudentHub-CodexRuns/FULL_REPAIR_20261001/candidate/frontend/tests/foundation/ts-extension-loader.mjs", pathToFileURL("./"));'
(Use `node --trace-warnings ...` to show where the warning was created)
▶ CommunitySyntheticContent
  ✔ should classify repetitive synthetic phrasing as SUSPECTED_SYNTHETIC with caution (4.0223ms)
✔ CommunitySyntheticContent (4.7256ms)
ℹ tests 1
ℹ suites 1
ℹ pass 1
ℹ fail 0
ℹ cancelled 0
ℹ skipped 0
ℹ todo 0
ℹ duration_ms 11.2283
(node:16776) ExperimentalWarning: `--experimental-loader` may be removed in the future; instead use `register()`:
--import 'data:text/javascript,import { register } from "node:module"; import { pathToFileURL } from "node:url"; register("file%3A///D%3A/StudentHub-CodexRuns/FULL_REPAIR_20261001/candidate/frontend/tests/foundation/ts-extension-loader.mjs", pathToFileURL("./"));'
(Use `node --trace-warnings ...` to show where the warning was created)
✔ Community thread pseudonyms are stable within a thread and isolated between threads (1.9963ms)
✔ production thread pseudonyms fail closed when the server secret is absent (0.7167ms)
ℹ tests 2
ℹ suites 0
ℹ pass 2
ℹ fail 0
ℹ cancelled 0
ℹ skipped 0
ℹ todo 0
ℹ duration_ms 8.3933
(node:23568) ExperimentalWarning: `--experimental-loader` may be removed in the future; instead use `register()`:
--import 'data:text/javascript,import { register } from "node:module"; import { pathToFileURL } from "node:url"; register("file%3A///D%3A/StudentHub-CodexRuns/FULL_REPAIR_20261001/candidate/frontend/tests/foundation/ts-extension-loader.mjs", pathToFileURL("./"));'
(Use `node --trace-warnings ...` to show where the warning was created)
▶ CommunityV2GoldenScenariosE2E
  ✔ Scenario A: K24 students reporting graduation delays produce verified experience cluster and friction signal (19.9527ms)
  ✔ Scenario B: 20 posts repeating exact same wording collapse into 1 provenance cluster (5.819ms)
  ✔ Scenario C: Official 3-day target vs Community 27 reports (6-8 days) triggers SIGNIFICANT_OPERATIONAL_GAP (3.3889ms)
  ✔ Scenario D: Community deadline rumor vs Official notice preserves Official as authoritative truth (4.1331ms)
  ✔ Scenario E: Single rare report of blurry QR scan rejection is marked as RARE_EDGE_CASE (4.2113ms)
  ✔ Scenario F: Context segmentation separates Faculty A from Faculty B without false contradiction (2.0107ms)
  ✔ Scenario G: Commercial vendor post is flagged with POTENTIAL_COMMERCIAL_INTEREST (1.884ms)
  ✔ Scenario H: Account cluster sharing same device fingerprint is flagged as SUSPECTED_SOCKPUPPET (2.0994ms)
✔ CommunityV2GoldenScenariosE2E (44.669ms)
ℹ tests 8
ℹ suites 1
ℹ pass 8
ℹ fail 0
ℹ cancelled 0
ℹ skipped 0
ℹ todo 0
ℹ duration_ms 50.0249
(node:32392) ExperimentalWarning: `--experimental-loader` may be removed in the future; instead use `register()`:
--import 'data:text/javascript,import { register } from "node:module"; import { pathToFileURL } from "node:url"; register("file%3A///D%3A/StudentHub-CodexRuns/FULL_REPAIR_20261001/candidate/frontend/tests/foundation/ts-extension-loader.mjs", pathToFileURL("./"));'
(Use `node --trace-warnings ...` to show where the warning was created)
▶ CommunityV2FrictionGraph
  ✔ should extract structured operational friction signals with process, step, cohort, and severity (7.0218ms)
  ✔ should generate a 2D Friction Heatmap Matrix across processes and cohorts K21-K26 (15.9231ms)
✔ CommunityV2FrictionGraph (24.3441ms)
ℹ tests 2
ℹ suites 1
ℹ pass 2
ℹ fail 0
ℹ cancelled 0
ℹ skipped 0
ℹ todo 0
ℹ duration_ms 31.5971
(node:31784) ExperimentalWarning: `--experimental-loader` may be removed in the future; instead use `register()`:
--import 'data:text/javascript,import { register } from "node:module"; import { pathToFileURL } from "node:url"; register("file%3A///D%3A/StudentHub-CodexRuns/FULL_REPAIR_20261001/candidate/frontend/tests/foundation/ts-extension-loader.mjs", pathToFileURL("./"));'
(Use `node --trace-warnings ...` to show where the warning was created)
▶ CommunityV2MetamorphicTests
  ✔ Metamorphic 1: Post array reordering has zero effect on consensus state and cluster counts (11.848ms)
  ✔ Metamorphic 2: JSON serialization roundtrip preserves entity semantics (0.6002ms)
✔ CommunityV2MetamorphicTests (13.8541ms)
ℹ tests 2
ℹ suites 1
ℹ pass 2
ℹ fail 0
ℹ cancelled 0
ℹ skipped 0
ℹ todo 0
ℹ duration_ms 22.9157
(node:8340) ExperimentalWarning: `--experimental-loader` may be removed in the future; instead use `register()`:
--import 'data:text/javascript,import { register } from "node:module"; import { pathToFileURL } from "node:url"; register("file%3A///D%3A/StudentHub-CodexRuns/FULL_REPAIR_20261001/candidate/frontend/tests/foundation/ts-extension-loader.mjs", pathToFileURL("./"));'
(Use `node --trace-warnings ...` to show where the warning was created)
▶ CommunityV2MutationTestSuite
  ✔ Mutant 1: Forum post must NEVER directly create verified official regulation (5.1406ms)
  ✔ Mutant 2: High upvote count must NEVER elevate rumor to STRONG_COMMUNITY_SIGNAL (9.3196ms)
  ✔ Mutant 3: Duplicate posts must NEVER produce independent cluster units (1.9801ms)
  ✔ Mutant 4: 3-year old post must NEVER evaluate to CURRENT_EXPERIENCE (0.3257ms)
  ✔ Mutant 5: A single severe report must NEVER be labeled as systemic incident (0.6272ms)
  ✔ Mutant 6: Commercial link spam must NEVER evaluate to COORDINATION_RISK.NONE (1.0826ms)
  ✔ Mutant 7: Sockpuppet cluster must NEVER be counted as independent users (8.4869ms)
  ✔ Mutant 8: Faculty context difference must NOT be flattened into a single global average (0.6504ms)
  ✔ Mutant 9: Client cannot inject verified official status into post badge (0.3297ms)
  ✔ Mutant 10: Syndication ratio >= 0.5 must trigger COORDINATED_COPY_PASTE risk (1.0372ms)
✔ CommunityV2MutationTestSuite (31.2438ms)
ℹ tests 10
ℹ suites 1
ℹ pass 10
ℹ fail 0
ℹ cancelled 0
ℹ skipped 0
ℹ todo 0
ℹ duration_ms 40.498
(node:33244) ExperimentalWarning: `--experimental-loader` may be removed in the future; instead use `register()`:
--import 'data:text/javascript,import { register } from "node:module"; import { pathToFileURL } from "node:url"; register("file%3A///D%3A/StudentHub-CodexRuns/FULL_REPAIR_20261001/candidate/frontend/tests/foundation/ts-extension-loader.mjs", pathToFileURL("./"));'
(Use `node --trace-warnings ...` to show where the warning was created)
▶ CommunityV2PropertyTests
  ✔ Property 1: Idempotency — Clustering identical post arrays produces identical provenance clusters (5.4776ms)
  ✔ Property 2: Upvote & Like count changes have ZERO effect on consensus determination (3.4165ms)
  ✔ Property 3: Client cannot inject official authority into community author profile (0.5129ms)
  ✔ Property 4: Duplicate post array never produces extra independent units (0.6397ms)
✔ CommunityV2PropertyTests (11.7368ms)
ℹ tests 4
ℹ suites 1
ℹ pass 4
ℹ fail 0
ℹ cancelled 0
ℹ skipped 0
ℹ todo 0
ℹ duration_ms 20.6495
(node:32416) ExperimentalWarning: `--experimental-loader` may be removed in the future; instead use `register()`:
--import 'data:text/javascript,import { register } from "node:module"; import { pathToFileURL } from "node:url"; register("file%3A///D%3A/StudentHub-CodexRuns/FULL_REPAIR_20261001/candidate/frontend/tests/foundation/ts-extension-loader.mjs", pathToFileURL("./"));'
(Use `node --trace-warnings ...` to show where the warning was created)
▶ CommunityV2ProvenanceClustering
  ✔ should collapse 20 identical copy-pasted posts into exactly 1 provenance cluster (34.308ms)
  ✔ should recognize genuine independent clusters when distinct students write distinct reports (1.4827ms)
✔ CommunityV2ProvenanceClustering (37.2219ms)
ℹ tests 2
ℹ suites 1
ℹ pass 2
ℹ fail 0
ℹ cancelled 0
ℹ skipped 0
ℹ todo 0
ℹ duration_ms 44.7774
(node:30640) ExperimentalWarning: `--experimental-loader` may be removed in the future; instead use `register()`:
--import 'data:text/javascript,import { register } from "node:module"; import { pathToFileURL } from "node:url"; register("file%3A///D%3A/StudentHub-CodexRuns/FULL_REPAIR_20261001/candidate/frontend/tests/foundation/ts-extension-loader.mjs", pathToFileURL("./"));'
(Use `node --trace-warnings ...` to show where the warning was created)
▶ CommunityV2RealityGapEngine
  ✔ should evaluate SIGNIFICANT_OPERATIONAL_GAP when community turnaround is 6-8 days vs 3-day target (14.3726ms)
  ✔ should evaluate ALIGNED when community turnaround matches official benchmark (0.8495ms)
  ✔ should return NO_COMMUNITY_EVIDENCE when zero student posts exist (0.2754ms)
✔ CommunityV2RealityGapEngine (17.0464ms)
ℹ tests 3
ℹ suites 1
ℹ pass 3
ℹ fail 0
ℹ cancelled 0
ℹ skipped 0
ℹ todo 0
ℹ duration_ms 24.5809
(node:14516) ExperimentalWarning: `--experimental-loader` may be removed in the future; instead use `register()`:
--import 'data:text/javascript,import { register } from "node:module"; import { pathToFileURL } from "node:url"; register("file%3A///D%3A/StudentHub-CodexRuns/FULL_REPAIR_20261001/candidate/frontend/tests/foundation/ts-extension-loader.mjs", pathToFileURL("./"));'
(Use `node --trace-warnings ...` to show where the warning was created)
▶ CommunityV2RedTeamAdversarialSuite
  ✔ Attack A & L: 20 Sockpuppet accounts posting from shared device fingerprint are flagged (10.503ms)
  ✔ Attack B: AI-generated coordinated posting pattern is caught by synthetic detector (1.3826ms)
  ✔ Attack D: Commercial link spam is flagged as POTENTIAL_COMMERCIAL_INTEREST (1.1227ms)
  ✔ Attack M: Copied article distributed across forum collapses to 1 provenance cluster (2.8865ms)
  ✔ Attack J: Community consensus contradicting official source remains purely COMMUNITY_SIGNAL (3.6709ms)
  ✔ Attack K: Rare edge-case is preserved as RARE_EDGE_CASE rather than dismissed or labeled systemic (0.4841ms)
✔ CommunityV2RedTeamAdversarialSuite (22.0878ms)
ℹ tests 6
ℹ suites 1
ℹ pass 6
ℹ fail 0
ℹ cancelled 0
ℹ skipped 0
ℹ todo 0
ℹ duration_ms 32.4469
(node:28032) ExperimentalWarning: `--experimental-loader` may be removed in the future; instead use `register()`:
--import 'data:text/javascript,import { register } from "node:module"; import { pathToFileURL } from "node:url"; register("file%3A///D%3A/StudentHub-CodexRuns/FULL_REPAIR_20261001/candidate/frontend/tests/foundation/ts-extension-loader.mjs", pathToFileURL("./"));'
(Use `node --trace-warnings ...` to show where the warning was created)
✔ reaction integrity keeps a normal typed reaction clean (3.5944ms)
✔ duplicate, burst, and coordinated-account patterns are signals only (0.9841ms)
✔ reciprocal helpful, suspended actor, and inactive target remain reviewable without automatic guilt (0.574ms)
ℹ tests 3
ℹ suites 0
ℹ pass 3
ℹ fail 0
ℹ cancelled 0
ℹ skipped 0
ℹ todo 0
ℹ duration_ms 29.2247
(node:18792) ExperimentalWarning: `--experimental-loader` may be removed in the future; instead use `register()`:
--import 'data:text/javascript,import { register } from "node:module"; import { pathToFileURL } from "node:url"; register("file%3A///D%3A/StudentHub-CodexRuns/FULL_REPAIR_20261001/candidate/frontend/tests/foundation/ts-extension-loader.mjs", pathToFileURL("./"));'
(Use `node --trace-warnings ...` to show where the warning was created)
✔ stale authority is denied for new submissions while historical lineage is retained (1.8969ms)
✔ verification and assignment revisions are database-owned and monotonic (0.2484ms)
ℹ tests 2
ℹ suites 0
ℹ pass 2
ℹ fail 0
ℹ cancelled 0
ℹ skipped 0
ℹ todo 0
ℹ duration_ms 8.1257
(node:34668) ExperimentalWarning: `--experimental-loader` may be removed in the future; instead use `register()`:
--import 'data:text/javascript,import { register } from "node:module"; import { pathToFileURL } from "node:url"; register("file%3A///D%3A/StudentHub-CodexRuns/FULL_REPAIR_20261001/candidate/frontend/tests/foundation/ts-extension-loader.mjs", pathToFileURL("./"));'
(Use `node --trace-warnings ...` to show where the warning was created)
✔ Expert review requests are durable, private, and separate from assignment authority (5.5498ms)
✔ Expert request permission is available to authenticated student and expert roles (2.1767ms)
ℹ tests 2
ℹ suites 0
ℹ pass 2
ℹ fail 0
ℹ cancelled 0
ℹ skipped 0
ℹ todo 0
ℹ duration_ms 32.4602
(node:29556) ExperimentalWarning: `--experimental-loader` may be removed in the future; instead use `register()`:
--import 'data:text/javascript,import { register } from "node:module"; import { pathToFileURL } from "node:url"; register("file%3A///D%3A/StudentHub-CodexRuns/FULL_REPAIR_20261001/candidate/frontend/tests/foundation/ts-extension-loader.mjs", pathToFileURL("./"));'
(Use `node --trace-warnings ...` to show where the warning was created)
✔ passport artifact hash is stable across issuance time and preserves Expert authority lineage (4.414ms)
✔ passport artifact changes when the authority snapshot digest changes (0.474ms)
ℹ tests 2
ℹ suites 0
ℹ pass 2
ℹ fail 0
ℹ cancelled 0
ℹ skipped 0
ℹ todo 0
ℹ duration_ms 12.775
(node:26476) ExperimentalWarning: `--experimental-loader` may be removed in the future; instead use `register()`:
--import 'data:text/javascript,import { register } from "node:module"; import { pathToFileURL } from "node:url"; register("file%3A///D%3A/StudentHub-CodexRuns/FULL_REPAIR_20261001/candidate/frontend/tests/foundation/ts-extension-loader.mjs", pathToFileURL("./"));'
(Use `node --trace-warnings ...` to show where the warning was created)
﹣ PHASE 8 LIVE GATE: Community & Expert scoped authority, verification, and Trust case binding (1.5802ms) # DISPOSABLE_DB_BLOCKED_BY_LOCAL_ENV
ℹ tests 1
ℹ suites 0
ℹ pass 0
ℹ fail 0
ℹ cancelled 0
ℹ skipped 1
ℹ todo 0
ℹ duration_ms 13.8101
(node:21712) ExperimentalWarning: `--experimental-loader` may be removed in the future; instead use `register()`:
--import 'data:text/javascript,import { register } from "node:module"; import { pathToFileURL } from "node:url"; register("file%3A///D%3A/StudentHub-CodexRuns/FULL_REPAIR_20261001/candidate/frontend/tests/foundation/ts-extension-loader.mjs", pathToFileURL("./"));'
(Use `node --trace-warnings ...` to show where the warning was created)
✔ Promax state machines keep publication, evidence, review, and qualification separate (2.4384ms)
✔ golden scholarship contribution requires a claim binding (0.4969ms)
✔ privacy scan catches text, image, QR, and location identifiers before publication (2.6905ms)
✔ source clustering does not mistake reposted accounts for independent evidence (1.3619ms)
✔ strong fresh primary evidence can outrank a famous contributor with stale evidence (0.8727ms)
✔ reactions remain typed signals and quality retries do not inflate reputation (0.7683ms)
✔ community track record is a bounded candidate signal, never expert authority (0.5035ms)
✔ five-star status requires evaluated outcomes, stability, recent activity, and no active sanction (0.3024ms)
✔ assessment and appeal checks fail closed for revoked, unassigned, and self actors (0.6209ms)
✔ privacy preview digest binds the exact case, claim, and evidence revision set (1.8295ms)
✔ assessment disagreement stays explicit and escalates to an independent third review (0.6308ms)
✔ starter evaluation fixtures are synthetic, revision-bound, and claim-addressable (0.3216ms)
ℹ tests 12
ℹ suites 0
ℹ pass 12
ℹ fail 0
ℹ cancelled 0
ℹ skipped 0
ℹ todo 0
ℹ duration_ms 23.3568
(node:4076) ExperimentalWarning: `--experimental-loader` may be removed in the future; instead use `register()`:
--import 'data:text/javascript,import { register } from "node:module"; import { pathToFileURL } from "node:url"; register("file%3A///D%3A/StudentHub-CodexRuns/FULL_REPAIR_20261001/candidate/frontend/tests/foundation/ts-extension-loader.mjs", pathToFileURL("./"));'
(Use `node --trace-warnings ...` to show where the warning was created)
﹣ LOCAL G3 LIVE: idempotency, concurrent writers, authority revocation, and outbox leases (1.1574ms) # DISPOSABLE_DB_BLOCKED_BY_LOCAL_ENV
ℹ tests 1
ℹ suites 0
ℹ pass 0
ℹ fail 0
ℹ cancelled 0
ℹ skipped 1
ℹ todo 0
ℹ duration_ms 13.1261
(node:27824) ExperimentalWarning: `--experimental-loader` may be removed in the future; instead use `register()`:
--import 'data:text/javascript,import { register } from "node:module"; import { pathToFileURL } from "node:url"; register("file%3A///D%3A/StudentHub-CodexRuns/FULL_REPAIR_20261001/candidate/frontend/tests/foundation/ts-extension-loader.mjs", pathToFileURL("./"));'
(Use `node --trace-warnings ...` to show where the warning was created)
✔ Community live routes cannot silently use the JSON authority (3.1208ms)
✔ Forum reactions are durable and explicitly separated from trust (1.6939ms)
✔ Expert submission route requires assignment, COI declaration, and no submission quality mutation (1.3662ms)
✔ Expert assignment is scoped and idempotent before it enters the review queue (2.2883ms)
✔ legacy stores are only selected through explicit demo adapters (3.1064ms)
✔ review and Trust bridge routes preserve scope and authority boundaries (2.0471ms)
✔ file preview validates binary content before any private object is publishable (0.5377ms)
✔ community revisions use expected-revision, privacy confirmation, and durable history (0.8398ms)
✔ expert qualification requires a supervised evidence-based practice review before activation (17.9947ms)
✔ appeals have a separate independent resolver and append-only decision history (1.2254ms)
ℹ tests 10
ℹ suites 0
ℹ pass 10
ℹ fail 0
ℹ cancelled 0
ℹ skipped 0
ℹ todo 0
ℹ duration_ms 42.6225
(node:26584) ExperimentalWarning: `--experimental-loader` may be removed in the future; instead use `register()`:
--import 'data:text/javascript,import { register } from "node:module"; import { pathToFileURL } from "node:url"; register("file%3A///D%3A/StudentHub-CodexRuns/FULL_REPAIR_20261001/candidate/frontend/tests/foundation/ts-extension-loader.mjs", pathToFileURL("./"));'
(Use `node --trace-warnings ...` to show where the warning was created)
✔ track record is authenticated, principal-bound, aggregate-only, and non-authoritative (1.5586ms)
✔ private quality history stays server-owned and is never exposed by the projection route (0.5595ms)
ℹ tests 2
ℹ suites 0
ℹ pass 2
ℹ fail 0
ℹ cancelled 0
ℹ skipped 0
ℹ todo 0
ℹ duration_ms 11.2279
(node:30836) ExperimentalWarning: `--experimental-loader` may be removed in the future; instead use `register()`:
--import 'data:text/javascript,import { register } from "node:module"; import { pathToFileURL } from "node:url"; register("file%3A///D%3A/StudentHub-CodexRuns/FULL_REPAIR_20261001/candidate/frontend/tests/foundation/ts-extension-loader.mjs", pathToFileURL("./"));'
(Use `node --trace-warnings ...` to show where the warning was created)
✔ migration and persistence failures remain truthful at the UI boundary (4.6956ms)
✔ live Community and Expert providers preserve EMPTY/UNAVAILABLE instead of synthetic fallback (3.9228ms)
ℹ tests 2
ℹ suites 0
ℹ pass 2
ℹ fail 0
ℹ cancelled 0
ℹ skipped 0
ℹ todo 0
ℹ duration_ms 18.2021
(node:31628) ExperimentalWarning: `--experimental-loader` may be removed in the future; instead use `register()`:
--import 'data:text/javascript,import { register } from "node:module"; import { pathToFileURL } from "node:url"; register("file%3A///D%3A/StudentHub-CodexRuns/FULL_REPAIR_20261001/candidate/frontend/tests/foundation/ts-extension-loader.mjs", pathToFileURL("./"));'
(Use `node --trace-warnings ...` to show where the warning was created)
✔ Guard 2: Canonical four-layer product mapping inspection and verification (2.3147ms)
✔ Guard 2: Monotonic progress: When L1 completes (3ms) and L2A is running, Macro 1 is COMPLETE and Macro 2 is RUNNING (3.6113ms)
✔ Guard 3: Trust run reaches L5 and final result appears when /api/realtime/stream is unavailable (185.0461ms)
✔ Guard 4: Preserve exact provider failure semantics without flattening (1.5857ms)
✔ Guard 5: Returning-user profile routing distinguishes all 4 profile states (0.5477ms)
✔ Guard 6: Stacking context rules in globals.css prevent overlay blocking (3.7017ms)
✔ Guard 7: Qualification deduplication reuses AuthContext state ownership (3.6839ms)
ℹ tests 7
ℹ suites 0
ℹ pass 7
ℹ fail 0
ℹ cancelled 0
ℹ skipped 0
ℹ todo 0
ℹ duration_ms 207.8054
(node:23164) ExperimentalWarning: `--experimental-loader` may be removed in the future; instead use `register()`:
--import 'data:text/javascript,import { register } from "node:module"; import { pathToFileURL } from "node:url"; register("file%3A///D%3A/StudentHub-CodexRuns/FULL_REPAIR_20261001/candidate/frontend/tests/foundation/ts-extension-loader.mjs", pathToFileURL("./"));'
(Use `node --trace-warnings ...` to show where the warning was created)
✔ academic workflow migration defines additive server-owned durable state (1.9601ms)
✔ shared task and notification durability remains wired without the retired Academic route (0.2172ms)
ℹ tests 2
ℹ suites 0
ℹ pass 2
ℹ fail 0
ℹ cancelled 0
ℹ skipped 0
ℹ todo 0
ℹ duration_ms 7.505
(node:27884) ExperimentalWarning: `--experimental-loader` may be removed in the future; instead use `register()`:
--import 'data:text/javascript,import { register } from "node:module"; import { pathToFileURL } from "node:url"; register("file%3A///D%3A/StudentHub-CodexRuns/FULL_REPAIR_20261001/candidate/frontend/tests/foundation/ts-extension-loader.mjs", pathToFileURL("./"));'
(Use `node --trace-warnings ...` to show where the warning was created)
﹣ durable academic repositories — disposable PostgreSQL proof (0.4556ms) # DISPOSABLE_DB_BLOCKED_BY_LOCAL_ENV
ℹ tests 0
ℹ suites 1
ℹ pass 0
ℹ fail 0
ℹ cancelled 0
ℹ skipped 0
ℹ todo 0
ℹ duration_ms 5.4466
(node:3240) ExperimentalWarning: `--experimental-loader` may be removed in the future; instead use `register()`:
--import 'data:text/javascript,import { register } from "node:module"; import { pathToFileURL } from "node:url"; register("file%3A///D%3A/StudentHub-CodexRuns/FULL_REPAIR_20261001/candidate/frontend/tests/foundation/ts-extension-loader.mjs", pathToFileURL("./"));'
(Use `node --trace-warnings ...` to show where the warning was created)
﹣ Beta User Proof 1: USER_A creates durable trust execution with idempotency key (0.8731ms) # DISPOSABLE_DB_BLOCKED_BY_LOCAL_ENV
﹣ Beta User Proof 2: Cross-Tenant Isolation & IDOR Defense (USER_B cannot read USER_A's records) (0.3109ms) # DISPOSABLE_DB_BLOCKED_BY_LOCAL_ENV
﹣ Beta User Proof 3: Idempotency Replay Verification (Same payload returns identical result, differing payload conflicts) (0.2214ms) # DISPOSABLE_DB_BLOCKED_BY_LOCAL_ENV
﹣ Beta User Proof 4: Durable Report Jobs Isolation & Idempotency (0.1515ms) # DISPOSABLE_DB_BLOCKED_BY_LOCAL_ENV
ℹ tests 4
ℹ suites 0
ℹ pass 0
ℹ fail 0
ℹ cancelled 0
ℹ skipped 4
ℹ todo 0
ℹ duration_ms 12.1588
(node:35932) ExperimentalWarning: `--experimental-loader` may be removed in the future; instead use `register()`:
--import 'data:text/javascript,import { register } from "node:module"; import { pathToFileURL } from "node:url"; register("file%3A///D%3A/StudentHub-CodexRuns/FULL_REPAIR_20261001/candidate/frontend/tests/foundation/ts-extension-loader.mjs", pathToFileURL("./"));'
(Use `node --trace-warnings ...` to show where the warning was created)
✔ Promax migration has one durable Community/Expert authority with the required state dimensions (2.36ms)
✔ Promax migration preserves history and expands the existing internal outbox (0.588ms)
✔ authority snapshot migration is forward-only and stores verifiable lineage (0.9984ms)
ℹ tests 3
ℹ suites 0
ℹ pass 3
ℹ fail 0
ℹ cancelled 0
ℹ skipped 0
ℹ todo 0
ℹ duration_ms 11.6007
(node:17068) ExperimentalWarning: `--experimental-loader` may be removed in the future; instead use `register()`:
--import 'data:text/javascript,import { register } from "node:module"; import { pathToFileURL } from "node:url"; register("file%3A///D%3A/StudentHub-CodexRuns/FULL_REPAIR_20261001/candidate/frontend/tests/foundation/ts-extension-loader.mjs", pathToFileURL("./"));'
(Use `node --trace-warnings ...` to show where the warning was created)
▶ DatabaseAdapter Hardening & Production Guardrails
  ✔ dev/test mode: safely uses DURABLE_FILE with atomic persistence and version increment (33.5348ms)
  ✔ production guardrail: unconfigured Supabase in production throws DatabaseNotConfiguredError (1.5555ms)
  ✔ production guardrail: Supabase outage in production fails explicitly and never falls back to JSON (7118.2363ms)
  ✔ production guardrail: configuredMode=DURABLE_FILE in production is rejected and set to NOT_CONFIGURED (0.5988ms)
✔ DatabaseAdapter Hardening & Production Guardrails (7155.1515ms)
ℹ tests 4
ℹ suites 1
ℹ pass 4
ℹ fail 0
ℹ cancelled 0
ℹ skipped 0
ℹ todo 0
ℹ duration_ms 7160.1607
(node:15072) ExperimentalWarning: `--experimental-loader` may be removed in the future; instead use `register()`:
--import 'data:text/javascript,import { register } from "node:module"; import { pathToFileURL } from "node:url"; register("file%3A///D%3A/StudentHub-CodexRuns/FULL_REPAIR_20261001/candidate/frontend/tests/foundation/ts-extension-loader.mjs", pathToFileURL("./"));'
(Use `node --trace-warnings ...` to show where the warning was created)
✔ all database mutation gates require the explicit disposable-db guard (65.5605ms)
✔ the disposable guard cannot accept DATABASE_URL as an implicit target (0.373ms)
✔ blind Expert database tests skip unless the disposable guard configures the pool (1.5356ms)
ℹ tests 3
ℹ suites 0
ℹ pass 3
ℹ fail 0
ℹ cancelled 0
ℹ skipped 0
ℹ todo 0
ℹ duration_ms 72.2935
(node:33476) ExperimentalWarning: `--experimental-loader` may be removed in the future; instead use `register()`:
--import 'data:text/javascript,import { register } from "node:module"; import { pathToFileURL } from "node:url"; register("file%3A///D%3A/StudentHub-CodexRuns/FULL_REPAIR_20261001/candidate/frontend/tests/foundation/ts-extension-loader.mjs", pathToFileURL("./"));'
(Use `node --trace-warnings ...` to show where the warning was created)
✔ Option B: Anonymous caller is strictly ephemeral (zero DB mapping) (1.269ms)
✔ Option B: SecurityPrincipal with subjectId (user:uuid) resolves ownerId (3.5156ms)
✔ Option B: DurableTrustRepository rejects persistence without ownerId (0.8581ms)
✔ TrustPersistenceMapper maps authenticated pipeline result to relational DTO (1.3886ms)
﹣ Live Database: End-to-end atomic persistence & entity deduplication (Option B) (0.0744ms) # DISPOSABLE_DB_BLOCKED_BY_LOCAL_ENV
ℹ tests 5
ℹ suites 0
ℹ pass 4
ℹ fail 0
ℹ cancelled 0
ℹ skipped 1
ℹ todo 0
ℹ duration_ms 11.6058
(node:8004) ExperimentalWarning: `--experimental-loader` may be removed in the future; instead use `register()`:
--import 'data:text/javascript,import { register } from "node:module"; import { pathToFileURL } from "node:url"; register("file%3A///D%3A/StudentHub-CodexRuns/FULL_REPAIR_20261001/candidate/frontend/tests/foundation/ts-extension-loader.mjs", pathToFileURL("./"));'
(Use `node --trace-warnings ...` to show where the warning was created)
✔ expert qualification migration keeps the workflow server-owned (0.7725ms)
✔ Labbe hand-off is durable, leased, and retriable (0.1988ms)
✔ Trust persistence separates case, run, stage run, and immutable revisions (0.2573ms)
✔ Trust stage persistence accepts both V5 and four-layer stage identities (0.314ms)
ℹ tests 4
ℹ suites 0
ℹ pass 4
ℹ fail 0
ℹ cancelled 0
ℹ skipped 0
ℹ todo 0
ℹ duration_ms 5.9914
(node:32376) ExperimentalWarning: `--experimental-loader` may be removed in the future; instead use `register()`:
--import 'data:text/javascript,import { register } from "node:module"; import { pathToFileURL } from "node:url"; register("file%3A///D%3A/StudentHub-CodexRuns/FULL_REPAIR_20261001/candidate/frontend/tests/foundation/ts-extension-loader.mjs", pathToFileURL("./"));'
(Use `node --trace-warnings ...` to show where the warning was created)
✔ Expert V5 migration defines source, question, mission and room persistence without fake seed content (1.1807ms)
✔ Expert V5 storage uses private RLS and reuses the existing reputation ledger (0.3523ms)
✔ V5 daily mission question and timer rules are persisted and server configurable (0.3654ms)
✔ V5 staging advisor hardening pins trigger search path and covers reported foreign keys (0.14ms)
ℹ tests 4
ℹ suites 0
ℹ pass 4
ℹ fail 0
ℹ cancelled 0
ℹ skipped 0
ℹ todo 0
ℹ duration_ms 6.4473
(node:30432) ExperimentalWarning: `--experimental-loader` may be removed in the future; instead use `register()`:
--import 'data:text/javascript,import { register } from "node:module"; import { pathToFileURL } from "node:url"; register("file%3A///D%3A/StudentHub-CodexRuns/FULL_REPAIR_20261001/candidate/frontend/tests/foundation/ts-extension-loader.mjs", pathToFileURL("./"));'
(Use `node --trace-warnings ...` to show where the warning was created)
▶ Feature-freeze cross-system migration contract
  ✔ defines Passport, append-only events, Decision Twin, follow, and material notifications (0.9975ms)
  ✔ blocks persisted demo data and does not grant event update or delete (0.2595ms)
  ✔ binds all user-facing records to auth.uid() ownership (0.4442ms)
  ✔ keeps both live APIs authenticated and server-authorized (0.1353ms)
  ✔ serializes concurrent Passport appends and rejects stale revisions (0.142ms)
  ✔ never trusts browser-supplied evidence or decision authority (0.1331ms)
  ✔ prepares a private, owner-scoped screenshot storage boundary (0.4073ms)
✔ Feature-freeze cross-system migration contract (3.405ms)
ℹ tests 7
ℹ suites 1
ℹ pass 7
ℹ fail 0
ℹ cancelled 0
ℹ skipped 0
ℹ todo 0
ℹ duration_ms 8.4091
(node:24360) ExperimentalWarning: `--experimental-loader` may be removed in the future; instead use `register()`:
--import 'data:text/javascript,import { register } from "node:module"; import { pathToFileURL } from "node:url"; register("file%3A///D%3A/StudentHub-CodexRuns/FULL_REPAIR_20261001/candidate/frontend/tests/foundation/ts-extension-loader.mjs", pathToFileURL("./"));'
(Use `node --trace-warnings ...` to show where the warning was created)
﹣ PHASE 2 LIVE GATE: End-to-end Trust persistence, retrieval, cross-user denial, and idempotency (0.566ms) # DISPOSABLE_DB_BLOCKED_BY_LOCAL_ENV
ℹ tests 1
ℹ suites 0
ℹ pass 0
ℹ fail 0
ℹ cancelled 0
ℹ skipped 1
ℹ todo 0
ℹ duration_ms 5.4414
(node:23300) ExperimentalWarning: `--experimental-loader` may be removed in the future; instead use `register()`:
--import 'data:text/javascript,import { register } from "node:module"; import { pathToFileURL } from "node:url"; register("file%3A///D%3A/StudentHub-CodexRuns/FULL_REPAIR_20261001/candidate/frontend/tests/foundation/ts-extension-loader.mjs", pathToFileURL("./"));'
(Use `node --trace-warnings ...` to show where the warning was created)
﹣ PHASE 3 — live PostgreSQL/RLS proof (0.3407ms) # DISPOSABLE_DB_BLOCKED_BY_LOCAL_ENV
ℹ tests 0
ℹ suites 1
ℹ pass 0
ℹ fail 0
ℹ cancelled 0
ℹ skipped 0
ℹ todo 0
ℹ duration_ms 3.8469
(node:33272) ExperimentalWarning: `--experimental-loader` may be removed in the future; instead use `register()`:
--import 'data:text/javascript,import { register } from "node:module"; import { pathToFileURL } from "node:url"; register("file%3A///D%3A/StudentHub-CodexRuns/FULL_REPAIR_20261001/candidate/frontend/tests/foundation/ts-extension-loader.mjs", pathToFileURL("./"));'
(Use `node --trace-warnings ...` to show where the warning was created)
▶ PHASE 3 — migration and RLS contract
  ✔ defines durable sessions, audit, forum and V2 evidence foundations (1.1177ms)
  ✔ keeps privileged state private and prevents blanket profile privilege updates (0.4456ms)
  ✔ enables RLS and binds own-resource policies to auth.uid() (0.415ms)
  ✔ closes the private role-authority advisory with a service-only policy (0.2129ms)
  ✔ fails closed when durable PostgreSQL is not configured (0.462ms)
  ✔ keeps in-memory forum persistence behind the shared Community demo gate (0.1563ms)
✔ PHASE 3 — migration and RLS contract (3.8368ms)
ℹ tests 6
ℹ suites 1
ℹ pass 6
ℹ fail 0
ℹ cancelled 0
ℹ skipped 0
ℹ todo 0
ℹ duration_ms 8.6013
(node:4572) ExperimentalWarning: `--experimental-loader` may be removed in the future; instead use `register()`:
--import 'data:text/javascript,import { register } from "node:module"; import { pathToFileURL } from "node:url"; register("file%3A///D%3A/StudentHub-CodexRuns/FULL_REPAIR_20261001/candidate/frontend/tests/foundation/ts-extension-loader.mjs", pathToFileURL("./"));'
(Use `node --trace-warnings ...` to show where the warning was created)
﹣ PHASE 2 REPORT LIVE GATE: committed Trust snapshot, hash, ownership, and idempotency (0.5043ms) # DISPOSABLE_DB_BLOCKED_BY_LOCAL_ENV
ℹ tests 1
ℹ suites 0
ℹ pass 0
ℹ fail 0
ℹ cancelled 0
ℹ skipped 1
ℹ todo 0
ℹ duration_ms 5.1984
(node:25024) ExperimentalWarning: `--experimental-loader` may be removed in the future; instead use `register()`:
--import 'data:text/javascript,import { register } from "node:module"; import { pathToFileURL } from "node:url"; register("file%3A///D%3A/StudentHub-CodexRuns/FULL_REPAIR_20261001/candidate/frontend/tests/foundation/ts-extension-loader.mjs", pathToFileURL("./"));'
(Use `node --trace-warnings ...` to show where the warning was created)
✔ report vertical slice pins immutable Trust snapshots and keeps artifacts private (0.9165ms)
ℹ tests 1
ℹ suites 0
ℹ pass 1
ℹ fail 0
ℹ cancelled 0
ℹ skipped 0
ℹ todo 0
ℹ duration_ms 4.8707
(node:30952) ExperimentalWarning: `--experimental-loader` may be removed in the future; instead use `register()`:
--import 'data:text/javascript,import { register } from "node:module"; import { pathToFileURL } from "node:url"; register("file%3A///D%3A/StudentHub-CodexRuns/FULL_REPAIR_20261001/candidate/frontend/tests/foundation/ts-extension-loader.mjs", pathToFileURL("./"));'
(Use `node --trace-warnings ...` to show where the warning was created)
▶ Database Repository & Persistence Layer
  ✔ UserGoalRepository: should atomically persist, update and filter goals by subject (47.5218ms)
  ✔ EarlyWarningRepository: should store and retrieve emerging incident records (18.5664ms)
  ✔ AiMemoryRepository: should segregate memories by student subject (23.8296ms)
  ✔ DeviceRepository: should track multi-device states and synced preferences (27.5977ms)
✔ Database Repository & Persistence Layer (118.8157ms)
ℹ tests 4
ℹ suites 1
ℹ pass 4
ℹ fail 0
ℹ cancelled 0
ℹ skipped 0
ℹ todo 0
ℹ duration_ms 124.081
(node:31868) ExperimentalWarning: `--experimental-loader` may be removed in the future; instead use `register()`:
--import 'data:text/javascript,import { register } from "node:module"; import { pathToFileURL } from "node:url"; register("file%3A///D%3A/StudentHub-CodexRuns/FULL_REPAIR_20261001/candidate/frontend/tests/foundation/ts-extension-loader.mjs", pathToFileURL("./"));'
(Use `node --trace-warnings ...` to show where the warning was created)
▶ tracked forward schema reconciliation
  ✔ asserts existing outbox types, defaults, RLS and the precise old status constraint (0.6431ms)
  ✔ widens only the two reviewed staging profile checks and leaves row data untouched (0.1766ms)
  ✔ grants only server-role access to the exact four Expert V5 identity sequences (0.18ms)
  ✔ rehearses fresh plus both observed environment upgrade plans and preserves fixture digests (0.1987ms)
✔ tracked forward schema reconciliation (2.3317ms)
ℹ tests 4
ℹ suites 1
ℹ pass 4
ℹ fail 0
ℹ cancelled 0
ℹ skipped 0
ℹ todo 0
ℹ duration_ms 7.1551
(node:36784) ExperimentalWarning: `--experimental-loader` may be removed in the future; instead use `register()`:
--import 'data:text/javascript,import { register } from "node:module"; import { pathToFileURL } from "node:url"; register("file%3A///D%3A/StudentHub-CodexRuns/FULL_REPAIR_20261001/candidate/frontend/tests/foundation/ts-extension-loader.mjs", pathToFileURL("./"));'
(Use `node --trace-warnings ...` to show where the warning was created)
✔ Expert staging guard accepts only the acknowledged allowlisted Supabase identity (0.9ms)
✔ Expert staging guard rejects absent acknowledgement, Main, unknown ref, and API/DB disagreement (0.5312ms)
✔ generic disposable DB guard accepts loopback only and never an implicit remote DATABASE_URL (0.3318ms)
ℹ tests 3
ℹ suites 0
ℹ pass 3
ℹ fail 0
ℹ cancelled 0
ℹ skipped 0
ℹ todo 0
ℹ duration_ms 6.0387
(node:18584) ExperimentalWarning: `--experimental-loader` may be removed in the future; instead use `register()`:
--import 'data:text/javascript,import { register } from "node:module"; import { pathToFileURL } from "node:url"; register("file%3A///D%3A/StudentHub-CodexRuns/FULL_REPAIR_20261001/candidate/frontend/tests/foundation/ts-extension-loader.mjs", pathToFileURL("./"));'
(Use `node --trace-warnings ...` to show where the warning was created)
======================================================================
🏛️ STUDENTHUB AI v9 — SCIENTIFIC TEVV BENCHMARK SUITE
======================================================================
▶ Protocol 1: Model Champion / Challenger Gate & Zero-Regression Constraints
  ✔ should load valid Model Registry under Constitution 25-26 (7.1945ms)
  ✔ should approve promotion of a strictly superior challenger (PhoBERT-Mini) (1.1291ms)
  ✔ should REJECT promotion of a candidate with temporal regression or lower F1 (0.3297ms)
✔ Protocol 1: Model Champion / Challenger Gate & Zero-Regression Constraints (9.3228ms)
▶ Protocol 2: Out-of-Distribution (OOD) Detection & Responsible Abstention
  ✔ should responsibly abstain (INSUFFICIENT_EVIDENCE) on empty or ultra-short input (0.3453ms)
  ✔ should flag unfamiliar foreign scripts as OUT_OF_DISTRIBUTION (0.1805ms)
  ✔ should flag random entropy/gibberish payloads as OUT_OF_DISTRIBUTION (0.1416ms)
  ✔ should recognize standard Vietnamese academic/banking text as IN_DISTRIBUTION (0.1301ms)
✔ Protocol 2: Out-of-Distribution (OOD) Detection & Responsible Abstention (0.9869ms)
▶ Protocol 3: Master Evidence Graph & Multi-Evidence Reasoning
  ✔ should construct an Evidence Graph with individual confidences, source tiers, and timestamps (2.6851ms)
  ✔ should responsibly report CONFLICT_UNRESOLVED when contradicting evidence is detected (0.195ms)
✔ Protocol 3: Master Evidence Graph & Multi-Evidence Reasoning (3.0155ms)
▶ Protocol 4: AI Observatory Telemetry & OWASP GenAI 2025 Defense
  ✔ should generate a complete, valid observatory snapshot (0.2747ms)
✔ Protocol 4: AI Observatory Telemetry & OWASP GenAI 2025 Defense (0.3289ms)
ℹ tests 10
ℹ suites 4
ℹ pass 10
ℹ fail 0
ℹ cancelled 0
ℹ skipped 0
ℹ todo 0
ℹ duration_ms 18.779
(node:27944) ExperimentalWarning: `--experimental-loader` may be removed in the future; instead use `register()`:
--import 'data:text/javascript,import { register } from "node:module"; import { pathToFileURL } from "node:url"; register("file%3A///D%3A/StudentHub-CodexRuns/FULL_REPAIR_20261001/candidate/frontend/tests/foundation/ts-extension-loader.mjs", pathToFileURL("./"));'
(Use `node --trace-warnings ...` to show where the warning was created)

============================================================
📼 RUNNING CASE REPLAY & PROVENANCE PASSPORT EVALUATION
============================================================

  ✔ [SAFE          ] Case CASE-REPLAY-SAFE         -> Verdict: SUPPORTED              | Passport: e7a7298030f2...
  ✔ [HIGH_RISK     ] Case CASE-REPLAY-HIGHRISK     -> Verdict: HIGH_RISK              | Passport: 99f6d36beda1...
  ✔ [ABSTAINED     ] Case CASE-REPLAY-ABSTAINED    -> Verdict: INSUFFICIENT_EVIDENCE  | Passport: 3425e156fb52...
  ✔ [CONFLICTED    ] Case CASE-REPLAY-CONFLICTED   -> Verdict: CONFLICTED_EVIDENCE    | Passport: 57d6fa9b7902...
  ✔ [COUNTER_SEARCH] Case CASE-REPLAY-COUNTERSEARCH -> Verdict: CONTRADICTED           | Passport: 9f9c834fcb84...

📌 CASE REPLAY STATUS: CASE_REPLAY_VERIFIED (Hermetic, Cryptographically Reproducible)
============================================================

✔ CASE REPLAY EVALUATION (5 CASES ACROSS VERDICT TAXONOMY) (125.283ms)
ℹ tests 1
ℹ suites 0
ℹ pass 1
ℹ fail 0
ℹ cancelled 0
ℹ skipped 0
ℹ todo 0
ℹ duration_ms 128.959
(node:2728) ExperimentalWarning: `--experimental-loader` may be removed in the future; instead use `register()`:
--import 'data:text/javascript,import { register } from "node:module"; import { pathToFileURL } from "node:url"; register("file%3A///D%3A/StudentHub-CodexRuns/FULL_REPAIR_20261001/candidate/frontend/tests/foundation/ts-extension-loader.mjs", pathToFileURL("./"));'
(Use `node --trace-warnings ...` to show where the warning was created)
✔ entity metric rejects a different resolved institution (0.6939ms)
✔ entity metric accepts an explicit canonical ID alias (0.1254ms)
✔ entity metric excludes a policy topic from canonical entity accuracy (0.0791ms)
✔ entity metric does not award credit to an unrelated nonempty resolution (0.0903ms)
✔ entity metric excludes other topical labels from canonical entity accuracy (0.0941ms)
✔ entity metric scores the expected canonical identity without trusting a mismatched gold domain (0.0887ms)
ℹ tests 6
ℹ suites 0
ℹ pass 6
ℹ fail 0
ℹ cancelled 0
ℹ skipped 0
ℹ todo 0
ℹ duration_ms 6.1098
(node:15820) ExperimentalWarning: `--experimental-loader` may be removed in the future; instead use `register()`:
--import 'data:text/javascript,import { register } from "node:module"; import { pathToFileURL } from "node:url"; register("file%3A///D%3A/StudentHub-CodexRuns/FULL_REPAIR_20261001/candidate/frontend/tests/foundation/ts-extension-loader.mjs", pathToFileURL("./"));'
(Use `node --trace-warnings ...` to show where the warning was created)
✔ specific institution names resolve to their own canonical identity (210.525ms)
✔ generic institution labels remain unresolved or explicitly ambiguous (9.9159ms)
✔ specific HCMIU wording still resolves to its official identity (5.2318ms)
ℹ tests 3
ℹ suites 0
ℹ pass 3
ℹ fail 0
ℹ cancelled 0
ℹ skipped 0
ℹ todo 0
ℹ duration_ms 230.061
(node:34116) ExperimentalWarning: `--experimental-loader` may be removed in the future; instead use `register()`:
--import 'data:text/javascript,import { register } from "node:module"; import { pathToFileURL } from "node:url"; register("file%3A///D%3A/StudentHub-CodexRuns/FULL_REPAIR_20261001/candidate/frontend/tests/foundation/ts-extension-loader.mjs", pathToFileURL("./"));'
(Use `node --trace-warnings ...` to show where the warning was created)
✔ candidate pool merges sources without entity hard-gating and strips evaluation-only fields (1.4559ms)
ℹ tests 1
ℹ suites 0
ℹ pass 1
ℹ fail 0
ℹ cancelled 0
ℹ skipped 0
ℹ todo 0
ℹ duration_ms 4.6232
(node:32544) ExperimentalWarning: `--experimental-loader` may be removed in the future; instead use `register()`:
--import 'data:text/javascript,import { register } from "node:module"; import { pathToFileURL } from "node:url"; register("file%3A///D%3A/StudentHub-CodexRuns/FULL_REPAIR_20261001/candidate/frontend/tests/foundation/ts-extension-loader.mjs", pathToFileURL("./"));'
(Use `node --trace-warnings ...` to show where the warning was created)

============================================================
📋 RUNNING HISTORICAL RETRIEVAL VALIDATION V1 (GOLD-DERIVED, N=168)
============================================================

📊 1. STATIC_KB EVALUATION (Pre-indexed corpus only):
  Recall@5               : 16.7% [95% CI: 11.3% - 22.6%]
  NDCG@5                 : 84.3%
  Official Source Hit    : 100.0%

📊 2. LIVE_WEB EVALUATION (Dynamic portal retrieval):
  Recall@5               : 100.0% [95% CI: 100.0% - 100.0%]
  NDCG@5                 : 100.0%
  Official Source Hit    : 100.0%

📊 3. HYBRID PRODUCTION CANDIDATE (Static KB + Live Web + Authority Ladder):
  Recall@1               : 100.0%
  Recall@3               : 100.0%
  Recall@5 (Gate >= 92%) : 100.0% [95% CI: 100.0% - 100.0%]
  MRR                    : 1.0000
  NDCG@5 (Gate >= 88%)   : 98.8% [95% CI: 98.1% - 99.5%]
  Official Source Hit    : 100.0% (Gate >= 90%)
  Official Source Top-3  : 100.0%
  Irrelevant Top-1       : 0.0% (Gate <= 7%)
  Entity Resolution      : 99.4% (Gate >= 90%)

📌 HISTORICAL RETRIEVAL STATUS: RETRIEVAL_VALIDATION_V1
============================================================

✔ HISTORICAL RETRIEVAL VALIDATION V1 — GOLD-DERIVED ORACLE (N=168 QUERIES) (3925.478ms)
ℹ tests 1
ℹ suites 0
ℹ pass 1
ℹ fail 0
ℹ cancelled 0
ℹ skipped 0
ℹ todo 0
ℹ duration_ms 3931.7495
(node:12400) ExperimentalWarning: `--experimental-loader` may be removed in the future; instead use `register()`:
--import 'data:text/javascript,import { register } from "node:module"; import { pathToFileURL } from "node:url"; register("file%3A///D%3A/StudentHub-CodexRuns/FULL_REPAIR_20261001/candidate/frontend/tests/foundation/ts-extension-loader.mjs", pathToFileURL("./"));'
(Use `node --trace-warnings ...` to show where the warning was created)
﹣ HISTORICAL RETRIEVAL VALIDATION V1 (superseded by V3) (0.5033ms) # Superseded by blind runtime RETRIEVAL_VALIDATION_V1 V3; retained for historical comparison only
ℹ tests 1
ℹ suites 0
ℹ pass 0
ℹ fail 0
ℹ cancelled 0
ℹ skipped 1
ℹ todo 0
ℹ duration_ms 3.823
[QUALITY_GATE] BLOCKED_BY_EXTERNAL_GATE: frontend\tests\evidence\fresh_retrieval_holdout_v3.test.mjs
[QUALITY_GATE] BLOCKED_BY_EXTERNAL_GATE: frontend\tests\evidence\fresh_retrieval_holdout_v4.test.mjs
[QUALITY_GATE] BLOCKED_BY_EXTERNAL_GATE: frontend\tests\evidence\fresh_retrieval_holdout_v5_public_api.test.mjs
(node:5140) ExperimentalWarning: `--experimental-loader` may be removed in the future; instead use `register()`:
--import 'data:text/javascript,import { register } from "node:module"; import { pathToFileURL } from "node:url"; register("file%3A///D%3A/StudentHub-CodexRuns/FULL_REPAIR_20261001/candidate/frontend/tests/foundation/ts-extension-loader.mjs", pathToFileURL("./"));'
(Use `node --trace-warnings ...` to show where the warning was created)

============================================================
📋 RUNNING HISTORICAL SOURCE INDEPENDENCE VALIDATION V1 (N=100 UNITS)
============================================================

📊 OVERALL SOURCE INDEPENDENCE METRICS:
  Units Evaluated            : 100
  Exact Count Accuracy       : 100.0% (Gate >= 92.0%)
  Same-Origin Precision      : 100.0%
  Same-Origin Recall         : 100.0%
  Same-Origin F1             : 100.0% (Gate >= 93.0%)
  False Merge Rate           : 0.00% (Gate <= 2.0%)
  False Split Rate           : 0.00%

📈 CHALLENGE TYPE BREAKDOWN:
  - VERBATIM_SYNDICATION         (N=15): Accuracy=100.0%
  - LIGHT_REWRITES               (N=15): Accuracy=100.0%
  - TRANSLATION                  (N=10): Accuracy=100.0%
  - WIRE_SERVICE_ATTRIBUTION     (N=15): Accuracy=100.0%
  - PRESS_RELEASE_MIRRORS        (N=15): Accuracy=100.0%
  - SAME_EVENT_INDEPENDENT       (N=15): Accuracy=100.0%
  - SAME_DOMAIN_DIFFERENT_DOCS   (N=10): Accuracy=100.0%
  - CROSS_DOMAIN_COPIED          (N= 5): Accuracy=100.0%

📌 SOURCE INDEPENDENCE STATUS: SOURCE_INDEPENDENCE_VALIDATION_V1
============================================================

✔ HISTORICAL SOURCE INDEPENDENCE VALIDATION V1 (N=100 UNITS) (10.2771ms)
ℹ tests 1
ℹ suites 0
ℹ pass 1
ℹ fail 0
ℹ cancelled 0
ℹ skipped 0
ℹ todo 0
ℹ duration_ms 13.6026
(node:15200) ExperimentalWarning: `--experimental-loader` may be removed in the future; instead use `register()`:
--import 'data:text/javascript,import { register } from "node:module"; import { pathToFileURL } from "node:url"; register("file%3A///D%3A/StudentHub-CodexRuns/FULL_REPAIR_20261001/candidate/frontend/tests/foundation/ts-extension-loader.mjs", pathToFileURL("./"));'
(Use `node --trace-warnings ...` to show where the warning was created)

============================================================
📋 RUNNING SOURCE INDEPENDENCE VALIDATION V2 (N=150 CLUSTERS)
============================================================

📊 1. CLUSTERING PAIRWISE METRICS (N=150):
  Pairwise Precision : 100.00%
  Pairwise Recall    : 100.00%
  Pairwise F1 Score  : 100.00% [Target >= 93.0%]
  False Merge Rate   : 0.00% [Target <= 2.0%]
  False Split Rate   : 0.00%

🎯 2. ORIGIN COUNT ACCURACY:
  Exact Origin Count Matches : 150 / 150 (100.00%) [Target >= 90.0%]

📑 3. BREAKDOWN BY CHALLENGE TYPE:
--------------------------------------------------------------------------------
Challenge Type                       | Units | Exact Matches | Accuracy
--------------------------------------------------------------------------------
WIRE_COPY_CHAIN                      |    19 |            19 | 100.0%
TRANSLATION_REPOST                   |    19 |            19 | 100.0%
PARTIAL_REWRITE_PARAPHRASE           |    19 |            19 | 100.0%
SAME_PRIMARY_SOURCE_CHAIN            |    19 |            19 | 100.0%
INDEPENDENT_INVESTIGATION_SAME_EVENT |    19 |            19 | 100.0%
SAME_DOMAIN_DISTINCT_OFFICIAL_DOCS   |    19 |            19 | 100.0%
CROSS_DOMAIN_MIRROR                  |    18 |            18 | 100.0%
PRESS_RELEASE_SYNDICATION            |    18 |            18 | 100.0%
--------------------------------------------------------------------------------

📌 GATES CHECK FOR SOURCE INDEPENDENCE VALIDATION V2:
  - F1 Score >= 93.0%:             PASS (100.00%)
  - False Merge Rate <= 2.0%:      PASS (0.00%)
  - Origin Count Acc >= 90.0%:     PASS (100.00%)

STATUS: SOURCE_INDEPENDENCE_VALIDATION_V2_VERIFIED
============================================================

✔ SOURCE INDEPENDENCE VALIDATION V2 — BLIND ORIGIN FEATURES (N=150 CLUSTERS) (10.7423ms)
ℹ tests 1
ℹ suites 0
ℹ pass 1
ℹ fail 0
ℹ cancelled 0
ℹ skipped 0
ℹ todo 0
ℹ duration_ms 14.1131
[QUALITY_GATE] BLOCKED_BY_EXTERNAL_GATE: frontend\tests\evidence\live_web_retrieval.test.mjs
(node:34012) ExperimentalWarning: `--experimental-loader` may be removed in the future; instead use `register()`:
--import 'data:text/javascript,import { register } from "node:module"; import { pathToFileURL } from "node:url"; register("file%3A///D%3A/StudentHub-CodexRuns/FULL_REPAIR_20261001/candidate/frontend/tests/foundation/ts-extension-loader.mjs", pathToFileURL("./"));'
(Use `node --trace-warnings ...` to show where the warning was created)
✔ MetricForensics uses exact CP bounds and query-specific IR denominators (1.6348ms)
✔ MetricForensics covers calibration and predicted-only classes (0.276ms)
ℹ tests 2
ℹ suites 0
ℹ pass 2
ℹ fail 0
ℹ cancelled 0
ℹ skipped 0
ℹ todo 0
ℹ duration_ms 5.7271
(node:21344) ExperimentalWarning: `--experimental-loader` may be removed in the future; instead use `register()`:
--import 'data:text/javascript,import { register } from "node:module"; import { pathToFileURL } from "node:url"; register("file%3A///D%3A/StudentHub-CodexRuns/FULL_REPAIR_20261001/candidate/frontend/tests/foundation/ts-extension-loader.mjs", pathToFileURL("./"));'
(Use `node --trace-warnings ...` to show where the warning was created)
============================================================
📋 RUNNING 20-CASE OPERATIONAL CORPUS PIPELINE (G8)
============================================================
  [OP-01] Học bổng toàn phần yêu cầu chuyển cọc giữ chỗ   -> Verdict: HIGH_RISK        (170ms)
  [OP-02] Thông báo nộp học phí qua cổng ngân hàng chín   -> Verdict: NEEDS_EXPERT_REVIEW (47ms)
  [OP-03] Thuê phòng ký túc xá yêu cầu cọc qua ví Momo    -> Verdict: HIGH_RISK        (46ms)
  [OP-04] Dự án NCKH Lab Robot yêu cầu nộp tiền thế châ   -> Verdict: INSUFFICIENT_EVIDENCE (24ms)
  [OP-05] Quy chế chuẩn đầu ra ngoại ngữ tốt nghiệp K24   -> Verdict: NEEDS_EXPERT_REVIEW (30ms)
  [OP-06] Công an gọi điện đe dọa liên quan án ma túy y   -> Verdict: INSUFFICIENT_EVIDENCE (23ms)
  [OP-07] Giả mạo ngân hàng gửi link yêu cầu nhập mã OT   -> Verdict: HIGH_RISK        (31ms)
  [OP-08] Thông báo lịch đăng ký môn học học kỳ hè 2026   -> Verdict: INSUFFICIENT_EVIDENCE (26ms)
  [OP-09] Việc làm thêm online thanh toán đơn hàng Shop   -> Verdict: HIGH_RISK        (33ms)
  [OP-10] Điều kiện làm khóa luận tốt nghiệp ngành CNTT   -> Verdict: INSUFFICIENT_EVIDENCE (26ms)
  [OP-11] Bán đề thi cuối kỳ môn Kiến trúc Máy tính kèm   -> Verdict: INSUFFICIENT_EVIDENCE (20ms)
  [OP-12] Học bổng khuyến khích học tập theo Quyết định   -> Verdict: INSUFFICIENT_EVIDENCE (28ms)
  [OP-13] Cho thuê tài khoản ngân hàng nhận hoa hồng 50   -> Verdict: INSUFFICIENT_EVIDENCE (20ms)
  [OP-14] Quy định cảnh báo học vụ theo Quyết định 3116   -> Verdict: CONTRADICTED     (32ms)
  [OP-15] Fanpage giả mạo CLB Sinh viên tuyển tình nguy   -> Verdict: HIGH_RISK        (30ms)
  [OP-16] Thông báo cấp giấy chứng nhận sinh viên tạm h   -> Verdict: INSUFFICIENT_EVIDENCE (21ms)
  [OP-17] Vay tiền nhanh sinh viên giải ngân trong 10 p   -> Verdict: INSUFFICIENT_EVIDENCE (22ms)
  [OP-18] Hội thảo Khoa học Sinh viên Nghiên cứu Công n   -> Verdict: INSUFFICIENT_EVIDENCE (38ms)
  [OP-19] Email giả danh Phòng Khảo thí thông báo nợ đi   -> Verdict: INSUFFICIENT_EVIDENCE (31ms)
  [OP-20] Thời gian đăng ký xét tốt nghiệp đợt 1 năm 20   -> Verdict: INSUFFICIENT_EVIDENCE (21ms)
============================================================
✅ 20/20 OPERATIONAL FLOWS VERIFIED (10 WITH SOURCE CANDIDATES + 10 INSUFFICIENT-EVIDENCE)
============================================================

✔ G8 OPERATIONAL CORPUS: Mixed Source & Insufficient-Evidence Pipeline Readiness (722.8452ms)
ℹ tests 1
ℹ suites 0
ℹ pass 1
ℹ fail 0
ℹ cancelled 0
ℹ skipped 0
ℹ todo 0
ℹ duration_ms 729.3375
[QUALITY_GATE] BLOCKED_BY_EXTERNAL_GATE: frontend\tests\evidence\real_world_live_search_golden_flow.test.mjs
(node:24228) ExperimentalWarning: `--experimental-loader` may be removed in the future; instead use `register()`:
--import 'data:text/javascript,import { register } from "node:module"; import { pathToFileURL } from "node:url"; register("file%3A///D%3A/StudentHub-CodexRuns/FULL_REPAIR_20261001/candidate/frontend/tests/foundation/ts-extension-loader.mjs", pathToFileURL("./"));'
(Use `node --trace-warnings ...` to show where the warning was created)

============================================================
📋 RUNNING RETRIEVAL BENCHMARK (N=84 QUERIES)
============================================================

📊 RETRIEVAL BENCHMARK RESULTS (N=84):
  Entity Resolution Accuracy : 89.3%
  Recall@5                   : 96.4% (Target: >= 95.0%)
  NDCG@5                     : 99.3% (Target: >= 90.0%)
  Official Source Hit Rate   : 100.0% (Target: >= 90.0%)
  Official Source Top-3 Rate : 100.0% (Target: >= 85.0%)
  Irrelevant Top-1 Rate      : 2.4% (Target: <= 5.0%)
  Duplicate Origin Inflation : 0 (Controlled benchmark pipeline)

🔬 RETRIEVAL ABLATION DELTAS (Recall@5):
  [System A] Keyword Only              : 53.6%
  [System B] Entity-Aware Retrieval    : 97.6% (+44.0%)
  [System C] Full Candidate (+Ranking) : 96.4% (+42.9%)
============================================================


📌 BENCHMARK CLASSIFICATION: RETRIEVAL_DEV
✔ RETRIEVAL DEV BENCHMARK: 84 Controlled Queries Evaluation across 12 Domains (556.7048ms)
ℹ tests 1
ℹ suites 0
ℹ pass 1
ℹ fail 0
ℹ cancelled 0
ℹ skipped 0
ℹ todo 0
ℹ duration_ms 561.9471
(node:6624) ExperimentalWarning: `--experimental-loader` may be removed in the future; instead use `register()`:
--import 'data:text/javascript,import { register } from "node:module"; import { pathToFileURL } from "node:url"; register("file%3A///D%3A/StudentHub-CodexRuns/FULL_REPAIR_20261001/candidate/frontend/tests/foundation/ts-extension-loader.mjs", pathToFileURL("./"));'
(Use `node --trace-warnings ...` to show where the warning was created)

============================================================
📋 RUNNING SOURCE INDEPENDENCE BENCHMARK (N=60 UNITS)
============================================================

📊 SOURCE INDEPENDENCE BENCHMARK RESULTS (N=60 UNITS):
  Same-Origin Precision      : 100.0%
  Same-Origin Recall         : 97.9%
  Cluster F1 Score           : 98.9%
  False Merge Rate           : 0.00% (Target: < 2.0%)
  Missed Syndication Rate    : 2.08%
  Exact Origin Count Match   : 98.3% (59/60)
============================================================

📌 VALIDATION STATUS: SOURCE_INDEPENDENCE_VALIDATION_V1
✔ SOURCE INDEPENDENCE VALIDATION V1: 60 Reviewed Multi-Source Units (8.1258ms)
ℹ tests 1
ℹ suites 0
ℹ pass 1
ℹ fail 0
ℹ cancelled 0
ℹ skipped 0
ℹ todo 0
ℹ duration_ms 12.4419
(node:32996) ExperimentalWarning: `--experimental-loader` may be removed in the future; instead use `register()`:
--import 'data:text/javascript,import { register } from "node:module"; import { pathToFileURL } from "node:url"; register("file%3A///D%3A/StudentHub-CodexRuns/FULL_REPAIR_20261001/candidate/frontend/tests/foundation/ts-extension-loader.mjs", pathToFileURL("./"));'
(Use `node --trace-warnings ...` to show where the warning was created)
﹣ Blind Expert 16-Pair Matrix — Exhaustive 4x4 matrix (U0..U3 x E0..E3) verification (0.6314ms) # DISPOSABLE_DB_BLOCKED_BY_LOCAL_ENV
ℹ tests 1
ℹ suites 0
ℹ pass 0
ℹ fail 0
ℹ cancelled 0
ℹ skipped 1
ℹ todo 0
ℹ duration_ms 6.775
(node:3432) ExperimentalWarning: `--experimental-loader` may be removed in the future; instead use `register()`:
--import 'data:text/javascript,import { register } from "node:module"; import { pathToFileURL } from "node:url"; register("file%3A///D%3A/StudentHub-CodexRuns/FULL_REPAIR_20261001/candidate/frontend/tests/foundation/ts-extension-loader.mjs", pathToFileURL("./"));'
(Use `node --trace-warnings ...` to show where the warning was created)
﹣ Blind Expert AI Hidden — Zero AI leakage to Expert pre-submission (including Senior E0) (0.8532ms) # DISPOSABLE_DB_BLOCKED_BY_LOCAL_ENV
ℹ tests 1
ℹ suites 0
ℹ pass 0
ℹ fail 0
ℹ cancelled 0
ℹ skipped 1
ℹ todo 0
ℹ duration_ms 6.4047
(node:15844) ExperimentalWarning: `--experimental-loader` may be removed in the future; instead use `register()`:
--import 'data:text/javascript,import { register } from "node:module"; import { pathToFileURL } from "node:url"; register("file%3A///D%3A/StudentHub-CodexRuns/FULL_REPAIR_20261001/candidate/frontend/tests/foundation/ts-extension-loader.mjs", pathToFileURL("./"));'
(Use `node --trace-warnings ...` to show where the warning was created)
﹣ Blind Expert Authorization — BOLA & role boundaries strictly enforced (0.4964ms) # DISPOSABLE_DB_BLOCKED_BY_LOCAL_ENV
ℹ tests 1
ℹ suites 0
ℹ pass 0
ℹ fail 0
ℹ cancelled 0
ℹ skipped 1
ℹ todo 0
ℹ duration_ms 4.7396
(node:21856) ExperimentalWarning: `--experimental-loader` may be removed in the future; instead use `register()`:
--import 'data:text/javascript,import { register } from "node:module"; import { pathToFileURL } from "node:url"; register("file%3A///D%3A/StudentHub-CodexRuns/FULL_REPAIR_20261001/candidate/frontend/tests/foundation/ts-extension-loader.mjs", pathToFileURL("./"));'
(Use `node --trace-warnings ...` to show where the warning was created)
﹣ Blind Expert Concurrency — Two browser tabs submitting concurrently serialized cleanly by DB lock (0.4859ms) # DISPOSABLE_DB_BLOCKED_BY_LOCAL_ENV
ℹ tests 1
ℹ suites 0
ℹ pass 0
ℹ fail 0
ℹ cancelled 0
ℹ skipped 1
ℹ todo 0
ℹ duration_ms 4.7162
(node:8500) ExperimentalWarning: `--experimental-loader` may be removed in the future; instead use `register()`:
--import 'data:text/javascript,import { register } from "node:module"; import { pathToFileURL } from "node:url"; register("file%3A///D%3A/StudentHub-CodexRuns/FULL_REPAIR_20261001/candidate/frontend/tests/foundation/ts-extension-loader.mjs", pathToFileURL("./"));'
(Use `node --trace-warnings ...` to show where the warning was created)
﹣ Blind Expert Evidence — Validates URLs with SafeRemoteUrl and enforces security against SSRF (0.5665ms) # DISPOSABLE_DB_BLOCKED_BY_LOCAL_ENV
ℹ tests 1
ℹ suites 0
ℹ pass 0
ℹ fail 0
ℹ cancelled 0
ℹ skipped 1
ℹ todo 0
ℹ duration_ms 5.3666
(node:34996) ExperimentalWarning: `--experimental-loader` may be removed in the future; instead use `register()`:
--import 'data:text/javascript,import { register } from "node:module"; import { pathToFileURL } from "node:url"; register("file%3A///D%3A/StudentHub-CodexRuns/FULL_REPAIR_20261001/candidate/frontend/tests/foundation/ts-extension-loader.mjs", pathToFileURL("./"));'
(Use `node --trace-warnings ...` to show where the warning was created)
﹣ Blind Expert Idempotency — Deterministic single-execution guarantees across dispatch & submission (0.443ms) # DISPOSABLE_DB_BLOCKED_BY_LOCAL_ENV
ℹ tests 1
ℹ suites 0
ℹ pass 0
ℹ fail 0
ℹ cancelled 0
ℹ skipped 1
ℹ todo 0
ℹ duration_ms 4.2855
(node:36228) ExperimentalWarning: `--experimental-loader` may be removed in the future; instead use `register()`:
--import 'data:text/javascript,import { register } from "node:module"; import { pathToFileURL } from "node:url"; register("file%3A///D%3A/StudentHub-CodexRuns/FULL_REPAIR_20261001/candidate/frontend/tests/foundation/ts-extension-loader.mjs", pathToFileURL("./"));'
(Use `node --trace-warnings ...` to show where the warning was created)
﹣ Blind Expert L1 Dispatch — Dispatches assignments to eligible experts upon L1 claim ready (0.4545ms) # DISPOSABLE_DB_BLOCKED_BY_LOCAL_ENV
ℹ tests 1
ℹ suites 0
ℹ pass 0
ℹ fail 0
ℹ cancelled 0
ℹ skipped 1
ℹ todo 0
ℹ duration_ms 3.9977
(node:12148) ExperimentalWarning: `--experimental-loader` may be removed in the future; instead use `register()`:
--import 'data:text/javascript,import { register } from "node:module"; import { pathToFileURL } from "node:url"; register("file%3A///D%3A/StudentHub-CodexRuns/FULL_REPAIR_20261001/candidate/frontend/tests/foundation/ts-extension-loader.mjs", pathToFileURL("./"));'
(Use `node --trace-warnings ...` to show where the warning was created)
﹣ Blind Expert L5 Reveal Gate — Reveal opens ONLY when Expert is locked AND L5 is completed (0.5428ms) # DISPOSABLE_DB_BLOCKED_BY_LOCAL_ENV
ℹ tests 1
ℹ suites 0
ℹ pass 0
ℹ fail 0
ℹ cancelled 0
ℹ skipped 1
ℹ todo 0
ℹ duration_ms 6.0906
(node:34504) ExperimentalWarning: `--experimental-loader` may be removed in the future; instead use `register()`:
--import 'data:text/javascript,import { register } from "node:module"; import { pathToFileURL } from "node:url"; register("file%3A///D%3A/StudentHub-CodexRuns/FULL_REPAIR_20261001/candidate/frontend/tests/foundation/ts-extension-loader.mjs", pathToFileURL("./"));'
(Use `node --trace-warnings ...` to show where the warning was created)
﹣ Blind Expert Offline Recovery — Full reconstruction of pending reviews from database without realtime dependency (0.5811ms) # DISPOSABLE_DB_BLOCKED_BY_LOCAL_ENV
ℹ tests 1
ℹ suites 0
ℹ pass 0
ℹ fail 0
ℹ cancelled 0
ℹ skipped 1
ℹ todo 0
ℹ duration_ms 6.5643
(node:13912) ExperimentalWarning: `--experimental-loader` may be removed in the future; instead use `register()`:
--import 'data:text/javascript,import { register } from "node:module"; import { pathToFileURL } from "node:url"; register("file%3A///D%3A/StudentHub-CodexRuns/FULL_REPAIR_20261001/candidate/frontend/tests/foundation/ts-extension-loader.mjs", pathToFileURL("./"));'
(Use `node --trace-warnings ...` to show where the warning was created)
﹣ Blind Expert Other Votes Hidden — Independent expert votes strictly isolated pre-submission (0.5841ms) # DISPOSABLE_DB_BLOCKED_BY_LOCAL_ENV
ℹ tests 1
ℹ suites 0
ℹ pass 0
ℹ fail 0
ℹ cancelled 0
ℹ skipped 1
ℹ todo 0
ℹ duration_ms 6.006
(node:35660) ExperimentalWarning: `--experimental-loader` may be removed in the future; instead use `register()`:
--import 'data:text/javascript,import { register } from "node:module"; import { pathToFileURL } from "node:url"; register("file%3A///D%3A/StudentHub-CodexRuns/FULL_REPAIR_20261001/candidate/frontend/tests/foundation/ts-extension-loader.mjs", pathToFileURL("./"));'
(Use `node --trace-warnings ...` to show where the warning was created)
﹣ Blind Expert Privacy — Strict cross-user and cross-expert isolation boundaries (0.638ms) # DISPOSABLE_DB_BLOCKED_BY_LOCAL_ENV
ℹ tests 1
ℹ suites 0
ℹ pass 0
ℹ fail 0
ℹ cancelled 0
ℹ skipped 1
ℹ todo 0
ℹ duration_ms 6.0332
(node:34384) ExperimentalWarning: `--experimental-loader` may be removed in the future; instead use `register()`:
--import 'data:text/javascript,import { register } from "node:module"; import { pathToFileURL } from "node:url"; register("file%3A///D%3A/StudentHub-CodexRuns/FULL_REPAIR_20261001/candidate/frontend/tests/foundation/ts-extension-loader.mjs", pathToFileURL("./"));'
(Use `node --trace-warnings ...` to show where the warning was created)
﹣ Blind Expert Realtime — Emits minimal projection without broadcasting raw claim or private data (0.6537ms) # DISPOSABLE_DB_BLOCKED_BY_LOCAL_ENV
ℹ tests 1
ℹ suites 0
ℹ pass 0
ℹ fail 0
ℹ cancelled 0
ℹ skipped 1
ℹ todo 0
ℹ duration_ms 7.5841
(node:34032) ExperimentalWarning: `--experimental-loader` may be removed in the future; instead use `register()`:
--import 'data:text/javascript,import { register } from "node:module"; import { pathToFileURL } from "node:url"; register("file%3A///D%3A/StudentHub-CodexRuns/FULL_REPAIR_20261001/candidate/frontend/tests/foundation/ts-extension-loader.mjs", pathToFileURL("./"));'
(Use `node --trace-warnings ...` to show where the warning was created)
﹣ Blind Expert Reputation & Calibration — V1 preservation, V2 multi-dimensional calibration, anti-AI imitation (0.664ms) # DISPOSABLE_DB_BLOCKED_BY_LOCAL_ENV
ℹ tests 1
ℹ suites 0
ℹ pass 0
ℹ fail 0
ℹ cancelled 0
ℹ skipped 1
ℹ todo 0
ℹ duration_ms 7.0293
(node:30376) ExperimentalWarning: `--experimental-loader` may be removed in the future; instead use `register()`:
--import 'data:text/javascript,import { register } from "node:module"; import { pathToFileURL } from "node:url"; register("file%3A///D%3A/StudentHub-CodexRuns/FULL_REPAIR_20261001/candidate/frontend/tests/foundation/ts-extension-loader.mjs", pathToFileURL("./"));'
(Use `node --trace-warnings ...` to show where the warning was created)
﹣ Blind Expert Submission Lock — Submitted assessments are strictly locked & immutable (0.7542ms) # DISPOSABLE_DB_BLOCKED_BY_LOCAL_ENV
ℹ tests 1
ℹ suites 0
ℹ pass 0
ℹ fail 0
ℹ cancelled 0
ℹ skipped 1
ℹ todo 0
ℹ duration_ms 6.0009
(node:21176) ExperimentalWarning: `--experimental-loader` may be removed in the future; instead use `register()`:
--import 'data:text/javascript,import { register } from "node:module"; import { pathToFileURL } from "node:url"; register("file%3A///D%3A/StudentHub-CodexRuns/FULL_REPAIR_20261001/candidate/frontend/tests/foundation/ts-extension-loader.mjs", pathToFileURL("./"));'
(Use `node --trace-warnings ...` to show where the warning was created)
✔ Blind Expert Widget Contract — Canonical vote enum and status lifecycle (0.6961ms)
ℹ tests 1
ℹ suites 0
ℹ pass 1
ℹ fail 0
ℹ cancelled 0
ℹ skipped 0
ℹ todo 0
ℹ duration_ms 5.6656
(node:35664) ExperimentalWarning: `--experimental-loader` may be removed in the future; instead use `register()`:
--import 'data:text/javascript,import { register } from "node:module"; import { pathToFileURL } from "node:url"; register("file%3A///D%3A/StudentHub-CodexRuns/FULL_REPAIR_20261001/candidate/frontend/tests/foundation/ts-extension-loader.mjs", pathToFileURL("./"));'
(Use `node --trace-warnings ...` to show where the warning was created)
✔ Community-bound Expert summary contains only the published statement, never source-case evidence or intake (2.5874ms)
ℹ tests 1
ℹ suites 0
ℹ pass 1
ℹ fail 0
ℹ cancelled 0
ℹ skipped 0
ℹ todo 0
ℹ duration_ms 9.9085
(node:3696) ExperimentalWarning: `--experimental-loader` may be removed in the future; instead use `register()`:
--import 'data:text/javascript,import { register } from "node:module"; import { pathToFileURL } from "node:url"; register("file%3A///D%3A/StudentHub-CodexRuns/FULL_REPAIR_20261001/candidate/frontend/tests/foundation/ts-extension-loader.mjs", pathToFileURL("./"));'
(Use `node --trace-warnings ...` to show where the warning was created)
▶ ExpertAuthorizationPrivacy
  ✔ should redact private phone, email, and personal IDs from public profile view (2.6312ms)
✔ ExpertAuthorizationPrivacy (3.5645ms)
ℹ tests 1
ℹ suites 1
ℹ pass 1
ℹ fail 0
ℹ cancelled 0
ℹ skipped 0
ℹ todo 0
ℹ duration_ms 9.011
(node:34456) ExperimentalWarning: `--experimental-loader` may be removed in the future; instead use `register()`:
--import 'data:text/javascript,import { register } from "node:module"; import { pathToFileURL } from "node:url"; register("file%3A///D%3A/StudentHub-CodexRuns/FULL_REPAIR_20261001/candidate/frontend/tests/foundation/ts-extension-loader.mjs", pathToFileURL("./"));'
(Use `node --trace-warnings ...` to show where the warning was created)
▶ ExpertClaimEvaluation
  ✔ should evaluate expert claim and return complete auditable evaluation object (2.7802ms)
✔ ExpertClaimEvaluation (3.4036ms)
ℹ tests 1
ℹ suites 1
ℹ pass 1
ℹ fail 0
ℹ cancelled 0
ℹ skipped 0
ℹ todo 0
ℹ duration_ms 7.1423
(node:13352) ExperimentalWarning: `--experimental-loader` may be removed in the future; instead use `register()`:
--import 'data:text/javascript,import { register } from "node:module"; import { pathToFileURL } from "node:url"; register("file%3A///D%3A/StudentHub-CodexRuns/FULL_REPAIR_20261001/candidate/frontend/tests/foundation/ts-extension-loader.mjs", pathToFileURL("./"));'
(Use `node --trace-warnings ...` to show where the warning was created)
▶ ExpertClaims
  ✔ should preserve claim versioning and immutable history across revisions (1.3098ms)
✔ ExpertClaims (1.8806ms)
ℹ tests 1
ℹ suites 1
ℹ pass 1
ℹ fail 0
ℹ cancelled 0
ℹ skipped 0
ℹ todo 0
ℹ duration_ms 5.8819
(node:37556) ExperimentalWarning: `--experimental-loader` may be removed in the future; instead use `register()`:
--import 'data:text/javascript,import { register } from "node:module"; import { pathToFileURL } from "node:url"; register("file%3A///D%3A/StudentHub-CodexRuns/FULL_REPAIR_20261001/candidate/frontend/tests/foundation/ts-extension-loader.mjs", pathToFileURL("./"));'
(Use `node --trace-warnings ...` to show where the warning was created)
▶ ExpertConflict
  ✔ should flag CONFLICT_OF_INTEREST when active commercial sponsorship or conflict is registered (2.43ms)
✔ ExpertConflict (3.0325ms)
ℹ tests 1
ℹ suites 1
ℹ pass 1
ℹ fail 0
ℹ cancelled 0
ℹ skipped 0
ℹ todo 0
ℹ duration_ms 7.3668
(node:3956) ExperimentalWarning: `--experimental-loader` may be removed in the future; instead use `register()`:
--import 'data:text/javascript,import { register } from "node:module"; import { pathToFileURL } from "node:url"; register("file%3A///D%3A/StudentHub-CodexRuns/FULL_REPAIR_20261001/candidate/frontend/tests/foundation/ts-extension-loader.mjs", pathToFileURL("./"));'
(Use `node --trace-warnings ...` to show where the warning was created)
▶ ExpertConflictOfInterest
  ✔ should flag CONFLICT_OF_INTEREST and disqualify claim when commercial endorsement is present (2.363ms)
✔ ExpertConflictOfInterest (3.1956ms)
ℹ tests 1
ℹ suites 1
ℹ pass 1
ℹ fail 0
ℹ cancelled 0
ℹ skipped 0
ℹ todo 0
ℹ duration_ms 8.2167
(node:4580) ExperimentalWarning: `--experimental-loader` may be removed in the future; instead use `register()`:
--import 'data:text/javascript,import { register } from "node:module"; import { pathToFileURL } from "node:url"; register("file%3A///D%3A/StudentHub-CodexRuns/FULL_REPAIR_20261001/candidate/frontend/tests/foundation/ts-extension-loader.mjs", pathToFileURL("./"));'
(Use `node --trace-warnings ...` to show where the warning was created)
▶ ExpertConsensus
  ✔ should cluster claims citing the same paper into a single shared evidence cluster rather than independent consensus (1.6884ms)
  ✔ should recognize true independent consensus when >= 3 experts provide independent evidence (0.8775ms)
✔ ExpertConsensus (3.2348ms)
ℹ tests 2
ℹ suites 1
ℹ pass 2
ℹ fail 0
ℹ cancelled 0
ℹ skipped 0
ℹ todo 0
ℹ duration_ms 6.674
(node:34472) ExperimentalWarning: `--experimental-loader` may be removed in the future; instead use `register()`:
--import 'data:text/javascript,import { register } from "node:module"; import { pathToFileURL } from "node:url"; register("file%3A///D%3A/StudentHub-CodexRuns/FULL_REPAIR_20261001/candidate/frontend/tests/foundation/ts-extension-loader.mjs", pathToFileURL("./"));'
(Use `node --trace-warnings ...` to show where the warning was created)
▶ ExpertCredentials
  ✔ should mark valid degree as VERIFIED with verificationSource (1.9615ms)
  ✔ should automatically detect EXPIRED credentials when validUntil is in the past (0.2102ms)
✔ ExpertCredentials (2.9902ms)
ℹ tests 2
ℹ suites 1
ℹ pass 2
ℹ fail 0
ℹ cancelled 0
ℹ skipped 0
ℹ todo 0
ℹ duration_ms 8.9111
(node:14108) ExperimentalWarning: `--experimental-loader` may be removed in the future; instead use `register()`:
--import 'data:text/javascript,import { register } from "node:module"; import { pathToFileURL } from "node:url"; register("file%3A///D%3A/StudentHub-CodexRuns/FULL_REPAIR_20261001/candidate/frontend/tests/foundation/ts-extension-loader.mjs", pathToFileURL("./"));'
(Use `node --trace-warnings ...` to show where the warning was created)
▶ ExpertCredentialsVerification
  ✔ should create verified expert profile with verified credentials and publications (2.3429ms)
✔ ExpertCredentialsVerification (2.9932ms)
ℹ tests 1
ℹ suites 1
ℹ pass 1
ℹ fail 0
ℹ cancelled 0
ℹ skipped 0
ℹ todo 0
ℹ duration_ms 7.7403
(node:32008) ExperimentalWarning: `--experimental-loader` may be removed in the future; instead use `register()`:
--import 'data:text/javascript,import { register } from "node:module"; import { pathToFileURL } from "node:url"; register("file%3A///D%3A/StudentHub-CodexRuns/FULL_REPAIR_20261001/candidate/frontend/tests/foundation/ts-extension-loader.mjs", pathToFileURL("./"));'
(Use `node --trace-warnings ...` to show where the warning was created)
▶ Expert credibility dossier V3
  ✔ uses canonical model fields and does not invent a high history score (12.9314ms)
  ✔ returns a public verification dossier without exposing institutional email (0.8406ms)
✔ Expert credibility dossier V3 (14.6342ms)
ℹ tests 2
ℹ suites 1
ℹ pass 2
ℹ fail 0
ℹ cancelled 0
ℹ skipped 0
ℹ todo 0
ℹ duration_ms 20.5599
(node:36260) ExperimentalWarning: `--experimental-loader` may be removed in the future; instead use `register()`:
--import 'data:text/javascript,import { register } from "node:module"; import { pathToFileURL } from "node:url"; register("file%3A///D%3A/StudentHub-CodexRuns/FULL_REPAIR_20261001/candidate/frontend/tests/foundation/ts-extension-loader.mjs", pathToFileURL("./"));'
(Use `node --trace-warnings ...` to show where the warning was created)
▶ ExpertIntelligenceE2E
  ✔ should execute full E2E flow: entity resolution -> domain scope query -> claim evaluation -> authority boundary check (4.4351ms)
✔ ExpertIntelligenceE2E (5.1082ms)
ℹ tests 1
ℹ suites 1
ℹ pass 1
ℹ fail 0
ℹ cancelled 0
ℹ skipped 0
ℹ todo 0
ℹ duration_ms 9.3905
(node:37188) ExperimentalWarning: `--experimental-loader` may be removed in the future; instead use `register()`:
--import 'data:text/javascript,import { register } from "node:module"; import { pathToFileURL } from "node:url"; register("file%3A///D%3A/StudentHub-CodexRuns/FULL_REPAIR_20261001/candidate/frontend/tests/foundation/ts-extension-loader.mjs", pathToFileURL("./"));'
(Use `node --trace-warnings ...` to show where the warning was created)
▶ ExpertEntityResolution
  ✔ should disambiguate same-name experts using exact ORCID (0.6198ms)
  ✔ should flag IDENTITY_AMBIGUOUS and never merge when only common name is provided without strong signals (1.1034ms)
✔ ExpertEntityResolution (2.3889ms)
ℹ tests 2
ℹ suites 1
ℹ pass 2
ℹ fail 0
ℹ cancelled 0
ℹ skipped 0
ℹ todo 0
ℹ duration_ms 6.9346
(node:32680) ExperimentalWarning: `--experimental-loader` may be removed in the future; instead use `register()`:
--import 'data:text/javascript,import { register } from "node:module"; import { pathToFileURL } from "node:url"; register("file%3A///D%3A/StudentHub-CodexRuns/FULL_REPAIR_20261001/candidate/frontend/tests/foundation/ts-extension-loader.mjs", pathToFileURL("./"));'
(Use `node --trace-warnings ...` to show where the warning was created)
▶ ExpertIdentity
  ✔ should verify identity with official ORCID, email, and institutional directory (1.5783ms)
  ✔ should mark self-claimed profile without proof as UNVERIFIED (0.1692ms)
✔ ExpertIdentity (2.3983ms)
ℹ tests 2
ℹ suites 1
ℹ pass 2
ℹ fail 0
ℹ cancelled 0
ℹ skipped 0
ℹ todo 0
ℹ duration_ms 6.7081
(node:5400) ExperimentalWarning: `--experimental-loader` may be removed in the future; instead use `register()`:
--import 'data:text/javascript,import { register } from "node:module"; import { pathToFileURL } from "node:url"; register("file%3A///D%3A/StudentHub-CodexRuns/FULL_REPAIR_20261001/candidate/frontend/tests/foundation/ts-extension-loader.mjs", pathToFileURL("./"));'
(Use `node --trace-warnings ...` to show where the warning was created)
▶ ExpertIntelligenceE2E
  ✔ should run full E2E flow: load expert profile -> evaluate claim against scope -> verify boundary (3.8395ms)
✔ ExpertIntelligenceE2E (4.4107ms)
ℹ tests 1
ℹ suites 1
ℹ pass 1
ℹ fail 0
ℹ cancelled 0
ℹ skipped 0
ℹ todo 0
ℹ duration_ms 7.8461
(node:34352) ExperimentalWarning: `--experimental-loader` may be removed in the future; instead use `register()`:
--import 'data:text/javascript,import { register } from "node:module"; import { pathToFileURL } from "node:url"; register("file%3A///D%3A/StudentHub-CodexRuns/FULL_REPAIR_20261001/candidate/frontend/tests/foundation/ts-extension-loader.mjs", pathToFileURL("./"));'
(Use `node --trace-warnings ...` to show where the warning was created)
▶ ExpertIntelligenceMutationGuard
  ✔ Mutant 1: Academic professor opinion must NEVER automatically become official institutional regulation (4.12ms)
  ✔ Mutant 2: High reputation score must NEVER override an unestablished domain in scope graph (0.5084ms)
  ✔ Mutant 3: Retracted statement must NEVER be classified as QUALIFIED_EXPERT_OPINION (0.4691ms)
  ✔ Mutant 4: Commercial endorsement must NEVER be classified as independent expert opinion (0.3878ms)
✔ ExpertIntelligenceMutationGuard (7.1462ms)
ℹ tests 4
ℹ suites 1
ℹ pass 4
ℹ fail 0
ℹ cancelled 0
ℹ skipped 0
ℹ todo 0
ℹ duration_ms 12.1788
(node:23968) ExperimentalWarning: `--experimental-loader` may be removed in the future; instead use `register()`:
--import 'data:text/javascript,import { register } from "node:module"; import { pathToFileURL } from "node:url"; register("file%3A///D%3A/StudentHub-CodexRuns/FULL_REPAIR_20261001/candidate/frontend/tests/foundation/ts-extension-loader.mjs", pathToFileURL("./"));'
(Use `node --trace-warnings ...` to show where the warning was created)
▶ ExpertJurisdictionAuthority
  ✔ should flag AUTHORITY_MISMATCH when professor without registrar role asserts HCMUTE official policy (2.0863ms)
  ✔ should permit institutional claims when expert holds registrar authority role (0.8783ms)
✔ ExpertJurisdictionAuthority (3.7422ms)
ℹ tests 2
ℹ suites 1
ℹ pass 2
ℹ fail 0
ℹ cancelled 0
ℹ skipped 0
ℹ todo 0
ℹ duration_ms 7.5354
(node:17828) ExperimentalWarning: `--experimental-loader` may be removed in the future; instead use `register()`:
--import 'data:text/javascript,import { register } from "node:module"; import { pathToFileURL } from "node:url"; register("file%3A///D%3A/StudentHub-CodexRuns/FULL_REPAIR_20261001/candidate/frontend/tests/foundation/ts-extension-loader.mjs", pathToFileURL("./"));'
(Use `node --trace-warnings ...` to show where the warning was created)
▶ ExpertIntelligenceMutationGuard
  ✔ Mutant 1: Unverified self-claim must NEVER be marked as verified or produce verified opinions (1.9243ms)
  ✔ Mutant 2: Same-name collision must NEVER merge silently into a single profile (0.5256ms)
  ✔ Mutant 3: Academic rank alone must NEVER expand authority to official institutional regulations (0.2081ms)
  ✔ Mutant 4: Expired role must NEVER retain active administrative authority (0.3117ms)
  ✔ Mutant 5: Commercial conflict must NEVER be counted as independent qualified expert opinion (0.2781ms)
  ✔ Mutant 6: Shared single-source citation must NEVER be counted as multiple independent confirmations (0.2303ms)
  ✔ Mutant 7: Self-claimed credential without issuer/verification must NEVER be VERIFIED (0.2423ms)
✔ ExpertIntelligenceMutationGuard (4.5013ms)
ℹ tests 7
ℹ suites 1
ℹ pass 7
ℹ fail 0
ℹ cancelled 0
ℹ skipped 0
ℹ todo 0
ℹ duration_ms 8.7474
(node:8208) ExperimentalWarning: `--experimental-loader` may be removed in the future; instead use `register()`:
--import 'data:text/javascript,import { register } from "node:module"; import { pathToFileURL } from "node:url"; register("file%3A///D%3A/StudentHub-CodexRuns/FULL_REPAIR_20261001/candidate/frontend/tests/foundation/ts-extension-loader.mjs", pathToFileURL("./"));'
(Use `node --trace-warnings ...` to show where the warning was created)
✔ qualification quiz is versioned, shuffled by a supplied CSPRNG boundary, and redacts answer keys (0.707ms)
✔ quiz grading returns a bounded score and requires the configured threshold (0.3403ms)
ℹ tests 2
ℹ suites 0
ℹ pass 2
ℹ fail 0
ℹ cancelled 0
ℹ skipped 0
ℹ todo 0
ℹ duration_ms 5.2615
(node:29172) ExperimentalWarning: `--experimental-loader` may be removed in the future; instead use `register()`:
--import 'data:text/javascript,import { register } from "node:module"; import { pathToFileURL } from "node:url"; register("file%3A///D%3A/StudentHub-CodexRuns/FULL_REPAIR_20261001/candidate/frontend/tests/foundation/ts-extension-loader.mjs", pathToFileURL("./"));'
(Use `node --trace-warnings ...` to show where the warning was created)
▶ ExpertRedTeamAdversarialDefense
  ✔ Attack A: Fake professor claiming credentials without verification remains UNVERIFIED (1.9737ms)
  ✔ Attack B & C: Same-name collision without strong signals must never merge silently (0.4776ms)
  ✔ Attack F: Expired administrative position must not have current institutional authority (0.3404ms)
  ✔ Attack G: Expert claim outside domain must remain OUT_OF_SCOPE (0.1995ms)
  ✔ Attack H: Sponsored recommendation must be flagged as CONFLICT_OF_INTEREST (0.2048ms)
  ✔ Attack I: Circular consensus citing single paper must collapse to 1 cluster (0.2127ms)
  ✔ Attack J: Retracted claim must be classified as RETRACTED (0.1528ms)
✔ ExpertRedTeamAdversarialDefense (4.3087ms)
ℹ tests 7
ℹ suites 1
ℹ pass 7
ℹ fail 0
ℹ cancelled 0
ℹ skipped 0
ℹ todo 0
ℹ duration_ms 8.5102
(node:37796) ExperimentalWarning: `--experimental-loader` may be removed in the future; instead use `register()`:
--import 'data:text/javascript,import { register } from "node:module"; import { pathToFileURL } from "node:url"; register("file%3A///D%3A/StudentHub-CodexRuns/FULL_REPAIR_20261001/candidate/frontend/tests/foundation/ts-extension-loader.mjs", pathToFileURL("./"));'
(Use `node --trace-warnings ...` to show where the warning was created)
✔ ExpertReputationPolicy exports canonical constants and thresholds (0.8497ms)
✔ StarLevel derivation resolves all 4 QA expert baselines correctly (0.1422ms)
✔ StarLevel quality gates enforce suspension, qualification, and activation state (0.0963ms)
ℹ tests 3
ℹ suites 0
ℹ pass 3
ℹ fail 0
ℹ cancelled 0
ℹ skipped 0
ℹ todo 0
ℹ duration_ms 4.9042
(node:36196) ExperimentalWarning: `--experimental-loader` may be removed in the future; instead use `register()`:
--import 'data:text/javascript,import { register } from "node:module"; import { pathToFileURL } from "node:url"; register("file%3A///D%3A/StudentHub-CodexRuns/FULL_REPAIR_20261001/candidate/frontend/tests/foundation/ts-extension-loader.mjs", pathToFileURL("./"));'
(Use `node --trace-warnings ...` to show where the warning was created)
▶ ExpertRetractionCorrection
  ✔ should mark claim RETRACTED when expert or council withdraws the statement (1.9629ms)
✔ ExpertRetractionCorrection (3.1296ms)
ℹ tests 1
ℹ suites 1
ℹ pass 1
ℹ fail 0
ℹ cancelled 0
ℹ skipped 0
ℹ todo 0
ℹ duration_ms 6.3594
(node:27240) ExperimentalWarning: `--experimental-loader` may be removed in the future; instead use `register()`:
--import 'data:text/javascript,import { register } from "node:module"; import { pathToFileURL } from "node:url"; register("file%3A///D%3A/StudentHub-CodexRuns/FULL_REPAIR_20261001/candidate/frontend/tests/foundation/ts-extension-loader.mjs", pathToFileURL("./"));'
(Use `node --trace-warnings ...` to show where the warning was created)
▶ ExpertScope
  ✔ should match strong subdomain to QUALIFIED_EXPERT_OPINION (1.646ms)
  ✔ should classify out-of-scope domain as OUT_OF_SCOPE (0.177ms)
✔ ExpertScope (2.4328ms)
ℹ tests 2
ℹ suites 1
ℹ pass 2
ℹ fail 0
ℹ cancelled 0
ℹ skipped 0
ℹ todo 0
ℹ duration_ms 6.697
(node:32908) ExperimentalWarning: `--experimental-loader` may be removed in the future; instead use `register()`:
--import 'data:text/javascript,import { register } from "node:module"; import { pathToFileURL } from "node:url"; register("file%3A///D%3A/StudentHub-CodexRuns/FULL_REPAIR_20261001/candidate/frontend/tests/foundation/ts-extension-loader.mjs", pathToFileURL("./"));'
(Use `node --trace-warnings ...` to show where the warning was created)
▶ ExpertScopeGraph
  ✔ should classify strong domain match as QUALIFIED_EXPERT_OPINION (1.4972ms)
  ✔ should classify moderate domain match as INTERPRETATION_ONLY (0.1594ms)
  ✔ should classify unestablished domain as OUT_OF_SCOPE (0.1406ms)
✔ ExpertScopeGraph (2.4067ms)
ℹ tests 3
ℹ suites 1
ℹ pass 3
ℹ fail 0
ℹ cancelled 0
ℹ skipped 0
ℹ todo 0
ℹ duration_ms 6.8159
(node:33348) ExperimentalWarning: `--experimental-loader` may be removed in the future; instead use `register()`:
--import 'data:text/javascript,import { register } from "node:module"; import { pathToFileURL } from "node:url"; register("file%3A///D%3A/StudentHub-CodexRuns/FULL_REPAIR_20261001/candidate/frontend/tests/foundation/ts-extension-loader.mjs", pathToFileURL("./"));'
(Use `node --trace-warnings ...` to show where the warning was created)
✔ serves seeded experts when durable storage is unavailable (2.7552ms)
ℹ tests 1
ℹ suites 0
ℹ pass 1
ℹ fail 0
ℹ cancelled 0
ℹ skipped 0
ℹ todo 0
ℹ duration_ms 7.3362
(node:20684) ExperimentalWarning: `--experimental-loader` may be removed in the future; instead use `register()`:
--import 'data:text/javascript,import { register } from "node:module"; import { pathToFileURL } from "node:url"; register("file%3A///D%3A/StudentHub-CodexRuns/FULL_REPAIR_20261001/candidate/frontend/tests/foundation/ts-extension-loader.mjs", pathToFileURL("./"));'
(Use `node --trace-warnings ...` to show where the warning was created)
▶ ExpertTemporal
  ✔ should flag AUTHORITY_MISMATCH when an administrative position has expired in 2024 and is evaluated in 2026 (2.7437ms)
✔ ExpertTemporal (3.3105ms)
ℹ tests 1
ℹ suites 1
ℹ pass 1
ℹ fail 0
ℹ cancelled 0
ℹ skipped 0
ℹ todo 0
ℹ duration_ms 6.558
(node:31268) ExperimentalWarning: `--experimental-loader` may be removed in the future; instead use `register()`:
--import 'data:text/javascript,import { register } from "node:module"; import { pathToFileURL } from "node:url"; register("file%3A///D%3A/StudentHub-CodexRuns/FULL_REPAIR_20261001/candidate/frontend/tests/foundation/ts-extension-loader.mjs", pathToFileURL("./"));'
(Use `node --trace-warnings ...` to show where the warning was created)
▶ ExpertV2ContextWhyAndWhere
  ✔ should generate complete 'Why this expert?' report with identity and role proofs (1.2763ms)
  ✔ should generate 'Where NOT to trust' scope boundaries classifying established vs unestablished domains (0.1588ms)
✔ ExpertV2ContextWhyAndWhere (2.0168ms)
ℹ tests 2
ℹ suites 1
ℹ pass 2
ℹ fail 0
ℹ cancelled 0
ℹ skipped 0
ℹ todo 0
ℹ duration_ms 6.7889
(node:3648) ExperimentalWarning: `--experimental-loader` may be removed in the future; instead use `register()`:
--import 'data:text/javascript,import { register } from "node:module"; import { pathToFileURL } from "node:url"; register("file%3A///D%3A/StudentHub-CodexRuns/FULL_REPAIR_20261001/candidate/frontend/tests/foundation/ts-extension-loader.mjs", pathToFileURL("./"));'
(Use `node --trace-warnings ...` to show where the warning was created)
▶ ExpertV2DisagreementMap
  ✔ should generate a structured Disagreement Map between two experts without choosing an arbitrary winner (1.0373ms)
  ✔ should detect disagreement reasons across datasets, cohorts, and timeframes (0.9626ms)
✔ ExpertV2DisagreementMap (2.6964ms)
ℹ tests 2
ℹ suites 1
ℹ pass 2
ℹ fail 0
ℹ cancelled 0
ℹ skipped 0
ℹ todo 0
ℹ duration_ms 7.7032
(node:33004) ExperimentalWarning: `--experimental-loader` may be removed in the future; instead use `register()`:
--import 'data:text/javascript,import { register } from "node:module"; import { pathToFileURL } from "node:url"; register("file%3A///D%3A/StudentHub-CodexRuns/FULL_REPAIR_20261001/candidate/frontend/tests/foundation/ts-extension-loader.mjs", pathToFileURL("./"));'
(Use `node --trace-warnings ...` to show where the warning was created)
▶ ExpertV2GoldenScenariosE2E
  ✔ Scenario A: Known HCMUTE professor with verified profile resolves to EXACT_MATCH (2.8571ms)
  ✔ Scenario B: Same-name query with ambiguous institution resolves to IDENTITY_AMBIGUOUS (0.8361ms)
  ✔ Scenario C: Verified AI researcher asked about HCMUTE tuition regulation is flagged as AUTHORITY_MISMATCH (0.8896ms)
  ✔ Scenario D: Former department head from 2022 has historical role preserved while current role is inactive (0.3557ms)
  ✔ Scenario E: Expert citing retracted publication triggers automatic retraction cascade (1.5824ms)
  ✔ Scenario F: Three experts citing the same study collapse into 1 provenance cluster (0.8161ms)
  ✔ Scenario G: Two experts disagreeing produces structured Disagreement Map (0.5904ms)
  ✔ Scenario H: Fake professor account remains UNVERIFIED (0.2847ms)
✔ ExpertV2GoldenScenariosE2E (9.0578ms)
ℹ tests 8
ℹ suites 1
ℹ pass 8
ℹ fail 0
ℹ cancelled 0
ℹ skipped 0
ℹ todo 0
ℹ duration_ms 12.8635
(node:37096) ExperimentalWarning: `--experimental-loader` may be removed in the future; instead use `register()`:
--import 'data:text/javascript,import { register } from "node:module"; import { pathToFileURL } from "node:url"; register("file%3A///D%3A/StudentHub-CodexRuns/FULL_REPAIR_20261001/candidate/frontend/tests/foundation/ts-extension-loader.mjs", pathToFileURL("./"));'
(Use `node --trace-warnings ...` to show where the warning was created)
▶ ExpertV2MetamorphicTests
  ✔ Metamorphic 1: JSON Serialization Roundtrip preserves evaluation semantics (2.5703ms)
  ✔ Metamorphic 2: Publication array reordering has zero effect on domain scope evaluation (0.6362ms)
  ✔ Metamorphic 3: Adding newer expired role preserves historical interval without escalating current authority (0.2383ms)
✔ ExpertV2MetamorphicTests (4.0973ms)
ℹ tests 3
ℹ suites 1
ℹ pass 3
ℹ fail 0
ℹ cancelled 0
ℹ skipped 0
ℹ todo 0
ℹ duration_ms 7.5443
(node:24496) ExperimentalWarning: `--experimental-loader` may be removed in the future; instead use `register()`:
--import 'data:text/javascript,import { register } from "node:module"; import { pathToFileURL } from "node:url"; register("file%3A///D%3A/StudentHub-CodexRuns/FULL_REPAIR_20261001/candidate/frontend/tests/foundation/ts-extension-loader.mjs", pathToFileURL("./"));'
(Use `node --trace-warnings ...` to show where the warning was created)
▶ ExpertV2MutationTestSuite
  ✔ Mutant 1: Name-only identity must never mutate to EXACT_MATCH when multiple candidates exist (2.0801ms)
  ✔ Mutant 2: Self-claimed credential must never mutate to VERIFIED (0.2129ms)
  ✔ Mutant 3: Expired role must never mutate to isCurrent = true (0.162ms)
  ✔ Mutant 4: Out-of-scope domain must never mutate to QUALIFIED_EXPERT_OPINION (0.499ms)
  ✔ Mutant 5: Shared evidence from 3 experts must never mutate to isIndependentConsensus = true (0.2979ms)
  ✔ Mutant 6: Retracted claim must never mutate to SUPPORTED (0.1696ms)
  ✔ Mutant 7: Fake portal must never mutate to verified institutional domain (0.1321ms)
  ✔ Mutant 8: Injected client credential with expiresAt in the past must never remain active (0.1196ms)
  ✔ Mutant 9: Commercial conflict must never mutate to hasConflictOfInterest = false (0.2535ms)
  ✔ Mutant 10: Institutional policy authority must never be automatically inferred for professors (0.2326ms)
✔ ExpertV2MutationTestSuite (5.0793ms)
ℹ tests 10
ℹ suites 1
ℹ pass 10
ℹ fail 0
ℹ cancelled 0
ℹ skipped 0
ℹ todo 0
ℹ duration_ms 9.6218
(node:19244) ExperimentalWarning: `--experimental-loader` may be removed in the future; instead use `register()`:
--import 'data:text/javascript,import { register } from "node:module"; import { pathToFileURL } from "node:url"; register("file%3A///D%3A/StudentHub-CodexRuns/FULL_REPAIR_20261001/candidate/frontend/tests/foundation/ts-extension-loader.mjs", pathToFileURL("./"));'
(Use `node --trace-warnings ...` to show where the warning was created)
▶ ExpertV2PropertyTests
  ✔ Property 1: Idempotency — Same expert + same claim produces identical evaluation (1.7535ms)
  ✔ Property 2: Name similarity alone NEVER resolves to EXACT_MATCH without strong signals (0.5342ms)
  ✔ Property 3: Reputation or follower count changes have ZERO effect on domain expertise (0.2842ms)
  ✔ Property 4: Client credential injection without external proof remains UNVERIFIED (0.3106ms)
✔ ExpertV2PropertyTests (3.7241ms)
ℹ tests 4
ℹ suites 1
ℹ pass 4
ℹ fail 0
ℹ cancelled 0
ℹ skipped 0
ℹ todo 0
ℹ duration_ms 8.5959
(node:32260) ExperimentalWarning: `--experimental-loader` may be removed in the future; instead use `register()`:
--import 'data:text/javascript,import { register } from "node:module"; import { pathToFileURL } from "node:url"; register("file%3A///D%3A/StudentHub-CodexRuns/FULL_REPAIR_20261001/candidate/frontend/tests/foundation/ts-extension-loader.mjs", pathToFileURL("./"));'
(Use `node --trace-warnings ...` to show where the warning was created)
▶ ExpertV2RedTeamAdversarialSuite
  ✔ Attack A: Fake professor identity without verification remains UNVERIFIED (1.086ms)
  ✔ Attack B & C: Real professor impersonation & same-name collision (0.4654ms)
  ✔ Attack D: Fake institutional page is rejected by impersonation guard (0.1462ms)
  ✔ Attack F: Fake/Clashing ORCID with mismatching name triggers collision (0.096ms)
  ✔ Attack H: Expired administrative role from 2022 evaluated in 2026 cannot assert official policy (0.2341ms)
  ✔ Attack I & J: Expert claiming outside domain or official policy without authority is caught (0.3279ms)
  ✔ Attack K: Commercial sponsorship must be flagged as CONFLICT_OF_INTEREST (0.3199ms)
  ✔ Attack L & M: 3 experts citing the same single paper collapse into 1 cluster (0.2465ms)
  ✔ Attack N: Retracted publication or claim must trigger RETRACTED status (0.2002ms)
  ✔ Attack O: Client credential injection without verification proof is rejected (0.2267ms)
✔ ExpertV2RedTeamAdversarialSuite (4.218ms)
ℹ tests 10
ℹ suites 1
ℹ pass 10
ℹ fail 0
ℹ cancelled 0
ℹ skipped 0
ℹ todo 0
ℹ duration_ms 9.6929
(node:26932) ExperimentalWarning: `--experimental-loader` may be removed in the future; instead use `register()`:
--import 'data:text/javascript,import { register } from "node:module"; import { pathToFileURL } from "node:url"; register("file%3A///D%3A/StudentHub-CodexRuns/FULL_REPAIR_20261001/candidate/frontend/tests/foundation/ts-extension-loader.mjs", pathToFileURL("./"));'
(Use `node --trace-warnings ...` to show where the warning was created)
✔ production profile refuses demo-fixture DTOs and labels accepted dev fixtures (1.4012ms)
✔ Expert demo profiles and queues are not reachable through production product routes (21.2922ms)
✔ public Expert search adapter contains no private queue or case index path (0.3821ms)
ℹ tests 3
ℹ suites 0
ℹ pass 3
ℹ fail 0
ℹ cancelled 0
ℹ skipped 0
ℹ todo 0
ℹ duration_ms 26.8891
(node:36424) ExperimentalWarning: `--experimental-loader` may be removed in the future; instead use `register()`:
--import 'data:text/javascript,import { register } from "node:module"; import { pathToFileURL } from "node:url"; register("file%3A///D%3A/StudentHub-CodexRuns/FULL_REPAIR_20261001/candidate/frontend/tests/foundation/ts-extension-loader.mjs", pathToFileURL("./"));'
(Use `node --trace-warnings ...` to show where the warning was created)
✔ Expert V4 blind DTO keeps missing contract fields unknown and separates the question from the claim (0.7074ms)
✔ Expert case exposure fails closed unless the case visibility is explicitly public (0.1141ms)
✔ Expert V4 uses the canonical review request and assessment APIs without browser draft persistence (1.3696ms)
✔ public Expert UI does not mount legacy reputation or cinematic surfaces (0.9217ms)
ℹ tests 4
ℹ suites 0
ℹ pass 4
ℹ fail 0
ℹ cancelled 0
ℹ skipped 0
ℹ todo 0
ℹ duration_ms 7.0657
(node:31628) ExperimentalWarning: `--experimental-loader` may be removed in the future; instead use `register()`:
--import 'data:text/javascript,import { register } from "node:module"; import { pathToFileURL } from "node:url"; register("file%3A///D%3A/StudentHub-CodexRuns/FULL_REPAIR_20261001/candidate/frontend/tests/foundation/ts-extension-loader.mjs", pathToFileURL("./"));'
(Use `node --trace-warnings ...` to show where the warning was created)
✔ daily mission routes use authenticated server-owned Expert permission (1.9541ms)
✔ mission DTO keeps answer key and explanation out of the in-progress projection (1.123ms)
✔ mission progression remains separate from credential/reputation mutations (0.4969ms)
✔ mission page exposes source link, an honest empty bank state and no per-second live announcements (0.7319ms)
✔ daily mission readback distinguishes missing verified scope from an empty validated bank (0.4771ms)
✔ daily mission assignment sends no body to the zero-byte POST contract (0.5672ms)
✔ V5 audit event and config contracts match every server-side writer (1.4106ms)
✔ V5 editorial and source snapshot APIs are admin-only and source activation requires human checks (1.1674ms)
✔ source registry readback exposes durable creator and creation timestamp (0.6486ms)
✔ source snapshot readback exposes stored provider outcome metadata (0.6989ms)
✔ grounded question draft insert uses the source snapshot selected inside its transaction (0.5143ms)
ℹ tests 11
ℹ suites 0
ℹ pass 11
ℹ fail 0
ℹ cancelled 0
ℹ skipped 0
ℹ todo 0
ℹ duration_ms 13.4997
(node:35520) ExperimentalWarning: `--experimental-loader` may be removed in the future; instead use `register()`:
--import 'data:text/javascript,import { register } from "node:module"; import { pathToFileURL } from "node:url"; register("file%3A///D%3A/StudentHub-CodexRuns/FULL_REPAIR_20261001/candidate/frontend/tests/foundation/ts-extension-loader.mjs", pathToFileURL("./"));'
(Use `node --trace-warnings ...` to show where the warning was created)
✔ mission difficulty eligibility is server-owned and separate from credential/reputation stars (1.1539ms)
✔ difficulty derives deterministically from declared evidence properties (0.1219ms)
✔ login, paywall and anti-bot source outcomes remain blocked and cannot produce a Trust answer (0.1724ms)
✔ question activation requires fetched immutable source, evidence map and human review (1.528ms)
✔ objective evaluators are deterministic and unsupported item types fail closed (0.204ms)
✔ question serving checks active state and freshness; changed or unavailable sources require revalidation (0.1291ms)
✔ room transitions reject shortcuts around trust and human adjudication (0.3388ms)
✔ supervisor lottery excludes host, participants, conflicts, other domains and stale presence (1.0018ms)
✔ answers stay hidden before lock except from their owner and outsiders never read them (0.1548ms)
✔ room system proposal requires evidence refs and uses a versioned deterministic rubric (0.2554ms)
✔ reputation thresholds and daily cap never penalize an ordinary wrong answer (0.1195ms)
ℹ tests 11
ℹ suites 0
ℹ pass 11
ℹ fail 0
ℹ cancelled 0
ℹ skipped 0
ℹ todo 0
ℹ duration_ms 9.9261
[QUALITY_GATE] BLOCKED_BY_EXTERNAL_GATE: frontend\tests\expert\expert_v5_live_readonly.test.mjs
(node:22336) ExperimentalWarning: `--experimental-loader` may be removed in the future; instead use `register()`:
--import 'data:text/javascript,import { register } from "node:module"; import { pathToFileURL } from "node:url"; register("file%3A///D%3A/StudentHub-CodexRuns/FULL_REPAIR_20261001/candidate/frontend/tests/foundation/ts-extension-loader.mjs", pathToFileURL("./"));'
(Use `node --trace-warnings ...` to show where the warning was created)
✔ 9. Formal Expert Assessment is absent when backend data is absent (1.1355ms)
✔ 10. Conversational Expert Response remains distinct from Formal Assessment (0.5774ms)
✔ 11. Expert Qualification renders all 8 server-owned states without simulated transitions (0.5311ms)
✔ 12. Expert Reputation Matrix only displays real signals without fake client scores (0.4731ms)
✔ 13. Multi-Expert Disagreement displays differing opinions side-by-side without forced consensus (0.526ms)
✔ 14. Expert Review Desk Modal binds live-review.mp4 with safe fallback (0.5403ms)
ℹ tests 6
ℹ suites 0
ℹ pass 6
ℹ fail 0
ℹ cancelled 0
ℹ skipped 0
ℹ todo 0
ℹ duration_ms 8.236
(node:17632) ExperimentalWarning: `--experimental-loader` may be removed in the future; instead use `register()`:
--import 'data:text/javascript,import { register } from "node:module"; import { pathToFileURL } from "node:url"; register("file%3A///D%3A/StudentHub-CodexRuns/FULL_REPAIR_20261001/candidate/frontend/tests/foundation/ts-extension-loader.mjs", pathToFileURL("./"));'
(Use `node --trace-warnings ...` to show where the warning was created)
✔ forum ranking orders by aggregate vote expressions with deterministic tie breaks (1.7725ms)
ℹ tests 1
ℹ suites 0
ℹ pass 1
ℹ fail 0
ℹ cancelled 0
ℹ skipped 0
ℹ todo 0
ℹ duration_ms 4.8261
(node:22804) ExperimentalWarning: `--experimental-loader` may be removed in the future; instead use `register()`:
--import 'data:text/javascript,import { register } from "node:module"; import { pathToFileURL } from "node:url"; register("file%3A///D%3A/StudentHub-CodexRuns/FULL_REPAIR_20261001/candidate/frontend/tests/foundation/ts-extension-loader.mjs", pathToFileURL("./"));'
(Use `node --trace-warnings ...` to show where the warning was created)
✔ foundation dependency direction keeps transport imports in the adapter (2.421ms)
✔ only explicit source provenance can identify demo output (0.6257ms)
ℹ tests 2
ℹ suites 0
ℹ pass 2
ℹ fail 0
ℹ cancelled 0
ℹ skipped 0
ℹ todo 0
ℹ duration_ms 7.0399
(node:27884) ExperimentalWarning: `--experimental-loader` may be removed in the future; instead use `register()`:
--import 'data:text/javascript,import { register } from "node:module"; import { pathToFileURL } from "node:url"; register("file%3A///D%3A/StudentHub-CodexRuns/FULL_REPAIR_20261001/candidate/frontend/tests/foundation/ts-extension-loader.mjs", pathToFileURL("./"));'
(Use `node --trace-warnings ...` to show where the warning was created)
▶ explicit provider modes
  ✔ DemoProvider is deterministic, labeled, and network-free (6.0354ms)
  ✔ live selection never falls back to DemoProvider (1.0701ms)
  ✔ rejects a demo bundle supplied to the live slot (0.3012ms)
✔ explicit provider modes (8.066ms)
▶ API adapter boundary
  ✔ rejects invalid transport responses instead of creating a result (1.7775ms)
  ✔ validates caller input before a provider call (0.3085ms)
  ✔ normalizes live community and expert DTOs without exposing backend shapes (3.1089ms)
  ✔ submits a community observation through the existing endpoint and stays partial when case scope is not echoed (0.7215ms)
  ✔ reads existing community and expert detail endpoints through canonical ports (0.9615ms)
  ✔ rejects a transport collection when a record cannot be normalized (0.698ms)
  ✔ maps live provider failure to unavailable and never leaks the raw error (0.6702ms)
  ✔ keeps provider partial results typed and identifies the missing dependency (0.2521ms)
  ✔ preserves case/revision scope for assessment commands (0.9205ms)
  ✔ normalizes the existing Passport endpoints without granting client authority (0.927ms)
  ✔ does not attach a Passport from a different case revision (0.2005ms)
  ✔ keeps a valid incomplete Trust pipeline partial instead of inventing success (5.5335ms)
✔ API adapter boundary (16.4998ms)
▶ safe API request behavior
  ✔ uses request identity and ignores raw backend messages (14.8176ms)
  ✔ maps timeout and abort deterministically (19.3684ms)
  ✔ maps invalid JSON to a typed response error without exposing the body (0.4389ms)
✔ safe API request behavior (34.8242ms)
ℹ tests 18
ℹ suites 3
ℹ pass 18
ℹ fail 0
ℹ cancelled 0
ℹ skipped 0
ℹ todo 0
ℹ duration_ms 64.3089
(node:32624) ExperimentalWarning: `--experimental-loader` may be removed in the future; instead use `register()`:
--import 'data:text/javascript,import { register } from "node:module"; import { pathToFileURL } from "node:url"; register("file%3A///D%3A/StudentHub-CodexRuns/FULL_REPAIR_20261001/candidate/frontend/tests/foundation/ts-extension-loader.mjs", pathToFileURL("./"));'
(Use `node --trace-warnings ...` to show where the warning was created)
✔ F02 exposes primitive, semantic, component, status, type, and motion token layers (0.8654ms)
✔ uncertainty and unavailable status tokens are not aliases for safe (0.53ms)
✔ reduced-motion token fallback is explicit (0.141ms)
ℹ tests 3
ℹ suites 0
ℹ pass 3
ℹ fail 0
ℹ cancelled 0
ℹ skipped 0
ℹ todo 0
ℹ duration_ms 5.6316
(node:14836) ExperimentalWarning: `--experimental-loader` may be removed in the future; instead use `register()`:
--import 'data:text/javascript,import { register } from "node:module"; import { pathToFileURL } from "node:url"; register("file%3A///D%3A/StudentHub-CodexRuns/FULL_REPAIR_20261001/candidate/frontend/tests/foundation/ts-extension-loader.mjs", pathToFileURL("./"));'
(Use `node --trace-warnings ...` to show where the warning was created)
▶ canonical UI state envelope
  ✔ preserves success, empty, and partial semantics (2.7541ms)
  ✔ requires explicit uncertainty and rejects UNKNOWN-to-SAFE presentation (0.5205ms)
  ✔ preserves conflict/unavailable/error/offline meanings (0.8685ms)
✔ canonical UI state envelope (4.7724ms)
▶ stale request/run guard
  ✔ commits only the current request and run (0.241ms)
✔ stale request/run guard (0.3229ms)
ℹ tests 4
ℹ suites 2
ℹ pass 4
ℹ fail 0
ℹ cancelled 0
ℹ skipped 0
ℹ todo 0
ℹ duration_ms 8.6132
(node:24680) ExperimentalWarning: `--experimental-loader` may be removed in the future; instead use `register()`:
--import 'data:text/javascript,import { register } from "node:module"; import { pathToFileURL } from "node:url"; register("file%3A///D%3A/StudentHub-CodexRuns/FULL_REPAIR_20261001/candidate/frontend/tests/foundation/ts-extension-loader.mjs", pathToFileURL("./"));'
(Use `node --trace-warnings ...` to show where the warning was created)
▶ EvidenceFusionAuthorityTestSuite
  ✔ should enforce official truth precedence over 10,000 viral community rumors (3.2216ms)
  ✔ should prevent AI 99% confidence from creating authoritative state without official source (0.2817ms)
✔ EvidenceFusionAuthorityTestSuite (4.1562ms)
ℹ tests 2
ℹ suites 1
ℹ pass 2
ℹ fail 0
ℹ cancelled 0
ℹ skipped 0
ℹ todo 0
ℹ duration_ms 7.4327
(node:35728) ExperimentalWarning: `--experimental-loader` may be removed in the future; instead use `register()`:
--import 'data:text/javascript,import { register } from "node:module"; import { pathToFileURL } from "node:url"; register("file%3A///D%3A/StudentHub-CodexRuns/FULL_REPAIR_20261001/candidate/frontend/tests/foundation/ts-extension-loader.mjs", pathToFileURL("./"));'
(Use `node --trace-warnings ...` to show where the warning was created)
▶ EvidenceFusionAuthorizationTestSuite
  ✔ should prevent cross-student private data leakage during public serialization (0.63ms)
✔ EvidenceFusionAuthorizationTestSuite (1.6286ms)
ℹ tests 1
ℹ suites 1
ℹ pass 1
ℹ fail 0
ℹ cancelled 0
ℹ skipped 0
ℹ todo 0
ℹ duration_ms 6.3399
(node:26604) ExperimentalWarning: `--experimental-loader` may be removed in the future; instead use `register()`:
--import 'data:text/javascript,import { register } from "node:module"; import { pathToFileURL } from "node:url"; register("file%3A///D%3A/StudentHub-CodexRuns/FULL_REPAIR_20261001/candidate/frontend/tests/foundation/ts-extension-loader.mjs", pathToFileURL("./"));'
(Use `node --trace-warnings ...` to show where the warning was created)
▶ EvidenceFusionBlastRadiusTestSuite
  ✔ should compute downstream consumers impacted by deadline and exit standard updates (0.4858ms)
✔ EvidenceFusionBlastRadiusTestSuite (1.0545ms)
ℹ tests 1
ℹ suites 1
ℹ pass 1
ℹ fail 0
ℹ cancelled 0
ℹ skipped 0
ℹ todo 0
ℹ duration_ms 5.4771
(node:34760) ExperimentalWarning: `--experimental-loader` may be removed in the future; instead use `register()`:
--import 'data:text/javascript,import { register } from "node:module"; import { pathToFileURL } from "node:url"; register("file%3A///D%3A/StudentHub-CodexRuns/FULL_REPAIR_20261001/candidate/frontend/tests/foundation/ts-extension-loader.mjs", pathToFileURL("./"));'
(Use `node --trace-warnings ...` to show where the warning was created)
▶ EvidenceFusionClaimAlignmentTestSuite
  ✔ should normalize diverse phrasing into the same canonical claim representation (1.9127ms)
  ✔ should correctly classify claim relation as SUPERSEDES for official timeline updates (0.2276ms)
  ✔ should correctly classify claim relation as QUALIFIES for distinct cohort scopes (0.1747ms)
✔ EvidenceFusionClaimAlignmentTestSuite (3.506ms)
ℹ tests 3
ℹ suites 1
ℹ pass 3
ℹ fail 0
ℹ cancelled 0
ℹ skipped 0
ℹ todo 0
ℹ duration_ms 6.6849
(node:26060) ExperimentalWarning: `--experimental-loader` may be removed in the future; instead use `register()`:
--import 'data:text/javascript,import { register } from "node:module"; import { pathToFileURL } from "node:url"; register("file%3A///D%3A/StudentHub-CodexRuns/FULL_REPAIR_20261001/candidate/frontend/tests/foundation/ts-extension-loader.mjs", pathToFileURL("./"));'
(Use `node --trace-warnings ...` to show where the warning was created)
▶ EvidenceFusionContradictionTestSuite
  ✔ should trigger CONFLICTED and REQUIRES_REVIEW when two active official sources contradict each other (2.9603ms)
  ✔ should preserve expert disagreements without modifying official authoritative truth (0.3963ms)
✔ EvidenceFusionContradictionTestSuite (3.9628ms)
ℹ tests 2
ℹ suites 1
ℹ pass 2
ℹ fail 0
ℹ cancelled 0
ℹ skipped 0
ℹ todo 0
ℹ duration_ms 7.3498
(node:22436) ExperimentalWarning: `--experimental-loader` may be removed in the future; instead use `register()`:
--import 'data:text/javascript,import { register } from "node:module"; import { pathToFileURL } from "node:url"; register("file%3A///D%3A/StudentHub-CodexRuns/FULL_REPAIR_20261001/candidate/frontend/tests/foundation/ts-extension-loader.mjs", pathToFileURL("./"));'
(Use `node --trace-warnings ...` to show where the warning was created)
▶ EvidenceFusionE2EGoldenScenarioTestSuite
  ✔ E2E Scenario A: Official 05/09 + Expert supports + Community reports 10/09 + AI summarizes (1.2384ms)
  ✔ E2E Scenario B: Official V1 (30/08) → Official V2 (05/09) supersession (0.1734ms)
  ✔ E2E Scenario C: Official 3-day target vs Community 6-8 days → OPERATIONAL_REALITY_GAP (0.2641ms)
  ✔ E2E Scenario D: AI claims 'surely deadline is 10/09' with no evidence → UNSUPPORTED (0.1608ms)
  ✔ E2E Scenario E: Two current official sources conflict → AUTHORITATIVE_CONFLICT + HUMAN_REVIEW_REQUIRED (0.2545ms)
  ✔ E2E Scenario F: Expert A supports X + Expert B supports Y + Both cite same study → shared evidence cluster (0.2149ms)
  ✔ E2E Scenario G: 30 community posts copied from one article → 1 provenance cluster (0.6082ms)
  ✔ E2E Scenario H: Three scoped claims K24=550, K25=500, K20=450 → no contradiction, 3 scope partitions (0.2379ms)
  ✔ E2E Scenario I: Source retracted → DEGRADED evidence health + dependent claims identified (0.1678ms)
  ✔ E2E Scenario J: Fusion result changes → new KNO version + blast radius computed (0.2135ms)
✔ EvidenceFusionE2EGoldenScenarioTestSuite (4.4464ms)
ℹ tests 10
ℹ suites 1
ℹ pass 10
ℹ fail 0
ℹ cancelled 0
ℹ skipped 0
ℹ todo 0
ℹ duration_ms 8.4355
(node:1236) ExperimentalWarning: `--experimental-loader` may be removed in the future; instead use `register()`:
--import 'data:text/javascript,import { register } from "node:module"; import { pathToFileURL } from "node:url"; register("file%3A///D%3A/StudentHub-CodexRuns/FULL_REPAIR_20261001/candidate/frontend/tests/foundation/ts-extension-loader.mjs", pathToFileURL("./"));'
(Use `node --trace-warnings ...` to show where the warning was created)
▶ EvidenceFusionHistoryDiffTestSuite
  ✔ should generate structured Knowledge Diff between V1 and V2 (0.4718ms)
✔ EvidenceFusionHistoryDiffTestSuite (1.0244ms)
ℹ tests 1
ℹ suites 1
ℹ pass 1
ℹ fail 0
ℹ cancelled 0
ℹ skipped 0
ℹ todo 0
ℹ duration_ms 4.6588
(node:19180) ExperimentalWarning: `--experimental-loader` may be removed in the future; instead use `register()`:
--import 'data:text/javascript,import { register } from "node:module"; import { pathToFileURL } from "node:url"; register("file%3A///D%3A/StudentHub-CodexRuns/FULL_REPAIR_20261001/candidate/frontend/tests/foundation/ts-extension-loader.mjs", pathToFileURL("./"));'
(Use `node --trace-warnings ...` to show where the warning was created)
▶ EvidenceFusionIndependenceTestSuite
  ✔ should recognize Official -> Expert -> AI as a linear derivation chain and not 3 independent confirmations (0.5113ms)
✔ EvidenceFusionIndependenceTestSuite (1.2709ms)
ℹ tests 1
ℹ suites 1
ℹ pass 1
ℹ fail 0
ℹ cancelled 0
ℹ skipped 0
ℹ todo 0
ℹ duration_ms 5.347
(node:23116) ExperimentalWarning: `--experimental-loader` may be removed in the future; instead use `register()`:
--import 'data:text/javascript,import { register } from "node:module"; import { pathToFileURL } from "node:url"; register("file%3A///D%3A/StudentHub-CodexRuns/FULL_REPAIR_20261001/candidate/frontend/tests/foundation/ts-extension-loader.mjs", pathToFileURL("./"));'
(Use `node --trace-warnings ...` to show where the warning was created)
▶ EvidenceFusionKnowledgeObjectTestSuite
  ✔ should retrieve stored Knowledge Object with complete layered properties (0.6147ms)
✔ EvidenceFusionKnowledgeObjectTestSuite (1.2713ms)
ℹ tests 1
ℹ suites 1
ℹ pass 1
ℹ fail 0
ℹ cancelled 0
ℹ skipped 0
ℹ todo 0
ℹ duration_ms 6.8564
(node:27020) ExperimentalWarning: `--experimental-loader` may be removed in the future; instead use `register()`:
--import 'data:text/javascript,import { register } from "node:module"; import { pathToFileURL } from "node:url"; register("file%3A///D%3A/StudentHub-CodexRuns/FULL_REPAIR_20261001/candidate/frontend/tests/foundation/ts-extension-loader.mjs", pathToFileURL("./"));'
(Use `node --trace-warnings ...` to show where the warning was created)
▶ EvidenceFusionMetamorphicTestSuite
  ✔ Metamorphic 1: Reordering multi-layer inputs produces semantically identical Knowledge Object (4.9496ms)
  ✔ Metamorphic 2: JSON serialization roundtrip preserves entity structure and state (0.3722ms)
✔ EvidenceFusionMetamorphicTestSuite (6.4993ms)
ℹ tests 2
ℹ suites 1
ℹ pass 2
ℹ fail 0
ℹ cancelled 0
ℹ skipped 0
ℹ todo 0
ℹ duration_ms 10.3226
(node:17612) ExperimentalWarning: `--experimental-loader` may be removed in the future; instead use `register()`:
--import 'data:text/javascript,import { register } from "node:module"; import { pathToFileURL } from "node:url"; register("file%3A///D%3A/StudentHub-CodexRuns/FULL_REPAIR_20261001/candidate/frontend/tests/foundation/ts-extension-loader.mjs", pathToFileURL("./"));'
(Use `node --trace-warnings ...` to show where the warning was created)
▶ EvidenceFusionModelTestSuite
  ✔ should create immutable canonical claims with appropriate authority class and hash (2.0639ms)
  ✔ should create canonical Knowledge Objects with complete four-layer components (0.3575ms)
  ✔ should redact private student metadata and contact information in redactForPublic (0.1611ms)
✔ EvidenceFusionModelTestSuite (3.9518ms)
ℹ tests 3
ℹ suites 1
ℹ pass 3
ℹ fail 0
ℹ cancelled 0
ℹ skipped 0
ℹ todo 0
ℹ duration_ms 7.2407
(node:3856) ExperimentalWarning: `--experimental-loader` may be removed in the future; instead use `register()`:
--import 'data:text/javascript,import { register } from "node:module"; import { pathToFileURL } from "node:url"; register("file%3A///D%3A/StudentHub-CodexRuns/FULL_REPAIR_20261001/candidate/frontend/tests/foundation/ts-extension-loader.mjs", pathToFileURL("./"));'
(Use `node --trace-warnings ...` to show where the warning was created)
▶ EvidenceFusionMutationTestSuite
  ✔ Mutant 1: community → official mutation — Community claim MUST NOT be treated as official truth (6.0268ms)
  ✔ Mutant 2: expert → official mutation — Expert interpretation MUST NOT become official policy (1.3146ms)
  ✔ Mutant 3: AI → official mutation — AI synthesis MUST NOT create authoritative academic truth (1.3476ms)
  ✔ Mutant 4: duplicate → independent mutation — Duplicate provenance MUST NOT inflate independence count (1.9758ms)
  ✔ Mutant 5: old → current mutation — Historical source MUST NOT silently become current (0.3824ms)
  ✔ Mutant 6: contradiction → ignored mutation — Contradictions MUST be recorded, never silently dropped (0.6546ms)
  ✔ Mutant 7: scope mismatch → merged mutation — Disjoint scopes MUST NOT be merged as contradictions (0.5078ms)
  ✔ Mutant 8: retracted → active mutation — Retracted evidence MUST NOT remain active (0.6039ms)
  ✔ Mutant 9: fusion order affects result mutation — Order invariance must hold (1.1141ms)
  ✔ Mutant 10: client authority accepted mutation — Client-injected authority class MUST be overridden (0.4976ms)
  ✔ Mutant 11: weighted-average fallback mutation — System MUST NOT use numeric averaging for truth determination (0.5549ms)
  ✔ Mutant 12: Knowledge Object immutability mutation — Frozen objects MUST NOT be modifiable (1.6682ms)
✔ EvidenceFusionMutationTestSuite (18.7874ms)
ℹ tests 12
ℹ suites 1
ℹ pass 12
ℹ fail 0
ℹ cancelled 0
ℹ skipped 0
ℹ todo 0
ℹ duration_ms 34.0698
(node:28124) ExperimentalWarning: `--experimental-loader` may be removed in the future; instead use `register()`:
--import 'data:text/javascript,import { register } from "node:module"; import { pathToFileURL } from "node:url"; register("file%3A///D%3A/StudentHub-CodexRuns/FULL_REPAIR_20261001/candidate/frontend/tests/foundation/ts-extension-loader.mjs", pathToFileURL("./"));'
(Use `node --trace-warnings ...` to show where the warning was created)
▶ EvidenceFusionPropertyTestSuite
  ✔ Property 1: Idempotency — Fusing identical input claims produces identical Knowledge Objects (5.8094ms)
  ✔ Property 2: Order Invariance — Shuffling input claim order has zero effect on authoritative outcome (0.8641ms)
  ✔ Property 3: Client Injected Authority Immunity — Unverified source cannot claim INSTITUTIONAL_AUTHORITY (0.4716ms)
  ✔ Property 4: Non-Democratic Invariance — Upvote counts have zero weight in truth determination (0.6613ms)
✔ EvidenceFusionPropertyTestSuite (9.0209ms)
ℹ tests 4
ℹ suites 1
ℹ pass 4
ℹ fail 0
ℹ cancelled 0
ℹ skipped 0
ℹ todo 0
ℹ duration_ms 14.6096
(node:33420) ExperimentalWarning: `--experimental-loader` may be removed in the future; instead use `register()`:
--import 'data:text/javascript,import { register } from "node:module"; import { pathToFileURL } from "node:url"; register("file%3A///D%3A/StudentHub-CodexRuns/FULL_REPAIR_20261001/candidate/frontend/tests/foundation/ts-extension-loader.mjs", pathToFileURL("./"));'
(Use `node --trace-warnings ...` to show where the warning was created)
▶ EvidenceFusionProvenanceTestSuite
  ✔ should trace complete backward lineage DAG from Knowledge Object to Official Source (0.6683ms)
✔ EvidenceFusionProvenanceTestSuite (1.4379ms)
ℹ tests 1
ℹ suites 1
ℹ pass 1
ℹ fail 0
ℹ cancelled 0
ℹ skipped 0
ℹ todo 0
ℹ duration_ms 5.8758
(node:23780) ExperimentalWarning: `--experimental-loader` may be removed in the future; instead use `register()`:
--import 'data:text/javascript,import { register } from "node:module"; import { pathToFileURL } from "node:url"; register("file%3A///D%3A/StudentHub-CodexRuns/FULL_REPAIR_20261001/candidate/frontend/tests/foundation/ts-extension-loader.mjs", pathToFileURL("./"));'
(Use `node --trace-warnings ...` to show where the warning was created)
▶ EvidenceFusionRedTeamTestSuite
  ✔ Attack A: 10,000 forum posts MUST NOT overpower a single official source (3.9036ms)
  ✔ Attack B: Expert authority spoof — community claim labeled EXPERT must not gain expert privilege (0.2591ms)
  ✔ Attack C: AI confidence 99% must NOT create AUTHORITATIVE state without official source (0.2412ms)
  ✔ Attack D: AI + Expert + Community unanimous but NO official source must NOT reach AUTHORITATIVE (0.2338ms)
  ✔ Attack E: Old official source + newer forum rumor — old official still takes precedence over forum (0.1864ms)
  ✔ Attack F: New official source + old official mirror — newer wins via supersession (0.209ms)
  ✔ Attack G: 30 copied community posts must collapse into 1 provenance cluster, not 30 independent confirmations (0.5608ms)
  ✔ Attack H: Expert cites same official source as AI — shared evidence cluster, not independent (0.219ms)
  ✔ Attack I: Community observes gap but falsely claims policy violation — no policy mutation (0.2227ms)
  ✔ Attack J: Scope mismatch — K24 claim must not merge with K26 claim (0.2677ms)
  ✔ Attack K: Temporal mismatch — historical source must not override current source (0.1933ms)
  ✔ Attack L: Source laundering — Forum cites Expert who cites Official. Must not count as 3 independent sources (0.1581ms)
  ✔ Attack M: Retracted source must trigger DEGRADED evidence health (0.1256ms)
  ✔ Attack N: Fake citation in community claim must not elevate to AUTHORITATIVE (0.1557ms)
  ✔ Attack O: Client injects AUTHORITATIVE state directly — server must override based on evidence (0.108ms)
✔ EvidenceFusionRedTeamTestSuite (7.9861ms)
ℹ tests 15
ℹ suites 1
ℹ pass 15
ℹ fail 0
ℹ cancelled 0
ℹ skipped 0
ℹ todo 0
ℹ duration_ms 12.4679
(node:26380) ExperimentalWarning: `--experimental-loader` may be removed in the future; instead use `register()`:
--import 'data:text/javascript,import { register } from "node:module"; import { pathToFileURL } from "node:url"; register("file%3A///D%3A/StudentHub-CodexRuns/FULL_REPAIR_20261001/candidate/frontend/tests/foundation/ts-extension-loader.mjs", pathToFileURL("./"));'
(Use `node --trace-warnings ...` to show where the warning was created)
▶ EvidenceFusionScopeTestSuite
  ✔ should recognize that K24, K25, K20 claims are distinct scope partitions and not contradictions (0.4409ms)
  ✔ should partition a collection of claims by scope dimension cleanly (0.133ms)
✔ EvidenceFusionScopeTestSuite (1.1846ms)
ℹ tests 2
ℹ suites 1
ℹ pass 2
ℹ fail 0
ℹ cancelled 0
ℹ skipped 0
ℹ todo 0
ℹ duration_ms 4.7828
(node:33248) ExperimentalWarning: `--experimental-loader` may be removed in the future; instead use `register()`:
--import 'data:text/javascript,import { register } from "node:module"; import { pathToFileURL } from "node:url"; register("file%3A///D%3A/StudentHub-CodexRuns/FULL_REPAIR_20261001/candidate/frontend/tests/foundation/ts-extension-loader.mjs", pathToFileURL("./"));'
(Use `node --trace-warnings ...` to show where the warning was created)
▶ EvidenceFusionSupersessionTestSuite
  ✔ should invalidate old official version when newer regulation version is published (0.4477ms)
✔ EvidenceFusionSupersessionTestSuite (1.017ms)
ℹ tests 1
ℹ suites 1
ℹ pass 1
ℹ fail 0
ℹ cancelled 0
ℹ skipped 0
ℹ todo 0
ℹ duration_ms 5.1281
(node:19776) ExperimentalWarning: `--experimental-loader` may be removed in the future; instead use `register()`:
--import 'data:text/javascript,import { register } from "node:module"; import { pathToFileURL } from "node:url"; register("file%3A///D%3A/StudentHub-CodexRuns/FULL_REPAIR_20261001/candidate/frontend/tests/foundation/ts-extension-loader.mjs", pathToFileURL("./"));'
(Use `node --trace-warnings ...` to show where the warning was created)
▶ EvidenceFusionTemporalTestSuite
  ✔ should evaluate supersession when a newer official notice replaces an older one (0.4404ms)
  ✔ should categorize 3-year old claims as HISTORICAL_SUPERSEDED (0.669ms)
✔ EvidenceFusionTemporalTestSuite (1.7152ms)
ℹ tests 2
ℹ suites 1
ℹ pass 2
ℹ fail 0
ℹ cancelled 0
ℹ skipped 0
ℹ todo 0
ℹ duration_ms 5.3947
(node:20780) ExperimentalWarning: `--experimental-loader` may be removed in the future; instead use `register()`:
--import 'data:text/javascript,import { register } from "node:module"; import { pathToFileURL } from "node:url"; register("file%3A///D%3A/StudentHub-CodexRuns/FULL_REPAIR_20261001/candidate/frontend/tests/foundation/ts-extension-loader.mjs", pathToFileURL("./"));'
(Use `node --trace-warnings ...` to show where the warning was created)
▶ EvidenceFusionUIContractTestSuite
  ✔ should provide all Knowledge Objects via getAll() for server-side rendering (0.6834ms)
  ✔ should return null for non-existent Knowledge Object IDs (0.1214ms)
  ✔ should return structured Knowledge Diff with explanation for version history (0.1292ms)
  ✔ should ensure Knowledge Object contract includes all required canonical fields (0.0869ms)
✔ EvidenceFusionUIContractTestSuite (1.7118ms)
ℹ tests 4
ℹ suites 1
ℹ pass 4
ℹ fail 0
ℹ cancelled 0
ℹ skipped 0
ℹ todo 0
ℹ duration_ms 5.6551
(node:11072) ExperimentalWarning: `--experimental-loader` may be removed in the future; instead use `register()`:
--import 'data:text/javascript,import { register } from "node:module"; import { pathToFileURL } from "node:url"; register("file%3A///D%3A/StudentHub-CodexRuns/FULL_REPAIR_20261001/candidate/frontend/tests/foundation/ts-extension-loader.mjs", pathToFileURL("./"));'
(Use `node --trace-warnings ...` to show where the warning was created)
✔ bounded transient failover advances through models and never calls OpenAI (5.5017ms)
✔ successful structured Gemini output is parsed, validated, and consumed (0.3591ms)
✔ Layer 4 remains deterministic and retains the model trace when all Gemini models fail (4.2356ms)
✔ cost and latency budgets remain explicit synthetic assumptions (0.1543ms)
ℹ tests 4
ℹ suites 0
ℹ pass 4
ℹ fail 0
ℹ cancelled 0
ℹ skipped 0
ℹ todo 0
ℹ duration_ms 14.1579
(node:21600) ExperimentalWarning: `--experimental-loader` may be removed in the future; instead use `register()`:
--import 'data:text/javascript,import { register } from "node:module"; import { pathToFileURL } from "node:url"; register("file%3A///D%3A/StudentHub-CodexRuns/FULL_REPAIR_20261001/candidate/frontend/tests/foundation/ts-extension-loader.mjs", pathToFileURL("./"));'
(Use `node --trace-warnings ...` to show where the warning was created)
▶ Geospatial Protocol 1: Location Quality & Spike Detection
  ✔ should evaluate accuracy radius and grade location quality (0.4723ms)
  ✔ should detect impossible teleportation spikes (e.g. 20km in 2s) (0.2119ms)
  ✔ should smooth GPS jitter while keeping raw observations untouched (0.1213ms)
✔ Geospatial Protocol 1: Location Quality & Spike Detection (1.4185ms)
▶ Geospatial Protocol 2: Map Matching & Campus Context
  ✔ should snap coordinates to road segments with confidence (0.2113ms)
  ✔ should resolve HCMUTE campus context and state indoor limitations (0.2216ms)
✔ Geospatial Protocol 2: Map Matching & Campus Context (0.5396ms)
▶ Geospatial Protocol 3: Segment-Level Risk & Traffic Modes
  ✔ should isolate risk to specific road segments instead of labeling entire route (0.4181ms)
  ✔ should distinguish Google Routes traffic modes (0.0874ms)
  ✔ should detect geofenced safe arrival in Trip Companion session (0.8714ms)
  ✔ should execute full 7-stage master geospatial orchestration (0.3816ms)
✔ Geospatial Protocol 3: Segment-Level Risk & Traffic Modes (1.9372ms)
ℹ tests 9
ℹ suites 3
ℹ pass 9
ℹ fail 0
ℹ cancelled 0
ℹ skipped 0
ℹ todo 0
ℹ duration_ms 8.6105
(node:33776) ExperimentalWarning: `--experimental-loader` may be removed in the future; instead use `register()`:
--import 'data:text/javascript,import { register } from "node:module"; import { pathToFileURL } from "node:url"; register("file%3A///D%3A/StudentHub-CodexRuns/FULL_REPAIR_20261001/candidate/frontend/tests/foundation/ts-extension-loader.mjs", pathToFileURL("./"));'
(Use `node --trace-warnings ...` to show where the warning was created)
▶ friend backend authoritative trust pipeline
  ✔ sends the PowerShell text contract and never replaces the friend's final verdict (14.5606ms)
  ✔ uses local Tavily only as Layer 3 evidence recovery and keeps friend L4 authoritative (2.0535ms)
  ✔ fires the L1 handoff with the user's original Trust input (1.5988ms)
✔ friend backend authoritative trust pipeline (18.8499ms)
ℹ tests 3
ℹ suites 1
ℹ pass 3
ℹ fail 0
ℹ cancelled 0
ℹ skipped 0
ℹ todo 0
ℹ duration_ms 22.1979
(node:1048) ExperimentalWarning: `--experimental-loader` may be removed in the future; instead use `register()`:
--import 'data:text/javascript,import { register } from "node:module"; import { pathToFileURL } from "node:url"; register("file%3A///D%3A/StudentHub-CodexRuns/FULL_REPAIR_20261001/candidate/frontend/tests/foundation/ts-extension-loader.mjs", pathToFileURL("./"));'
(Use `node --trace-warnings ...` to show where the warning was created)
▶ legacy four-layer anti-corruption adapter
  ✔ normalizes Layer 2 SAFE/no-match without converting it to safe proof (6.6111ms)
  ✔ retains Layer 2 DANGEROUS and UNKNOWN as distinct findings (0.5858ms)
  ✔ uses the friend's exact image contract across Layers 2, 3, and 4 (14.1101ms)
  ✔ forwards the normalized text Layer 2 result to the friend's Layer 3/4 contract (0.666ms)
  ✔ maps Layer 2 outage to UNAVAILABLE and never DEMO (0.3189ms)
  ✔ maps a malformed Layer 2 payload to typed invalid response without provider truth (0.3007ms)
  ✔ sends only bounded server-side JSON and rejects non-JSON responses (0.5129ms)
  ✔ redacts sensitive URL query material before the Layer 2 provider boundary (0.3641ms)
  ✔ rejects oversized responses before JSON parsing (0.2565ms)
  ✔ times out a hanging legacy request without retrying or substituting demo data (303.6558ms)
  ✔ propagates caller cancellation instead of converting it to provider outage (0.5689ms)
  ✔ fails closed for a private legacy backend target before issuing a request (0.2035ms)
  ✔ preserves Layer 3 TRUE/FALSE/UNKNOWN and validated continuation (1.2067ms)
  ✔ does not promote a high-confidence TRUE claim without evidence-backed provenance (0.2436ms)
  ✔ does not auto-continue an unavailable Layer 3 verdict when continuation is omitted (0.1741ms)
  ✔ rejects malformed Layer 3 continuation and maps it to unavailable (0.2772ms)
  ✔ normalizes Layer 4 TRUE/FALSE/UNKNOWN, contradictions, and model confidence separately (0.1554ms)
  ✔ keeps Layer 4 sources separate from Layer 3 sources (0.3369ms)
  ✔ returns explicit NOT_CONFIGURED without a demo fallback (0.135ms)
  ✔ projects only normalized records into TrustGraph and Passport descriptors (1.1669ms)
  ✔ does not equate legacy assessment confidence with safety probability (0.3363ms)
  ✔ preserves distinct Layer 3 and Layer 4 provenance when IDs and URLs overlap (0.438ms)
✔ legacy four-layer anti-corruption adapter (333.9087ms)
ℹ tests 22
ℹ suites 1
ℹ pass 22
ℹ fail 0
ℹ cancelled 0
ℹ skipped 0
ℹ todo 0
ℹ duration_ms 336.9271
(node:4392) ExperimentalWarning: `--experimental-loader` may be removed in the future; instead use `register()`:
--import 'data:text/javascript,import { register } from "node:module"; import { pathToFileURL } from "node:url"; register("file%3A///D%3A/StudentHub-CodexRuns/FULL_REPAIR_20261001/candidate/frontend/tests/foundation/ts-extension-loader.mjs", pathToFileURL("./"));'
(Use `node --trace-warnings ...` to show where the warning was created)
▶ canonical Trust orchestrator and legacy layer boundary
  ✔ runs legacy L2/L3/L4 behind the server orchestrator and retains canonical projections (24.3326ms)
  ✔ enforces Layer 3 continuation server-side and skips legacy synthesis without treating it as pass (4.0199ms)
  ✔ marks an optional legacy Layer 4 outage as partial while preserving local deterministic policy (7.1958ms)
✔ canonical Trust orchestrator and legacy layer boundary (36.4817ms)
ℹ tests 3
ℹ suites 1
ℹ pass 3
ℹ fail 0
ℹ cancelled 0
ℹ skipped 0
ℹ todo 0
ℹ duration_ms 42.6342
(node:2404) ExperimentalWarning: `--experimental-loader` may be removed in the future; instead use `register()`:
--import 'data:text/javascript,import { register } from "node:module"; import { pathToFileURL } from "node:url"; register("file%3A///D%3A/StudentHub-CodexRuns/FULL_REPAIR_20261001/candidate/frontend/tests/foundation/ts-extension-loader.mjs", pathToFileURL("./"));'
(Use `node --trace-warnings ...` to show where the warning was created)
▶ Trust Render backend wiring
  ✔ accepts the existing friend-backend URL as a server-only compatibility alias (3.3268ms)
  ✔ attaches configured Friend observations as shadow while StudentHub completes the four-layer pipeline (1005.9986ms)
✔ Trust Render backend wiring (1010.0368ms)
ℹ tests 2
ℹ suites 1
ℹ pass 2
ℹ fail 0
ℹ cancelled 0
ℹ skipped 0
ℹ todo 0
ℹ duration_ms 1012.5308
(node:35832) ExperimentalWarning: `--experimental-loader` may be removed in the future; instead use `register()`:
--import 'data:text/javascript,import { register } from "node:module"; import { pathToFileURL } from "node:url"; register("file%3A///D%3A/StudentHub-CodexRuns/FULL_REPAIR_20261001/candidate/frontend/tests/foundation/ts-extension-loader.mjs", pathToFileURL("./"));'
(Use `node --trace-warnings ...` to show where the warning was created)
▶ GenSpark AI Drive read-only bridge
  ✔ normalizes safe paths and rejects traversal, relative, control, and backslash paths (0.7316ms)
  ✔ reports configuration without exposing the token (0.3679ms)
  ✔ rejects custom or non-HTTPS origins unless explicitly allowlisted (0.1336ms)
  ✔ lists bounded normalized items through the documented SDK endpoint (15.2124ms)
  ✔ maps provider authentication errors without returning provider bodies (0.3645ms)
✔ GenSpark AI Drive read-only bridge (17.5136ms)
ℹ tests 5
ℹ suites 1
ℹ pass 5
ℹ fail 0
ℹ cancelled 0
ℹ skipped 0
ℹ todo 0
ℹ duration_ms 21.7761
(node:28720) ExperimentalWarning: `--experimental-loader` may be removed in the future; instead use `register()`:
--import 'data:text/javascript,import { register } from "node:module"; import { pathToFileURL } from "node:url"; register("file%3A///D%3A/StudentHub-CodexRuns/FULL_REPAIR_20261001/candidate/frontend/tests/foundation/ts-extension-loader.mjs", pathToFileURL("./"));'
(Use `node --trace-warnings ...` to show where the warning was created)
✔ SHADOW persists and leases an event without opening transport; STAGING catches it up (17.0964ms)
✔ outbox event identity is idempotent and conflicts on a changed hash (0.4383ms)
✔ timeout after receiver commit retries the same event without a second business effect (0.9182ms)
✔ retry backoff, permanent conflict, and lease expiry are explicit worker states (2.162ms)
✔ SKIP LOCKED permits multiple workers and lease tokens prevent stale completion (1.2936ms)
✔ Trust transaction contract places outbox insert before COMMIT and rolls back together (0.2264ms)
✔ Labbe authority is observation-only and assurance freshness is authorization-gated (0.4236ms)
ℹ tests 7
ℹ suites 0
ℹ pass 7
ℹ fail 0
ℹ cancelled 0
ℹ skipped 0
ℹ todo 0
ℹ duration_ms 26.3561
(node:28604) ExperimentalWarning: `--experimental-loader` may be removed in the future; instead use `register()`:
--import 'data:text/javascript,import { register } from "node:module"; import { pathToFileURL } from "node:url"; register("file%3A///D%3A/StudentHub-CodexRuns/FULL_REPAIR_20261001/candidate/frontend/tests/foundation/ts-extension-loader.mjs", pathToFileURL("./"));'
(Use `node --trace-warnings ...` to show where the warning was created)
✔ Labbe bridge emits a canonical minimal hashed Trust signal (2.9752ms)
✔ DISABLED and SHADOW never open a network request; SHADOW remains outbox-backed (0.3731ms)
✔ CONTROLLED is recognized but disabled for this closure pass (0.151ms)
✔ STAGING requires HTTPS, workload scope, and pins auth/classification headers (13.366ms)
✔ transport rejects unknown/private payload fields and detects hash mismatch before network (0.2957ms)
✔ receiver conflict and timeout remain typed delivery outcomes (0.4608ms)
ℹ tests 6
ℹ suites 0
ℹ pass 6
ℹ fail 0
ℹ cancelled 0
ℹ skipped 0
ℹ todo 0
ℹ duration_ms 21.8389
(node:17404) ExperimentalWarning: `--experimental-loader` may be removed in the future; instead use `register()`:
--import 'data:text/javascript,import { register } from "node:module"; import { pathToFileURL } from "node:url"; register("file%3A///D%3A/StudentHub-CodexRuns/FULL_REPAIR_20261001/candidate/frontend/tests/foundation/ts-extension-loader.mjs", pathToFileURL("./"));'
(Use `node --trace-warnings ...` to show where the warning was created)
✔ Node StudentHub canonical JSON matches every golden vector (1.0149ms)
✔ different object key ordering has identical canonical bytes and hash (0.1615ms)
✔ Python Labbe reference verifier matches the same golden vectors (155.4788ms)
ℹ tests 3
ℹ suites 0
ℹ pass 3
ℹ fail 0
ℹ cancelled 0
ℹ skipped 0
ℹ todo 0
ℹ duration_ms 160.3647
(node:29600) ExperimentalWarning: `--experimental-loader` may be removed in the future; instead use `register()`:
--import 'data:text/javascript,import { register } from "node:module"; import { pathToFileURL } from "node:url"; register("file%3A///D%3A/StudentHub-CodexRuns/FULL_REPAIR_20261001/candidate/frontend/tests/foundation/ts-extension-loader.mjs", pathToFileURL("./"));'
(Use `node --trace-warnings ...` to show where the warning was created)
﹣ real Labbe STAGING transport: TLS, workload auth, scope, classification, Unicode hash, duplicate, and conflict (0.4988ms) # LABBE_STAGING_BLOCKED_BY_ENV: missing STUDENTHUB_LABBE_BASE_URL, STUDENTHUB_LABBE_TOKEN, STUDENTHUB_LABBE_SCOPE, STUDENTHUB_LABBE_TEST_DATABASE_URL
﹣ real Labbe STAGING rejects wrong workload token and wrong scope (0.0805ms) # LABBE_STAGING_BLOCKED_BY_ENV: missing STUDENTHUB_LABBE_BASE_URL, STUDENTHUB_LABBE_TOKEN, STUDENTHUB_LABBE_SCOPE, STUDENTHUB_LABBE_TEST_DATABASE_URL
﹣ real Labbe STAGING transaction, restart, lease worker, and catch-up gate (0.0514ms) # LABBE_STAGING_BLOCKED_BY_ENV: missing STUDENTHUB_LABBE_BASE_URL, STUDENTHUB_LABBE_TOKEN, STUDENTHUB_LABBE_SCOPE, STUDENTHUB_LABBE_TEST_DATABASE_URL
﹣ real Labbe receiver timeout is observable and retryable (0.0466ms) # LABBE_STAGING_BLOCKED_BY_ENV: STUDENTHUB_LABBE_TIMEOUT_URL is required for the controlled timeout probe
﹣ real Labbe receiver outage remains unavailable (0.0482ms) # LABBE_STAGING_BLOCKED_BY_ENV: STUDENTHUB_LABBE_OUTAGE_URL is required for the controlled outage probe
ℹ tests 5
ℹ suites 0
ℹ pass 0
ℹ fail 0
ℹ cancelled 0
ℹ skipped 5
ℹ todo 0
ℹ duration_ms 5.1825
(node:10492) ExperimentalWarning: `--experimental-loader` may be removed in the future; instead use `register()`:
--import 'data:text/javascript,import { register } from "node:module"; import { pathToFileURL } from "node:url"; register("file%3A///D%3A/StudentHub-CodexRuns/FULL_REPAIR_20261001/candidate/frontend/tests/foundation/ts-extension-loader.mjs", pathToFileURL("./"));'
(Use `node --trace-warnings ...` to show where the warning was created)
✔ OSS reference ledger records licenses and concept-only boundaries (0.6999ms)
✔ Promax runtime does not import the reference projects as dependencies (1.1705ms)
ℹ tests 2
ℹ suites 0
ℹ pass 2
ℹ fail 0
ℹ cancelled 0
ℹ skipped 0
ℹ todo 0
ℹ duration_ms 6.3564
(node:20016) ExperimentalWarning: `--experimental-loader` may be removed in the future; instead use `register()`:
--import 'data:text/javascript,import { register } from "node:module"; import { pathToFileURL } from "node:url"; register("file%3A///D%3A/StudentHub-CodexRuns/FULL_REPAIR_20261001/candidate/frontend/tests/foundation/ts-extension-loader.mjs", pathToFileURL("./"));'
(Use `node --trace-warnings ...` to show where the warning was created)
======================================================================
🔬 STUDENTHUB AI — AUDIT V2 ADVERSARIAL TEST SUITE
======================================================================
▶ [AUDIT-V2-01] Input Contract: Fail-Closed on Invalid Input
  ✔ evaluateRisk(null) → INSUFFICIENT_DATA, no crash (1.5729ms)
  ✔ evaluateRisk(undefined) → INSUFFICIENT_DATA, no crash (0.1202ms)
  ✔ evaluateRisk({}) → INSUFFICIENT_DATA (no usable url or text) (0.1027ms)
  ✔ evaluateRisk({ url: '' }) → INSUFFICIENT_DATA (0.0621ms)
  ✔ evaluateRisk({ text: '' }) → INSUFFICIENT_DATA (0.0861ms)
  ✔ evaluateRisk({ url: '   ', text: '  ' }) → INSUFFICIENT_DATA (whitespace only) (0.0929ms)
  ✔ evaluateRisk(42) → INSUFFICIENT_DATA (non-object) (0.0538ms)
  ✔ evaluateRisk('string') → INSUFFICIENT_DATA (non-object) (0.0577ms)
  ✔ evaluateRisk([]) → INSUFFICIENT_DATA (array is not valid payload) (0.0778ms)
  ✔ evaluateRisk({ url: null, text: null }) → INSUFFICIENT_DATA (null fields) (0.1708ms)
  ✔ evaluateRisk({ url: 123, text: true }) → INSUFFICIENT_DATA (wrong types) (0.1281ms)
  ✔ evaluateRisk({ metadata: null }) → INSUFFICIENT_DATA (no url/text with null metadata) (0.0459ms)
✔ [AUDIT-V2-01] Input Contract: Fail-Closed on Invalid Input (3.4897ms)
▶ [AUDIT-V2-02] URL Canonicalization & Domain Trust
  ✔ should handle case-insensitive URLs correctly: HTTPS://HCMUTE.EDU.VN (1.7226ms)
  ✔ should strip trailing dot: hcmute.edu.vn. → hcmute.edu.vn (0.8797ms)
  ✔ should detect userinfo attack: hcmute.edu.vn@attacker.com (1.3651ms)
  ✔ should NOT inherit official trust for attacker suffix: hcmute.edu.vn.attacker.com (0.2673ms)
  ✔ should NOT inherit official trust for path-only: attacker.com/hcmute.edu.vn (0.1999ms)
  ✔ should correctly identify official subdomain: daotao.hcmute.edu.vn (0.1219ms)
✔ [AUDIT-V2-02] URL Canonicalization & Domain Trust (4.6935ms)
▶ [AUDIT-V2-03] Homoglyph & IDN Detection (Corrected Punycode)
  ✔ should detect Cyrillic е (U+0435) in raw URL as homoglyph attack (0.6256ms)
  ✔ should detect correct Punycode xn--hcmut-3we.edu.vn as confusable with hcmute (0.2049ms)
  ✔ should NOT flag legitimate unrelated IDN domain as malicious (0.2083ms)
  ✔ should NOT flag normal ASCII domain as homoglyph (0.1456ms)
✔ [AUDIT-V2-03] Homoglyph & IDN Detection (Corrected Punycode) (1.2762ms)
▶ [AUDIT-V2-04] Payment Fraud with Digit Obfuscation
  ✔ should detect spaced digits: Momo: 0 9 8 7 6 5 4 3 2 1 (0.2022ms)
  ✔ should detect dashed digits: Momo: 0987-654-321 (0.1663ms)
  ✔ should detect dotted digits: ZaloPay: 0987.654.321 (0.0707ms)
  ✔ should still detect normal compact digits: Momo: 0987654321 (0.0579ms)
✔ [AUDIT-V2-04] Payment Fraud with Digit Obfuscation (0.5824ms)
▶ [AUDIT-V2-05] False Positive Matrix — Legitimate Content Must NOT Be Fraud
  ✔ should NOT flag legitimate official login instructions as credential theft (0.1278ms)
  ✔ should NOT flag official TOEIC update from TIER_1 as fraud (0.11ms)
  ✔ should NOT flag official bank account (Trường Đại học Sư phạm Kỹ thuật) as personal payment (0.2225ms)
  ✔ should NOT flag legitimate scholarship announcement (0.0935ms)
✔ [AUDIT-V2-05] False Positive Matrix — Legitimate Content Must NOT Be Fraud (0.6505ms)
▶ [AUDIT-V2-06] False Negative Matrix — Attacks Must Be Detected
  ✔ should detect credential exfiltration with semantic paraphrasing (0.1327ms)
  ✔ should detect zero-width character evasion (0.0926ms)
  ✔ should detect financial pressure without explicit payment (0.0701ms)
✔ [AUDIT-V2-06] False Negative Matrix — Attacks Must Be Detected (0.3539ms)
▶ [AUDIT-V2-07] Hard Rule Precedence Over Composite Score
  ✔ should BLOCK even when only one hard rule fires and other dimensions are low (0.0667ms)
✔ [AUDIT-V2-07] Hard Rule Precedence Over Composite Score (0.1008ms)
▶ [AUDIT-V2-08] Evidence Completeness Replaces Hardcoded Confidence
  ✔ should have evidenceCompleteness instead of hardcoded confidence (0.0917ms)
  ✔ should have higher evidenceCompleteness when more dimensions have signal (0.0998ms)
✔ [AUDIT-V2-08] Evidence Completeness Replaces Hardcoded Confidence (0.2602ms)
▶ [AUDIT-V2-09] Rejected: Vietnamese Đ/đ Regex Works with /i Flag
  ✔ /trường đại học sư phạm kỹ thuật/i matches 'Trường Đại học Sư phạm Kỹ thuật TP.HCM' (0.1383ms)
  ✔ official beneficiary check correctly identifies 'Trường Đại học Sư phạm Kỹ thuật' as official (0.0706ms)
✔ [AUDIT-V2-09] Rejected: Vietnamese Đ/đ Regex Works with /i Flag (0.2751ms)
▶ [AUDIT-V2-10] Fail-Closed: No Error Path Returns VERIFIED_OFFICIAL
  ✔ evaluateRisk(null) must NOT return VERIFIED_OFFICIAL (0.1224ms)
  ✔ evaluateRisk(undefined) must NOT return VERIFIED_OFFICIAL (0.0336ms)
  ✔ evaluateRisk({}) must NOT return VERIFIED_OFFICIAL (0.0293ms)
  ✔ evaluateRisk({ url: '' }) must NOT return VERIFIED_OFFICIAL (0.0246ms)
  ✔ evaluateRisk({ text: '' }) must NOT return VERIFIED_OFFICIAL (0.0313ms)
  ✔ evaluateRisk({ url: null }) must NOT return VERIFIED_OFFICIAL (0.0213ms)
  ✔ evaluateRisk({ text: null }) must NOT return VERIFIED_OFFICIAL (0.0165ms)
  ✔ evaluateRisk(42) must NOT return VERIFIED_OFFICIAL (0.0196ms)
  ✔ evaluateRisk('string') must NOT return VERIFIED_OFFICIAL (0.017ms)
  ✔ evaluateRisk([]) must NOT return VERIFIED_OFFICIAL (0.0535ms)
  ✔ evaluateRisk(true) must NOT return VERIFIED_OFFICIAL (0.0244ms)
  ✔ evaluateRisk({ metadata: {} }) must NOT return VERIFIED_OFFICIAL (0.0192ms)
✔ [AUDIT-V2-10] Fail-Closed: No Error Path Returns VERIFIED_OFFICIAL (0.5457ms)
▶ [AUDIT-V2-11] Security Property Tests
  ✔ PROPERTY A: Equivalent URL representations → equivalent trust decisions (0.5977ms)
  ✔ PROPERTY B: Adding harmless text should NOT remove a hard malicious signal (0.1034ms)
  ✔ PROPERTY C: No malformed input produces VERIFIED_OFFICIAL (comprehensive) (0.0673ms)
✔ [AUDIT-V2-11] Security Property Tests (0.8479ms)
ℹ tests 53
ℹ suites 11
ℹ pass 53
ℹ fail 0
ℹ cancelled 0
ℹ skipped 0
ℹ todo 0
ℹ duration_ms 19.3303
(node:18004) ExperimentalWarning: `--experimental-loader` may be removed in the future; instead use `register()`:
--import 'data:text/javascript,import { register } from "node:module"; import { pathToFileURL } from "node:url"; register("file%3A///D%3A/StudentHub-CodexRuns/FULL_REPAIR_20261001/candidate/frontend/tests/foundation/ts-extension-loader.mjs", pathToFileURL("./"));'
(Use `node --trace-warnings ...` to show where the warning was created)
======================================================================
🛡️  STUDENTHUB AI — AUDIT V3 SECURITY INVARIANT & BOUNDARY SUITE
======================================================================
▶ [AUDIT-V3-DOMAIN-A] Fail-Closed Security Invariants
  ✔ Invariant A.1: Symbol and function payloads must return INSUFFICIENT_DATA (1.5842ms)
  ✔ Invariant A.2: NaN, Infinity, and BigInt primitives must return INSUFFICIENT_DATA (0.103ms)
  ✔ Invariant A.3: Deeply nested empty / invalid objects must return INSUFFICIENT_DATA (0.1105ms)
  ✔ Invariant A.4: Unverified standalone text (TIER_4_UNKNOWN) must NEVER return VERIFIED_OFFICIAL (3.5614ms)
✔ [AUDIT-V3-DOMAIN-A] Fail-Closed Security Invariants (6.7202ms)
▶ [AUDIT-V3-DOMAIN-B] URL Authority & Parser Boundary Defense
  ✔ Authority Boundary B.1: Subdomain parsing must respect exact official domains (0.5459ms)
  ✔ Authority Boundary B.2: Attacker suffix domains must be rejected as untrusted (0.5342ms)
  ✔ Authority Boundary B.3: Path and query traversal must NOT grant official authority (0.3559ms)
  ✔ Authority Boundary B.4: Userinfo attacks must be BLOCKED via KNOWN_MALICIOUS_DOMAIN (0.2253ms)
✔ [AUDIT-V3-DOMAIN-B] URL Authority & Parser Boundary Defense (1.8671ms)
▶ [AUDIT-V3-DOMAIN-C] Dangerous URI Scheme Filtering
  ✔ Scheme Filter C.1: javascript: scheme must trigger MALWARE_DOWNLOAD and BLOCK (0.1727ms)
  ✔ Scheme Filter C.2: data: URI payload must trigger MALWARE_DOWNLOAD and BLOCK (0.413ms)
  ✔ Scheme Filter C.3: file: and vbscript: schemes must trigger MALWARE_DOWNLOAD and BLOCK (1.0675ms)
✔ [AUDIT-V3-DOMAIN-C] Dangerous URI Scheme Filtering (1.7848ms)
▶ [AUDIT-V3-DOMAIN-D] Diacritic & Unaccented Phishing Adversarial Defense
  ✔ Phishing D.1: Unaccented OTP requests must trigger OTP_REQUEST and BLOCK (0.384ms)
  ✔ Phishing D.2: Unaccented Password theft must trigger CREDENTIAL_EXFILTRATION_REQUEST and BLOCK (0.1418ms)
  ✔ Phishing D.3: Unaccented Tuition Payment Scams must trigger PAYMENT_DESTINATION_CHANGE and BLOCK (0.1314ms)
  ✔ Phishing D.4: Unaccented Coercion and Fake Authority must elevate risk (0.0901ms)
✔ [AUDIT-V3-DOMAIN-D] Diacritic & Unaccented Phishing Adversarial Defense (0.8266ms)
▶ [AUDIT-V3-DOMAIN-E] Metamorphic Authority Invariance Tests
  ✔ Metamorphic E.1: Official URL authority is invariant under case, trailing dot, query, and hash (0.2152ms)
  ✔ Metamorphic E.2: Attacker URL is invariant under all cosmetic transformations and NEVER becomes official (0.1821ms)
✔ [AUDIT-V3-DOMAIN-E] Metamorphic Authority Invariance Tests (0.4654ms)
▶ [AUDIT-V3-DOMAIN-F] Deterministic Property Generator Tests
  ✔ Property F.1: 50 random variations of attacker hostnames never become trusted (3.6854ms)
  ✔ Property F.2: Inserting harmless text never suppresses a hard safety rule (0.3797ms)
✔ [AUDIT-V3-DOMAIN-F] Deterministic Property Generator Tests (4.1315ms)
▶ [AUDIT-V3-DOMAIN-G] Conflicting Evidence Precedence & Beneficiary Boundaries
  ✔ Precedence G.1: Official TIER_1 URL with personal payment payload must be BLOCKED (0.1152ms)
  ✔ Precedence G.2: Official TIER_1 URL with credential exfiltration payload must be BLOCKED (0.1039ms)
  ✔ Beneficiary Boundary G.3: Official beneficiary pattern rejects attacker trailing qualifiers (0.3531ms)
  ✔ Beneficiary Boundary G.4: Exact official beneficiary names are exempted from payment fraud (0.4694ms)
✔ [AUDIT-V3-DOMAIN-G] Conflicting Evidence Precedence & Beneficiary Boundaries (1.3271ms)
▶ [AUDIT-V3-DOMAIN-H] Normalization Idempotency & Separator Robustness
  ✔ Normalization H.1: Normalized text is idempotent: N(N(x)) === N(x) (0.2466ms)
  ✔ Normalization H.2: Zero-width characters are stripped without corrupting surrounding words (0.0915ms)
✔ [AUDIT-V3-DOMAIN-H] Normalization Idempotency & Separator Robustness (0.3954ms)
ℹ tests 25
ℹ suites 8
ℹ pass 25
ℹ fail 0
ℹ cancelled 0
ℹ skipped 0
ℹ todo 0
ℹ duration_ms 23.5166
(node:2132) ExperimentalWarning: `--experimental-loader` may be removed in the future; instead use `register()`:
--import 'data:text/javascript,import { register } from "node:module"; import { pathToFileURL } from "node:url"; register("file%3A///D%3A/StudentHub-CodexRuns/FULL_REPAIR_20261001/candidate/frontend/tests/foundation/ts-extension-loader.mjs", pathToFileURL("./"));'
(Use `node --trace-warnings ...` to show where the warning was created)
▶ ▶ [AUDIT-V5-DOMAIN-1] API Boundary & Schema Robustness
  ✔ D1.1: FraudRiskEngine handles unexpected primitive and non-object inputs safely (1.6474ms)
  ✔ D1.2: AcademicLiveSyncBridge handles null and malformed input objects safely (0.2861ms)
  ✔ D1.3: Layer4TrustService handles missing/null layer outputs with fail-closed default (4.5292ms)
✔ ▶ [AUDIT-V5-DOMAIN-1] API Boundary & Schema Robustness (7.9515ms)
▶ ▶ [AUDIT-V5-DOMAIN-2] Serialization & Deserialization Invariance
  ✔ D2.1: Full evaluation report survives JSON serialization roundtrip without loss (2.5436ms)
  ✔ D2.2: Malicious payload serialization roundtrip preserves BLOCKED verdict (1.2054ms)
✔ ▶ [AUDIT-V5-DOMAIN-2] Serialization & Deserialization Invariance (4.0922ms)
▶ ▶ [AUDIT-V5-DOMAIN-3] Decision & Security Field Injection Resistance
  ✔ D3.1: Attacker cannot inject fake decision, fake risk, or fake provenance (0.299ms)
✔ ▶ [AUDIT-V5-DOMAIN-3] Decision & Security Field Injection Resistance (0.4731ms)
▶ ▶ [AUDIT-V5-DOMAIN-4] Persistence Immutability & In-Memory Tamper Resistance
  ✔ D4.1: Mutating returned snapshot object does NOT mutate internal archive (0.1863ms)
✔ ▶ [AUDIT-V5-DOMAIN-4] Persistence Immutability & In-Memory Tamper Resistance (0.3782ms)
▶ ▶ [AUDIT-V5-DOMAIN-5] Snapshot Staleness & TOCTOU Hash Pinning
  ✔ D5.1: Live source failure triggers serveLastVerifiedState with STALE warning (0.2827ms)
  ✔ D5.2: Content hash is deterministic SHA-256 (0.3453ms)
✔ ▶ [AUDIT-V5-DOMAIN-5] Snapshot Staleness & TOCTOU Hash Pinning (0.984ms)
▶ ▶ [AUDIT-V5-DOMAIN-6] Configuration & Domain Allowlist Integrity
  ✔ D6.1: Allowlist contains only valid official HCMUTE domains (0.1134ms)
  ✔ D6.2: Suffix lookalike domains are strictly rejected from official status (1.1233ms)
✔ ▶ [AUDIT-V5-DOMAIN-6] Configuration & Domain Allowlist Integrity (1.4388ms)
▶ ▶ [AUDIT-V5-DOMAIN-7] ReDoS Boundedness & Resource Limits
  ✔ D7.1: Pathological large string evaluates in < 50ms without catastrophic backtracking (0.8178ms)
✔ ▶ [AUDIT-V5-DOMAIN-7] ReDoS Boundedness & Resource Limits (0.9503ms)
▶ ▶ [AUDIT-V5-DOMAIN-8] End-to-End Adversarial Attack Chains
  ✔ Chain A: Unknown source copying official wording does NOT yield VERIFIED_UPDATED (1.2311ms)
  ✔ Chain B: Educational wrapper around dangerous javascript: URI triggers BLOCKED (0.6212ms)
  ✔ Chain C: Cyrillic homoglyph + Userinfo + Unaccented OTP + Spaced payment is BLOCKED (0.3023ms)
  ✔ Chain D: Official institutional OTP warning is NOT falsely blocked (0.1283ms)
✔ ▶ [AUDIT-V5-DOMAIN-8] End-to-End Adversarial Attack Chains (2.623ms)
▶ ▶ [AUDIT-V5-DOMAIN-9] Reason / Decision Logical Consistency
  ✔ D9.1: BLOCKED decisions always contain explicit non-empty reasons and matched rules (0.7885ms)
  ✔ D9.2: VERIFIED_OFFICIAL decisions have zero hard rules and low risk (0.1621ms)
✔ ▶ [AUDIT-V5-DOMAIN-9] Reason / Decision Logical Consistency (1.1333ms)
ℹ tests 27
ℹ suites 0
ℹ pass 27
ℹ fail 0
ℹ cancelled 0
ℹ skipped 0
ℹ todo 0
ℹ duration_ms 23.8829
(node:37244) ExperimentalWarning: `--experimental-loader` may be removed in the future; instead use `register()`:
--import 'data:text/javascript,import { register } from "node:module"; import { pathToFileURL } from "node:url"; register("file%3A///D%3A/StudentHub-CodexRuns/FULL_REPAIR_20261001/candidate/frontend/tests/foundation/ts-extension-loader.mjs", pathToFileURL("./"));'
(Use `node --trace-warnings ...` to show where the warning was created)
▶ ▶ [AUDIT-V4-PROTOCOL-1] Cross-Layer Decision Monotonicity: Layer 1 BLOCK Preservation
  ✔ P1.1: Layer 1 malware delivery cannot be downgraded by informative text (4.2306ms)
  ✔ P1.2: Layer 1 credential phishing cannot be downgraded by educational discussion tag (0.5633ms)
✔ ▶ [AUDIT-V4-PROTOCOL-1] Cross-Layer Decision Monotonicity: Layer 1 BLOCK Preservation (5.3968ms)
▶ ▶ [AUDIT-V4-PROTOCOL-2] Cross-Layer Semantic BLOCK Preservation: Layer 2 BLOCK
  ✔ P2.1: Layer 2 neural/semantic BLOCK overrides clean Layer 3 retrieval (0.3571ms)
✔ ▶ [AUDIT-V4-PROTOCOL-2] Cross-Layer Semantic BLOCK Preservation: Layer 2 BLOCK (0.5172ms)
▶ ▶ [AUDIT-V4-PROTOCOL-3] Academic LiveSync Bridge: Provenance Monotonicity
  ✔ P3.1: TIER_4_UNKNOWN forum post modifying regulations must be held as unverified (3.6264ms)
  ✔ P3.2: TIER_1_OFFICIAL from official domain creates verified candidate (1.2886ms)
✔ ▶ [AUDIT-V4-PROTOCOL-3] Academic LiveSync Bridge: Provenance Monotonicity (5.1585ms)
▶ ▶ [AUDIT-V4-PROTOCOL-4] Academic LiveSync Bridge: Fail-Closed on INSUFFICIENT_DATA
  ✔ P4.1: Empty rawBody must yield INSUFFICIENT_DATA and reject ingestion (0.1333ms)
✔ ▶ [AUDIT-V4-PROTOCOL-4] Academic LiveSync Bridge: Fail-Closed on INSUFFICIENT_DATA (0.3332ms)
▶ ▶ [AUDIT-V4-PROTOCOL-5] Decision Injection & Object Spread Defense
  ✔ P5.1: Caller-injected decision field in payload is strictly ignored (0.5664ms)
  ✔ P5.2: Caller-injected hardSafetyRules object is ignored (0.5ms)
✔ ▶ [AUDIT-V4-PROTOCOL-5] Decision Injection & Object Spread Defense (1.3089ms)
▶ ▶ [AUDIT-V4-PROTOCOL-6] Prototype Pollution & Object Shape Robustness
  ✔ P6.1: Object with null prototype evaluates safely without crash (0.2136ms)
  ✔ P6.2: Object with overridden toString/valueOf evaluates safely (0.162ms)
✔ ▶ [AUDIT-V4-PROTOCOL-6] Prototype Pollution & Object Shape Robustness (0.5872ms)
▶ ▶ [AUDIT-V4-PROTOCOL-7] Multi-Vector Adversarial Composition
  ✔ P7.1: Cyrillic homoglyph + Userinfo spoof + Unaccented OTP + Spaced payment (0.7887ms)
✔ ▶ [AUDIT-V4-PROTOCOL-7] Multi-Vector Adversarial Composition (0.9444ms)
▶ ▶ [AUDIT-V4-PROTOCOL-8] Metamorphic & Serialization Invariance
  ✔ P8.1: JSON stringify -> parse roundtrip preserves identical security verdict (0.5595ms)
✔ ▶ [AUDIT-V4-PROTOCOL-8] Metamorphic & Serialization Invariance (0.693ms)
▶ ▶ [AUDIT-V4-PROTOCOL-9] Benign Control & False Positive Matrix
  ✔ P9.1: Legitimate official tuition notice remains VERIFIED_OFFICIAL (0.2236ms)
  ✔ P9.2: Legitimate OTP warning notice does NOT trigger false positive block (0.1327ms)
✔ ▶ [AUDIT-V4-PROTOCOL-9] Benign Control & False Positive Matrix (1.8591ms)
ℹ tests 23
ℹ suites 0
ℹ pass 23
ℹ fail 0
ℹ cancelled 0
ℹ skipped 0
ℹ todo 0
ℹ duration_ms 20.769
(node:37452) ExperimentalWarning: `--experimental-loader` may be removed in the future; instead use `register()`:
--import 'data:text/javascript,import { register } from "node:module"; import { pathToFileURL } from "node:url"; register("file%3A///D%3A/StudentHub-CodexRuns/FULL_REPAIR_20261001/candidate/frontend/tests/foundation/ts-extension-loader.mjs", pathToFileURL("./"));'
(Use `node --trace-warnings ...` to show where the warning was created)
======================================================================
🛡️ STUDENTHUB AI — FRAUD RISK & HARDENED LIVE-SYNC SUITE
======================================================================
▶ [PROTOCOL 1] Live-Sync Hardening (Cases A, B, C, D)
  ✔ Case A: should return UNCHANGED when server responds HTTP 304 or ETag matches (0.4736ms)
  ✔ Case B: should return UNCHANGED when Last-Modified matches (0.1392ms)
  ✔ Case C: should fallback to SHA-256 comparison when server lacks ETag & Last-Modified (0.1129ms)
  ✔ Case D: should flag quarantineRequired on HTTP error or network failure (0.078ms)
✔ [PROTOCOL 1] Live-Sync Hardening (Cases A, B, C, D) (1.449ms)
▶ [PROTOCOL 2] Source Tier Precedence & Anti-Overwrite Protection
  ✔ should block TIER_4_UNKNOWN or TIER_5_UNTRUSTED from overwriting TIER_1_OFFICIAL (0.2405ms)
✔ [PROTOCOL 2] Source Tier Precedence & Anti-Overwrite Protection (0.3501ms)
▶ [PROTOCOL 3] Parser Safety & Disguised HTTP 200 Error Page Detection
  ✔ should detect IIS Runtime Error or 404 Disguised as HTTP 200 (0.3081ms)
  ✔ should detect Cloudflare / WAF / CAPTCHA Challenge screen (0.1267ms)
  ✔ should detect login wall replacing public portal (0.2989ms)
✔ [PROTOCOL 3] Parser Safety & Disguised HTTP 200 Error Page Detection (0.8819ms)
▶ [PROTOCOL 4] Domain Spoofing, Homoglyphs & Typosquatting Defense
  ✔ should trigger KNOWN_MALICIOUS_DOMAIN on Cyrillic Homoglyph Attack (3.5949ms)
  ✔ should trigger OFFICIAL_DOMAIN_MISMATCH on Lookalike domain (1.2302ms)
  ✔ should flag URL shorteners with high domain risk (0.4033ms)
✔ [PROTOCOL 4] Domain Spoofing, Homoglyphs & Typosquatting Defense (5.3335ms)
▶ [PROTOCOL 5] Payment & Financial Fraud Detection
  ✔ should trigger PAYMENT_DESTINATION_CHANGE hard rule on personal bank/Momo account in tuition notice (0.3218ms)
✔ [PROTOCOL 5] Payment & Financial Fraud Detection (0.3957ms)
▶ [PROTOCOL 6] Credential Exfiltration & OTP Theft Hard Safety Rules
  ✔ should trigger OTP_REQUEST hard rule and BLOCK immediately (0.2081ms)
  ✔ should trigger CREDENTIAL_EXFILTRATION_REQUEST and MALWARE_DOWNLOAD hard rules (0.1393ms)
✔ [PROTOCOL 6] Credential Exfiltration & OTP Theft Hard Safety Rules (0.4099ms)
▶ [PROTOCOL 7] Social Engineering & Coercive Psychology Defense
  ✔ should detect fake department identity and coercive psychological threats (0.1306ms)
✔ [PROTOCOL 7] Social Engineering & Coercive Psychology Defense (0.173ms)
▶ [PROTOCOL 8] False-Positive Defense: Legitimate Regulation Update vs Fake Discrepancy
  ✔ should recognize legitimate TOEIC update from TIER_1_OFFICIAL as candidate for Human Review, NOT fraud (0.1736ms)
  ✔ should flag unverified source altering academic rules as UNVERIFIED_SEMANTIC_ALTERATION (0.1498ms)
✔ [PROTOCOL 8] False-Positive Defense: Legitimate Regulation Update vs Fake Discrepancy (0.3795ms)
▶ [PROTOCOL 9] Deterministic Hard Rules Short-Circuiting
  ✔ should ensure overallRisk is high and decision is BLOCKED when any hard rule fires (0.1549ms)
✔ [PROTOCOL 9] Deterministic Hard Rules Short-Circuiting (0.1934ms)
▶ [PROTOCOL 10] Master End-to-End Pipeline Integration (Live Source -> Twin)
  ✔ should successfully process legitimate prospective update from Tier 1 source through all 8 stages (1.9098ms)
  ✔ should quarantine immediately when receiving corrupted or disguised error page (0.2974ms)
✔ [PROTOCOL 10] Master End-to-End Pipeline Integration (Live Source -> Twin) (2.2825ms)
ℹ tests 20
ℹ suites 10
ℹ pass 20
ℹ fail 0
ℹ cancelled 0
ℹ skipped 0
ℹ todo 0
ℹ duration_ms 17.4837
(node:5480) ExperimentalWarning: `--experimental-loader` may be removed in the future; instead use `register()`:
--import 'data:text/javascript,import { register } from "node:module"; import { pathToFileURL } from "node:url"; register("file%3A///D%3A/StudentHub-CodexRuns/FULL_REPAIR_20261001/candidate/frontend/tests/foundation/ts-extension-loader.mjs", pathToFileURL("./"));'
(Use `node --trace-warnings ...` to show where the warning was created)
======================================================================
☠️  STUDENTHUB AI — MUTATION / DEATH TESTING (AUDIT V2)
======================================================================
  ✓ Mutation KILLED: Empty input without guard returns SUSPICIOUS_NEEDS_REVIEW instead of INSUFFICIENT_DATA
  ✓ Mutation KILLED: OTP scam passes through without OTP hard rule
  ✓ Mutation KILLED: Payment scam passes through without payment hard rule
  ✓ Mutation KILLED: Cyrillic domain spoof passes without homoglyph detector
  ✓ Mutation KILLED: overallRisk=0.75 < 0.95 without risk floor
  ✓ Mutation KILLED: Userinfo attack passes without userinfo guard

  ══════════════════════════════════════════
  MUTATION TESTING RESULTS:
  ──────────────────────────────────────────
  Mutation 1 (Empty Input Guard)   → KILLED
  Mutation 2 (OTP Hard Rule)       → KILLED
  Mutation 3 (Payment Hard Rule)   → KILLED
  Mutation 4 (Homoglyph Detection) → KILLED
  Mutation 5 (Risk Floor)          → KILLED
  Mutation 6 (Userinfo Attack)     → KILLED
  ══════════════════════════════════════════
▶ [MUTATION-1] Disable Empty Input Guard → INSUFFICIENT_DATA test must fail
  ✔ should kill mutation: removing input validation makes {} return VERIFIED_OFFICIAL (18.7633ms)
✔ [MUTATION-1] Disable Empty Input Guard → INSUFFICIENT_DATA test must fail (19.3436ms)
▶ [MUTATION-2] Disable OTP Hard Rule → OTP detection must fail
  ✔ should kill mutation: removing OTP detection lets OTP scam pass through (17.305ms)
✔ [MUTATION-2] Disable OTP Hard Rule → OTP detection must fail (17.3964ms)
▶ [MUTATION-3] Disable Payment Hard Rule → Payment fraud must escape
  ✔ should kill mutation: removing payment detection lets Momo scam pass through (24.1657ms)
✔ [MUTATION-3] Disable Payment Hard Rule → Payment fraud must escape (24.2736ms)
▶ [MUTATION-4] Disable Homoglyph Detection → Domain spoof must escape
  ✔ should kill mutation: removing homoglyph detection lets Cyrillic spoof pass (16.5973ms)
✔ [MUTATION-4] Disable Homoglyph Detection → Domain spoof must escape (16.6949ms)
▶ [MUTATION-5] Disable Hard Rule Risk Floor → Risk score won't be elevated
  ✔ should kill mutation: without risk floor, hard rules produce low overallRisk (15.5091ms)
✔ [MUTATION-5] Disable Hard Rule Risk Floor → Risk score won't be elevated (15.649ms)
▶ [MUTATION-6] Disable Userinfo Attack Detection → URL spoofs must escape
  ✔ should kill mutation: removing userinfo guard lets attacker domain pass (20.6582ms)
✔ [MUTATION-6] Disable Userinfo Attack Detection → URL spoofs must escape (20.7798ms)
▶ [MUTATION-SUMMARY] Mutation Testing Summary
  ✔ should confirm all 6 mutations are meaningful (0.2058ms)
✔ [MUTATION-SUMMARY] Mutation Testing Summary (0.2868ms)
ℹ tests 7
ℹ suites 7
ℹ pass 7
ℹ fail 0
ℹ cancelled 0
ℹ skipped 0
ℹ todo 0
ℹ duration_ms 119.556
(node:3672) ExperimentalWarning: `--experimental-loader` may be removed in the future; instead use `register()`:
--import 'data:text/javascript,import { register } from "node:module"; import { pathToFileURL } from "node:url"; register("file%3A///D%3A/StudentHub-CodexRuns/FULL_REPAIR_20261001/candidate/frontend/tests/foundation/ts-extension-loader.mjs", pathToFileURL("./"));'
(Use `node --trace-warnings ...` to show where the warning was created)
======================================================================
☠️  STUDENTHUB AI — MUTATION / DEATH TESTING SUITE (AUDIT V3)
======================================================================
  ✓ Mutant 01 KILLED: {} returned SUSPICIOUS_NEEDS_REVIEW instead of INSUFFICIENT_DATA
  ✓ Mutant 02 KILLED: javascript: URI escaped MALWARE_DOWNLOAD trigger
  ✓ Mutant 03 KILLED: includes() flaw falsely marked attacker domain as VERIFIED_OFFICIAL
  ✓ Mutant 04 KILLED: Userinfo spoof escaped USERINFO_ATTACK detection
  ✓ Mutant 05 KILLED: Unaccented OTP scam escaped OTP_REQUEST trigger
  ✓ Mutant 06 KILLED: Unaccented payment scam escaped PAYMENT_DESTINATION_CHANGE
  ✓ Mutant 07 KILLED: Attacker fake beneficiary escaped due to missing boundary anchor
  ✓ Mutant 08 KILLED: Hard rule failed to force BLOCKED decision (returned HIGH_RISK)
  ✓ Mutant 09 KILLED: Unverified standalone text was falsely marked VERIFIED_OFFICIAL
  ✓ Mutant 10 KILLED: Cyrillic homoglyph spoof escaped KNOWN_MALICIOUS_DOMAIN

  ══════════════════════════════════════════════════════════
  AUDIT V3 EXPANDED MUTATION TESTING RESULTS:
  ──────────────────────────────────────────────────────────
  Mutant 01 (Fail-Closed Input Guard)              → KILLED
  Mutant 02 (Dangerous URI Scheme Filter)          → KILLED
  Mutant 03 (Exact Domain Boundary vs includes)    → KILLED
  Mutant 04 (Userinfo Attack Detection)            → KILLED
  Mutant 05 (Unaccented OTP Detection)             → KILLED
  Mutant 06 (Unaccented Payment Context Detection) → KILLED
  Mutant 07 (Beneficiary Qualification Boundary)   → KILLED
  Mutant 08 (Hard Rule Short-Circuiting)           → KILLED
  Mutant 09 (Provenance Gate & Leak Prevention)    → KILLED
  Mutant 10 (Homoglyph Confusable Detector)        → KILLED
  ══════════════════════════════════════════════════════════
  TOTAL: 10/10 MUTANTS KILLED | SURVIVING: 0
  ══════════════════════════════════════════════════════════

▶ [MUTANT-01] Disable Fail-Closed Input Guard
  ✔ should KILL mutant: removing input guard makes {} bypass INSUFFICIENT_DATA (20.4773ms)
✔ [MUTANT-01] Disable Fail-Closed Input Guard (21.0218ms)
▶ [MUTANT-02] Disable Dangerous URI Scheme Filter
  ✔ should KILL mutant: removing scheme filter allows javascript: URI to escape MALWARE_DOWNLOAD (17.4314ms)
✔ [MUTANT-02] Disable Dangerous URI Scheme Filter (17.5292ms)
▶ [MUTANT-03] Replace Exact Domain Boundary with includes()
  ✔ should KILL mutant: using includes() falsely verifies hcmute.edu.vn.attacker.com (17.37ms)
✔ [MUTANT-03] Replace Exact Domain Boundary with includes() (17.4708ms)
▶ [MUTANT-04] Remove Userinfo Attack Detection
  ✔ should KILL mutant: removing userinfo guard allows spoof to escape KNOWN_MALICIOUS_DOMAIN (20.8171ms)
✔ [MUTANT-04] Remove Userinfo Attack Detection (20.9028ms)
▶ [MUTANT-05] Disable Unaccented OTP Detection
  ✔ should KILL mutant: removing unaccented pattern allows 'gui ma otp' to escape (24.289ms)
✔ [MUTANT-05] Disable Unaccented OTP Detection (24.4164ms)
▶ [MUTANT-06] Disable Unaccented Payment Context
  ✔ should KILL mutant: removing unaccented payment terms lets 'nop hoc phi vao vi Momo' escape (23.6264ms)
✔ [MUTANT-06] Disable Unaccented Payment Context (23.7156ms)
▶ [MUTANT-07] Disable Beneficiary Qualification Boundary
  ✔ should KILL mutant: loose beneficiary regex lets attacker trailing suffix escape (17.8284ms)
✔ [MUTANT-07] Disable Beneficiary Qualification Boundary (17.9233ms)
▶ [MUTANT-08] Disable Hard Rule Short-Circuiting
  ✔ should KILL mutant: without short-circuiting, hard rules do NOT force BLOCKED (17.6113ms)
✔ [MUTANT-08] Disable Hard Rule Short-Circuiting (17.7444ms)
▶ [MUTANT-09] Leak VERIFIED_OFFICIAL to TIER_4_UNKNOWN
  ✔ should KILL mutant: defaulting to VERIFIED_OFFICIAL leaks unverified text (18.5141ms)
✔ [MUTANT-09] Leak VERIFIED_OFFICIAL to TIER_4_UNKNOWN (18.5885ms)
▶ [MUTANT-10] Disable Homoglyph Confusable Detection
  ✔ should KILL mutant: neutralizing homoglyph detector allows Cyrillic е to escape (22.9599ms)
✔ [MUTANT-10] Disable Homoglyph Confusable Detection (23.0378ms)
▶ [MUTATION-V3-SUMMARY] Final Audit V3 Mutation Summary
  ✔ should confirm all 10 mutants are KILLED with 0 survivors (0.2504ms)
✔ [MUTATION-V3-SUMMARY] Final Audit V3 Mutation Summary (0.3026ms)
ℹ tests 11
ℹ suites 11
ℹ pass 11
ℹ fail 0
ℹ cancelled 0
ℹ skipped 0
ℹ todo 0
ℹ duration_ms 207.8511
(node:18164) ExperimentalWarning: `--experimental-loader` may be removed in the future; instead use `register()`:
--import 'data:text/javascript,import { register } from "node:module"; import { pathToFileURL } from "node:url"; register("file%3A///D%3A/StudentHub-CodexRuns/FULL_REPAIR_20261001/candidate/frontend/tests/foundation/ts-extension-loader.mjs", pathToFileURL("./"));'
(Use `node --trace-warnings ...` to show where the warning was created)

======================================================================
☠️  STUDENTHUB AI — MUTATION / DEATH TESTING SUITE (AUDIT V4)
======================================================================
  ✓ Mutant 01 KILLED: Educational tag bypassed Layer 1 BLOCK in mutant
  ✓ Mutant 02 KILLED: Educational tag bypassed Layer 2 BLOCK in mutant
  ✓ Mutant 03 KILLED: Layer 2 returned PASS despite Layer 1 BLOCK
  ✓ Mutant 04 KILLED: Empty rawBody bypassed INSUFFICIENT_DATA guard
  ✓ Mutant 05 KILLED: TIER_4_UNKNOWN escalated to VERIFIED_UPDATED in mutant
  ✓ Mutant 06 KILLED: javascript: scheme escaped MALWARE_DOWNLOAD in mutant
  ✓ Mutant 07 KILLED: includes() falsely marked attacker domain as VERIFIED_OFFICIAL
  ✓ Mutant 08 KILLED: Userinfo spoof escaped detection in mutant
  ✓ Mutant 09 KILLED: Unaccented OTP request escaped in mutant
  ✓ Mutant 10 KILLED: Unaccented payment term escaped in mutant
  ✓ Mutant 11 KILLED: Trailing qualifier fake beneficiary escaped in mutant
  ✓ Mutant 12 KILLED: Hard rule failed to force BLOCKED decision in mutant
  ✓ Mutant 13 KILLED: Unverified standalone text leaked to VERIFIED_OFFICIAL in mutant
  ✓ Mutant 14 KILLED: Cyrillic homoglyph escaped detection in mutant
  ✓ Mutant 15 KILLED: Security warning caused false positive in mutant

  ══════════════════════════════════════════════════════════
  AUDIT V4 EXPANDED MUTATION TESTING RESULTS:
  ──────────────────────────────────────────────────────────
  Mutant 01 (HardDecisionPolicy L1 educational bypass      ) → KILLED
  Mutant 02 (HardDecisionPolicy L2 educational bypass      ) → KILLED
  Mutant 03 (Layer2DecisionEngine educational immunity ignore L1) → KILLED
  Mutant 04 (AcademicFraudLiveSyncBridge empty body guard  ) → KILLED
  Mutant 05 (AcademicFraudLiveSyncBridge TIER_4 provenance escalation) → KILLED
  Mutant 06 (FraudRiskEngine dangerous scheme filter       ) → KILLED
  Mutant 07 (FraudRiskEngine exact domain boundary         ) → KILLED
  Mutant 08 (FraudRiskEngine userinfo attack detection     ) → KILLED
  Mutant 09 (FraudRiskEngine unaccented OTP detector       ) → KILLED
  Mutant 10 (FraudRiskEngine unaccented payment context    ) → KILLED
  Mutant 11 (FraudRiskEngine beneficiary boundary anchor   ) → KILLED
  Mutant 12 (FraudRiskEngine hard rule short-circuit       ) → KILLED
  Mutant 13 (FraudRiskEngine provenance gate               ) → KILLED
  Mutant 14 (FraudRiskEngine homoglyph detector            ) → KILLED
  Mutant 15 (FraudRiskEngine negative warning filter       ) → KILLED
  ══════════════════════════════════════════════════════════
  TOTAL: 15/15 MUTANTS KILLED | SURVIVING: 0
  ══════════════════════════════════════════════════════════

✔ ▶ [MUTANT-01] HardDecisionPolicy: Re-introduce Educational Bypass on Layer 1 BLOCK (11.9685ms)
✔ ▶ [MUTANT-02] HardDecisionPolicy: Re-introduce Educational Bypass on Layer 2 BLOCK (9.8178ms)
✔ ▶ [MUTANT-03] Layer2DecisionEngine: Remove Layer 1 BLOCK Guard from isEducational (11.0811ms)
✔ ▶ [MUTANT-04] AcademicFraudLiveSyncBridge: Remove Empty Body Fail-Closed Guard (26.3907ms)
✔ ▶ [MUTANT-05] AcademicFraudLiveSyncBridge: Allow TIER_4 to escalate to VERIFIED_UPDATED (17.5608ms)
✔ ▶ [MUTANT-06] FraudRiskEngine: Allow dangerous URI schemes (javascript:) (18.009ms)
✔ ▶ [MUTANT-07] FraudRiskEngine: Replace exact domain boundary with includes() (13.2393ms)
✔ ▶ [MUTANT-08] FraudRiskEngine: Remove Userinfo Attack Detection (14.7141ms)
✔ ▶ [MUTANT-09] FraudRiskEngine: Disable Unaccented OTP Detection (13.7045ms)
✔ ▶ [MUTANT-10] FraudRiskEngine: Disable Unaccented Payment Terms (13.4956ms)
✔ ▶ [MUTANT-11] FraudRiskEngine: Remove Beneficiary Exact Boundary Anchor (16.972ms)
✔ ▶ [MUTANT-12] FraudRiskEngine: Disable Hard Rule Short-Circuiting (16.3332ms)
✔ ▶ [MUTANT-13] FraudRiskEngine: Leak VERIFIED_OFFICIAL to TIER_4_UNKNOWN (18.2739ms)
✔ ▶ [MUTANT-14] FraudRiskEngine: Disable Cyrillic Homoglyph Detector (17.4599ms)
✔ ▶ [MUTANT-15] FraudRiskEngine: Disable Negative OTP Warning Filter (18.8505ms)
✔ ▶ [MUTATION-V4-SUMMARY] Final Audit V4 Mutation Summary (0.2715ms)
ℹ tests 16
ℹ suites 0
ℹ pass 16
ℹ fail 0
ℹ cancelled 0
ℹ skipped 0
ℹ todo 0
ℹ duration_ms 243.6219
(node:25712) ExperimentalWarning: `--experimental-loader` may be removed in the future; instead use `register()`:
--import 'data:text/javascript,import { register } from "node:module"; import { pathToFileURL } from "node:url"; register("file%3A///D%3A/StudentHub-CodexRuns/FULL_REPAIR_20261001/candidate/frontend/tests/foundation/ts-extension-loader.mjs", pathToFileURL("./"));'
(Use `node --trace-warnings ...` to show where the warning was created)
▶ T1–T4 Adversarial Test Matrix (10 Invariant Scenarios)
  ✔ Scenario 1 — User fabricates expertise: Self-claim without external proof is UNVERIFIED (0.5704ms)
  ✔ Scenario 2 — Likes / vanity counts do NOT alter factual truth or override evidence (0.97ms)
  ✔ Scenario 3 — 100 duplicated posts are detected as non-independent single cluster (1.4653ms)
  ✔ Scenario 4 — AI claims 'this is verified' without evidence: Engine returns UNRESOLVED (0.4543ms)
  ✔ Scenario 5 — Official source is stale (>3 years): Freshness score penalizes overall confidence (0.3985ms)
  ✔ Scenario 6 — Expert testimony contradicts promulgated rector regulation: Official statutory priority (0.2142ms)
  ✔ Scenario 7 — Community consensus conflicts with official statutory regulation: Both preserved (0.1635ms)
  ✔ Scenario 8 — Submitting identical validation twice does not double-count in reputation graph (0.3205ms)
  ✔ Scenario 9 — Expired credential: Valid Until in the past downgrades active credential status (0.2014ms)
  ✔ Scenario 10 — Same quoted text reposted by 10 accounts has independence penalized (0.2688ms)
✔ T1–T4 Adversarial Test Matrix (10 Invariant Scenarios) (5.9713ms)
ℹ tests 10
ℹ suites 1
ℹ pass 10
ℹ fail 0
ℹ cancelled 0
ℹ skipped 0
ℹ todo 0
ℹ duration_ms 10.5155
(node:14460) ExperimentalWarning: `--experimental-loader` may be removed in the future; instead use `register()`:
--import 'data:text/javascript,import { register } from "node:module"; import { pathToFileURL } from "node:url"; register("file%3A///D%3A/StudentHub-CodexRuns/FULL_REPAIR_20261001/candidate/frontend/tests/foundation/ts-extension-loader.mjs", pathToFileURL("./"));'
(Use `node --trace-warnings ...` to show where the warning was created)
▶ T3 Community Intelligence & Claim Governance
  ✔ should extract structured claim while strictly preserving original post text for provenance (2.0552ms)
  ✔ should evaluate consensus and preserve minority opinion signals (0.3798ms)
  ✔ should track proposed corrections without destroying historical claim state (0.333ms)
✔ T3 Community Intelligence & Claim Governance (4.0344ms)
ℹ tests 3
ℹ suites 1
ℹ pass 3
ℹ fail 0
ℹ cancelled 0
ℹ skipped 0
ℹ todo 0
ℹ duration_ms 7.5033
(node:31600) ExperimentalWarning: `--experimental-loader` may be removed in the future; instead use `register()`:
--import 'data:text/javascript,import { register } from "node:module"; import { pathToFileURL } from "node:url"; register("file%3A///D%3A/StudentHub-CodexRuns/FULL_REPAIR_20261001/candidate/frontend/tests/foundation/ts-extension-loader.mjs", pathToFileURL("./"));'
(Use `node --trace-warnings ...` to show where the warning was created)
▶ Domain 1: Academic & University OS
  ✔ should enforce Tier 1-4 Source Governance and 6-Question Provenance (1.2474ms)
  ✔ should trace prerequisite cascade and identify bottleneck courses in HCMUTE Graph (0.2991ms)
✔ Domain 1: Academic & University OS (2.1162ms)
▶ Domain 2: Document Intelligence
  ✔ should compute Document Version Diff (v1 vs v2) with ADDED, REMOVED, MODIFIED (0.5297ms)
✔ Domain 2: Document Intelligence (0.6068ms)
▶ Domain 3: Multimodal Fraud Intelligence & Evidence Fusion
  ✔ should detect NCSC blacklisted phishing domains and fraudulent bank accounts (0.2249ms)
  ✔ should analyze 24 psychological manipulation tactics (Fear, Urgency, Authority) (0.1954ms)
  ✔ should detect cross-modal brand vs domain and tuition QR code contradictions (0.1916ms)
  ✔ should responsibly ABSTAIN (INSUFFICIENT_EVIDENCE) when no authoritative source exists (0.1521ms)
✔ Domain 3: Multimodal Fraud Intelligence & Evidence Fusion (0.9402ms)
▶ Domain 4: Geospatial Safety & Emergency System
  ✔ should compute Provenance-Based Safety Score with explicit environmental evidence (0.1994ms)
  ✔ should calculate 3 GPS Safety Routes (Fastest, Safest, Balanced) (0.1462ms)
  ✔ should provide official emergency channels (112, 113, 114, 115) and trip companion (11.3692ms)
✔ Domain 4: Geospatial Safety & Emergency System (11.8326ms)
▶ Domain 5: 7-Head Radar, Teaching Intelligence & Unified Copilot
  ✔ should evaluate 7-Head Student Radar streams with real-time freshness decay (0.1988ms)
  ✔ should provide multi-dimensional Teaching Review Intelligence with sample size and fact/opinion separation (0.0903ms)
  ✔ should support 6 Student Situation Modes in Unified Copilot (0.1757ms)
✔ Domain 5: 7-Head Radar, Teaching Intelligence & Unified Copilot (0.5734ms)
ℹ tests 13
ℹ suites 5
ℹ pass 13
ℹ fail 0
ℹ cancelled 0
ℹ skipped 0
ℹ todo 0
ℹ duration_ms 20.8646
(node:24620) ExperimentalWarning: `--experimental-loader` may be removed in the future; instead use `register()`:
--import 'data:text/javascript,import { register } from "node:module"; import { pathToFileURL } from "node:url"; register("file%3A///D%3A/StudentHub-CodexRuns/FULL_REPAIR_20261001/candidate/frontend/tests/foundation/ts-extension-loader.mjs", pathToFileURL("./"));'
(Use `node --trace-warnings ...` to show where the warning was created)
▶ T4 Evidence Fusion, Contradictions & Calibration
  ✔ should detect and classify temporal conflicts across academic revisions (2.137ms)
  ✔ should detect direct semantic contradiction within same scope (0.1673ms)
  ✔ should prioritize official current regulation over contradictory hearsay while preserving operational nuance (0.6329ms)
  ✔ should compute Brier Score for confidence calibration evaluation (0.563ms)
  ✔ should capture and retrieve point-in-time reproducible snapshots (0.6978ms)
✔ T4 Evidence Fusion, Contradictions & Calibration (4.9943ms)
ℹ tests 5
ℹ suites 1
ℹ pass 5
ℹ fail 0
ℹ cancelled 0
ℹ skipped 0
ℹ todo 0
ℹ duration_ms 8.4116
(node:34828) ExperimentalWarning: `--experimental-loader` may be removed in the future; instead use `register()`:
--import 'data:text/javascript,import { register } from "node:module"; import { pathToFileURL } from "node:url"; register("file%3A///D%3A/StudentHub-CodexRuns/FULL_REPAIR_20261001/candidate/frontend/tests/foundation/ts-extension-loader.mjs", pathToFileURL("./"));'
(Use `node --trace-warnings ...` to show where the warning was created)
▶ T2 Expert Intelligence & Scope Boundaries
  ✔ should discover and rank experts by topic relevance and verification status (4.4649ms)
  ✔ should separate disciplinary domain expertise from historical reliability (0.5944ms)
✔ T2 Expert Intelligence & Scope Boundaries (5.7228ms)
ℹ tests 2
ℹ suites 1
ℹ pass 2
ℹ fail 0
ℹ cancelled 0
ℹ skipped 0
ℹ todo 0
ℹ duration_ms 9.8669
(node:20232) ExperimentalWarning: `--experimental-loader` may be removed in the future; instead use `register()`:
--import 'data:text/javascript,import { register } from "node:module"; import { pathToFileURL } from "node:url"; register("file%3A///D%3A/StudentHub-CodexRuns/FULL_REPAIR_20261001/candidate/frontend/tests/foundation/ts-extension-loader.mjs", pathToFileURL("./"));'
(Use `node --trace-warnings ...` to show where the warning was created)
▶ T1–T4 Intelligence Fabric — End-to-End Closed Loop
  ✔ should execute full pipeline from student post to calibrated AI recommendation and outcome feedback (3.9747ms)
✔ T1–T4 Intelligence Fabric — End-to-End Closed Loop (4.5559ms)
ℹ tests 1
ℹ suites 1
ℹ pass 1
ℹ fail 0
ℹ cancelled 0
ℹ skipped 0
ℹ todo 0
ℹ duration_ms 8.1803
(node:37520) ExperimentalWarning: `--experimental-loader` may be removed in the future; instead use `register()`:
--import 'data:text/javascript,import { register } from "node:module"; import { pathToFileURL } from "node:url"; register("file%3A///D%3A/StudentHub-CodexRuns/FULL_REPAIR_20261001/candidate/frontend/tests/foundation/ts-extension-loader.mjs", pathToFileURL("./"));'
(Use `node --trace-warnings ...` to show where the warning was created)
▶ AI Grounded Recommendation Engine & Context Compiler
  ✔ should compile sanitized AI context with Security Fabric data minimization (2.0096ms)
  ✔ should generate grounded recommendations with explicit uncertainty and alternatives (0.8006ms)
✔ AI Grounded Recommendation Engine & Context Compiler (3.4454ms)
ℹ tests 2
ℹ suites 1
ℹ pass 2
ℹ fail 0
ℹ cancelled 0
ℹ skipped 0
ℹ todo 0
ℹ duration_ms 7.8816
(node:37812) ExperimentalWarning: `--experimental-loader` may be removed in the future; instead use `register()`:
--import 'data:text/javascript,import { register } from "node:module"; import { pathToFileURL } from "node:url"; register("file%3A///D%3A/StudentHub-CodexRuns/FULL_REPAIR_20261001/candidate/frontend/tests/foundation/ts-extension-loader.mjs", pathToFileURL("./"));'
(Use `node --trace-warnings ...` to show where the warning was created)
▶ T1 Trust Intelligence & Dynamic Reputation Graph
  ✔ should evaluate 10 distinct trust dimensions and generate explainable text summary (1.8251ms)
  ✔ should update topic-specific reputation and apply half-life decay over time (1.4914ms)
  ✔ should flag reciprocal mutual-validation loop as collusion (0.5046ms)
✔ T1 Trust Intelligence & Dynamic Reputation Graph (4.5946ms)
ℹ tests 3
ℹ suites 1
ℹ pass 3
ℹ fail 0
ℹ cancelled 0
ℹ skipped 0
ℹ todo 0
ℹ duration_ms 8.2619
(node:7328) ExperimentalWarning: `--experimental-loader` may be removed in the future; instead use `register()`:
--import 'data:text/javascript,import { register } from "node:module"; import { pathToFileURL } from "node:url"; register("file%3A///D%3A/StudentHub-CodexRuns/FULL_REPAIR_20261001/candidate/frontend/tests/foundation/ts-extension-loader.mjs", pathToFileURL("./"));'
(Use `node --trace-warnings ...` to show where the warning was created)
▶ AI Safety Firewall, Vector Security & Memory Guard
  ✔ should quarantine prompt injections and isolate untrusted content into passive envelopes (1.8022ms)
  ✔ should enforce authorization boundaries on vector database embeddings (1.2381ms)
  ✔ should defend against memory poisoning and require validation before permanent storage (4.8907ms)
✔ AI Safety Firewall, Vector Security & Memory Guard (8.6626ms)
ℹ tests 3
ℹ suites 1
ℹ pass 3
ℹ fail 0
ℹ cancelled 0
ℹ skipped 0
ℹ todo 0
ℹ duration_ms 12.6004
(node:37012) ExperimentalWarning: `--experimental-loader` may be removed in the future; instead use `register()`:
--import 'data:text/javascript,import { register } from "node:module"; import { pathToFileURL } from "node:url"; register("file%3A///D%3A/StudentHub-CodexRuns/FULL_REPAIR_20261001/candidate/frontend/tests/foundation/ts-extension-loader.mjs", pathToFileURL("./"));'
(Use `node --trace-warnings ...` to show where the warning was created)
▶ Social Deduplication & Coordination Engine
  ✔ should cluster duplicate reposts and dampen effective independence weight (11.8202ms)
  ✔ should flag coordinated campaign posts in tight timeframes as POTENTIAL_COORDINATION (1.4019ms)
✔ Social Deduplication & Coordination Engine (14.7032ms)
ℹ tests 2
ℹ suites 1
ℹ pass 2
ℹ fail 0
ℹ cancelled 0
ℹ skipped 0
ℹ todo 0
ℹ duration_ms 18.9494
(node:14748) ExperimentalWarning: `--experimental-loader` may be removed in the future; instead use `register()`:
--import 'data:text/javascript,import { register } from "node:module"; import { pathToFileURL } from "node:url"; register("file%3A///D%3A/StudentHub-CodexRuns/FULL_REPAIR_20261001/candidate/frontend/tests/foundation/ts-extension-loader.mjs", pathToFileURL("./"));'
(Use `node --trace-warnings ...` to show where the warning was created)
▶ Social Normalization & Signal Extraction Engine
  ✔ should normalize Vietnamese academic slang while preserving verbatim raw text (7.3644ms)
  ✔ should resolve canonical entities (courses, faculty, professors, regulations) (2.3215ms)
  ✔ should classify 11 social signal categories and assign initial evidentiary weights (3.7934ms)
  ✔ should evaluate multi-dimensional signal quality scores (0.5993ms)
✔ Social Normalization & Signal Extraction Engine (14.8353ms)
ℹ tests 4
ℹ suites 1
ℹ pass 4
ℹ fail 0
ℹ cancelled 0
ℹ skipped 0
ℹ todo 0
ℹ duration_ms 18.7978
(node:29444) ExperimentalWarning: `--experimental-loader` may be removed in the future; instead use `register()`:
--import 'data:text/javascript,import { register } from "node:module"; import { pathToFileURL } from "node:url"; register("file%3A///D%3A/StudentHub-CodexRuns/FULL_REPAIR_20261001/candidate/frontend/tests/foundation/ts-extension-loader.mjs", pathToFileURL("./"));'
(Use `node --trace-warnings ...` to show where the warning was created)
▶ Social Source Connectors & Rate Limiting
  ✔ should enforce capability declarations and deny unknown capabilities (0.9374ms)
  ✔ should register default campus connectors and list their capabilities (0.3097ms)
  ✔ should enforce token bucket rate limiting and exponential backoff on 429 (0.3167ms)
  ✔ should execute incremental sync with checkpointing and state tracking (1.8827ms)
✔ Social Source Connectors & Rate Limiting (4.1608ms)
ℹ tests 4
ℹ suites 1
ℹ pass 4
ℹ fail 0
ℹ cancelled 0
ℹ skipped 0
ℹ todo 0
ℹ duration_ms 8.6697
(node:7880) ExperimentalWarning: `--experimental-loader` may be removed in the future; instead use `register()`:
--import 'data:text/javascript,import { register } from "node:module"; import { pathToFileURL } from "node:url"; register("file%3A///D%3A/StudentHub-CodexRuns/FULL_REPAIR_20261001/candidate/frontend/tests/foundation/ts-extension-loader.mjs", pathToFileURL("./"));'
(Use `node --trace-warnings ...` to show where the warning was created)
▶ Early Warning Engine & Social-to-Official Pipeline
  ✔ should advance early warning lifecycle through UNVERIFIED -> EMERGING -> CORROBORATED (7.4434ms)
  ✔ should produce dual-layer advisory fusing statutory policy with operational ground truth (4.5959ms)
✔ Early Warning Engine & Social-to-Official Pipeline (12.9518ms)
ℹ tests 2
ℹ suites 1
ℹ pass 2
ℹ fail 0
ℹ cancelled 0
ℹ skipped 0
ℹ todo 0
ℹ duration_ms 17.5851
(node:21812) ExperimentalWarning: `--experimental-loader` may be removed in the future; instead use `register()`:
--import 'data:text/javascript,import { register } from "node:module"; import { pathToFileURL } from "node:url"; register("file%3A///D%3A/StudentHub-CodexRuns/FULL_REPAIR_20261001/candidate/frontend/tests/foundation/ts-extension-loader.mjs", pathToFileURL("./"));'
(Use `node --trace-warnings ...` to show where the warning was created)
======================================================================
🚀 LAYER 1 FULL MULTI-MODAL EVALUATION & TESTING SUITE
   (Testing URL, OCR Image, QR Code, Binary Polyglot & Text Scams)
======================================================================


----------------------------------------------------------------------
▶ 🌐 1. URL THREAT & WHITELIST BATTERY (123 Vectors)
----------------------------------------------------------------------
✅ [PASS] 1. VN Universities — HCMUTE Official
   Status: PASS | Conf: 0.99 | Latency: 5.56ms | Reasons: [whitelisted_domain]
✅ [PASS] 1. VN Universities — VNU-HCM Portal
   Status: PASS | Conf: 0.99 | Latency: 1.27ms | Reasons: [whitelisted_domain]
✅ [PASS] 1. VN Universities — HCMUT Bách Khoa TP.HCM
   Status: PASS | Conf: 0.99 | Latency: 0.14ms | Reasons: [whitelisted_domain]
✅ [PASS] 1. VN Universities — UIT Công nghệ Thông tin
   Status: PASS | Conf: 0.99 | Latency: 0.13ms | Reasons: [whitelisted_domain]
✅ [PASS] 1. VN Universities — USSH Nhân Văn TP.HCM
   Status: PASS | Conf: 0.99 | Latency: 0.1ms | Reasons: [whitelisted_domain]
✅ [PASS] 1. VN Universities — UEL Kinh tế Luật
   Status: PASS | Conf: 0.99 | Latency: 0.08ms | Reasons: [whitelisted_domain]
✅ [PASS] 1. VN Universities — HUST Bách Khoa Hà Nội
   Status: PASS | Conf: 0.99 | Latency: 0.05ms | Reasons: [whitelisted_domain]
✅ [PASS] 1. VN Universities — VNU Hà Nội
   Status: PASS | Conf: 0.99 | Latency: 0.05ms | Reasons: [whitelisted_domain]
✅ [PASS] 1. VN Universities — NEU Kinh tế Quốc dân
   Status: PASS | Conf: 0.99 | Latency: 0.07ms | Reasons: [whitelisted_domain]
✅ [PASS] 1. VN Universities — FTU Ngoại Thương
   Status: PASS | Conf: 0.99 | Latency: 0.08ms | Reasons: [whitelisted_domain]
✅ [PASS] 1. VN Universities — UEH Kinh tế TP.HCM
   Status: PASS | Conf: 0.99 | Latency: 0.05ms | Reasons: [whitelisted_domain]
✅ [PASS] 1. VN Universities — UMP Y Dược TP.HCM
   Status: PASS | Conf: 0.99 | Latency: 0.04ms | Reasons: [whitelisted_domain]
✅ [PASS] 1. VN Universities — CTU Cần Thơ
   Status: PASS | Conf: 0.99 | Latency: 0.04ms | Reasons: [whitelisted_domain]
✅ [PASS] 1. VN Universities — DUT Bách Khoa Đà Nẵng
   Status: PASS | Conf: 0.99 | Latency: 0.04ms | Reasons: [whitelisted_domain]
✅ [PASS] 1. VN Universities — TDTU Tôn Đức Thắng
   Status: PASS | Conf: 0.99 | Latency: 0.04ms | Reasons: [whitelisted_domain]
✅ [PASS] 1. VN Universities — PTIT Bưu chính Viễn thông
   Status: PASS | Conf: 0.99 | Latency: 0.05ms | Reasons: [whitelisted_domain]
✅ [PASS] 1. VN Universities — FPT University
   Status: PASS | Conf: 0.99 | Latency: 0.04ms | Reasons: [whitelisted_domain]
✅ [PASS] 1. VN Universities — RMIT Vietnam
   Status: PASS | Conf: 0.99 | Latency: 0.04ms | Reasons: [whitelisted_domain]
✅ [PASS] 1. VN Universities — HUTECH University
   Status: PASS | Conf: 0.99 | Latency: 0.1ms | Reasons: [whitelisted_domain]
✅ [PASS] 1. VN Universities — Văn Lang University
   Status: PASS | Conf: 0.99 | Latency: 0.12ms | Reasons: [whitelisted_domain]
✅ [PASS] 2. VN Banks — Vietcombank Official
   Status: PASS | Conf: 0.99 | Latency: 0.07ms | Reasons: [whitelisted_domain]
✅ [PASS] 2. VN Banks — MBBank Official
   Status: PASS | Conf: 0.99 | Latency: 0.05ms | Reasons: [whitelisted_domain]
✅ [PASS] 2. VN Banks — Techcombank Official
   Status: PASS | Conf: 0.99 | Latency: 0.04ms | Reasons: [whitelisted_domain]
✅ [PASS] 2. VN Banks — BIDV Official
   Status: PASS | Conf: 0.99 | Latency: 0.04ms | Reasons: [whitelisted_domain]
✅ [PASS] 2. VN Banks — VietinBank Official
   Status: PASS | Conf: 0.99 | Latency: 0.04ms | Reasons: [whitelisted_domain]
✅ [PASS] 2. VN Banks — Agribank Official
   Status: PASS | Conf: 0.99 | Latency: 0.09ms | Reasons: [whitelisted_domain]
✅ [PASS] 2. VN Banks — VPBank Official
   Status: PASS | Conf: 0.99 | Latency: 0.06ms | Reasons: [whitelisted_domain]
✅ [PASS] 2. VN Banks — ACB Official
   Status: PASS | Conf: 0.99 | Latency: 0.05ms | Reasons: [whitelisted_domain]
✅ [PASS] 2. VN Banks — TPBank Official
   Status: PASS | Conf: 0.99 | Latency: 0.06ms | Reasons: [whitelisted_domain]
✅ [PASS] 2. VN Banks — Sacombank Official
   Status: PASS | Conf: 0.99 | Latency: 0.04ms | Reasons: [whitelisted_domain]
✅ [PASS] 2. VN Banks — VIB Official
   Status: PASS | Conf: 0.99 | Latency: 0.04ms | Reasons: [whitelisted_domain]
✅ [PASS] 2. VN Fintech — MoMo Wallet
   Status: PASS | Conf: 0.99 | Latency: 0.04ms | Reasons: [whitelisted_domain]
✅ [PASS] 2. VN Fintech — ZaloPay Wallet
   Status: PASS | Conf: 0.99 | Latency: 0.03ms | Reasons: [whitelisted_domain]
✅ [PASS] 2. VN Fintech — VNPAY Payment Gateway
   Status: PASS | Conf: 0.99 | Latency: 0.03ms | Reasons: [whitelisted_domain]
✅ [PASS] 2. VN Fintech — Viettel Money
   Status: PASS | Conf: 0.99 | Latency: 0.04ms | Reasons: [whitelisted_domain]
✅ [PASS] 3. Gov Portals — Cổng Dịch vụ công Quốc gia
   Status: PASS | Conf: 0.99 | Latency: 0.04ms | Reasons: [whitelisted_domain]
✅ [PASS] 3. Gov Portals — VNeID Định danh điện tử
   Status: PASS | Conf: 0.99 | Latency: 0.04ms | Reasons: [whitelisted_domain]
✅ [PASS] 3. Gov Portals — Bộ Công an
   Status: PASS | Conf: 0.99 | Latency: 0.04ms | Reasons: [whitelisted_domain]
✅ [PASS] 3. Gov Portals — Bảo hiểm Xã hội Việt Nam
   Status: PASS | Conf: 0.99 | Latency: 0.08ms | Reasons: [whitelisted_domain]
✅ [PASS] 3. Gov Portals — Thuế Điện Tử Tổng cục Thuế
   Status: PASS | Conf: 0.99 | Latency: 0.12ms | Reasons: [whitelisted_domain]
✅ [PASS] 3. Gov Portals — Cục Cảnh sát Giao thông
   Status: PASS | Conf: 0.99 | Latency: 0.04ms | Reasons: [whitelisted_domain]
✅ [PASS] 3. Gov Portals — Cổng Thông tin Chính phủ
   Status: PASS | Conf: 0.99 | Latency: 0.03ms | Reasons: [whitelisted_domain]
✅ [PASS] 3. Gov Portals — Bộ Giáo dục và Đào tạo
   Status: PASS | Conf: 0.99 | Latency: 0.04ms | Reasons: [whitelisted_domain]
✅ [PASS] 4. Global Tech — Google Accounts
   Status: PASS | Conf: 0.99 | Latency: 0.04ms | Reasons: [whitelisted_domain]
✅ [PASS] 4. Global Tech — Gmail Web
   Status: PASS | Conf: 0.99 | Latency: 0.05ms | Reasons: [whitelisted_domain]
✅ [PASS] 4. Global Tech — Microsoft Online Login
   Status: PASS | Conf: 0.99 | Latency: 0.04ms | Reasons: [whitelisted_domain]
✅ [PASS] 4. Global Tech — Apple iCloud
   Status: PASS | Conf: 0.99 | Latency: 0.04ms | Reasons: [whitelisted_domain]
✅ [PASS] 4. Global Tech — GitHub Repository
   Status: PASS | Conf: 0.99 | Latency: 0.06ms | Reasons: [whitelisted_domain]
✅ [PASS] 4. Global Tech — OpenAI ChatGPT
   Status: PASS | Conf: 0.99 | Latency: 0.04ms | Reasons: [whitelisted_domain]
✅ [PASS] 4. Global Tech — Anthropic Claude
   Status: PASS | Conf: 0.99 | Latency: 0.04ms | Reasons: [whitelisted_domain]
✅ [PASS] 4. Global Tech — Canvas LMS Instructure
   Status: PASS | Conf: 0.99 | Latency: 0.05ms | Reasons: [whitelisted_domain]
✅ [PASS] 4. Global Tech — Overleaf LaTeX
   Status: PASS | Conf: 0.99 | Latency: 0.04ms | Reasons: [whitelisted_domain]
✅ [PASS] 4. Global Tech — Notion Workspace
   Status: PASS | Conf: 0.99 | Latency: 0.04ms | Reasons: [whitelisted_domain]
✅ [PASS] 4. Global Tech — Canva Design
   Status: PASS | Conf: 0.99 | Latency: 0.06ms | Reasons: [whitelisted_domain]
✅ [PASS] 4. Global Tech — Zoom Meeting
   Status: PASS | Conf: 0.99 | Latency: 0.04ms | Reasons: [whitelisted_domain]
✅ [PASS] 5. Bank Phishing — Vietcombank Sinh Trắc Học Fake
   Status: BLOCK | Conf: 0.98 | Latency: 0.3ms | Reasons: [phishing_pattern, brand_impersonation_subdomain]
✅ [PASS] 5. Bank Phishing — VCB Digibank Smart OTP Theft
   Status: BLOCK | Conf: 0.98 | Latency: 0.14ms | Reasons: [phishing_pattern, brand_impersonation_subdomain]
✅ [PASS] 5. Bank Phishing — MBBank E-banking Face ID Scam
   Status: BLOCK | Conf: 0.98 | Latency: 0.09ms | Reasons: [phishing_pattern, brand_impersonation_subdomain]
✅ [PASS] 5. Bank Phishing — Techcombank Security Alert Fake
   Status: BLOCK | Conf: 0.98 | Latency: 0.09ms | Reasons: [phishing_pattern, brand_impersonation_subdomain]
✅ [PASS] 5. Bank Phishing — BIDV SmartBanking Sinh Trắc Học
   Status: BLOCK | Conf: 0.98 | Latency: 0.1ms | Reasons: [phishing_pattern, brand_impersonation_subdomain]
✅ [PASS] 5. Bank Phishing — VietinBank iPay Data Sync Phish
   Status: BLOCK | Conf: 0.98 | Latency: 0.09ms | Reasons: [phishing_pattern, brand_impersonation_subdomain]
✅ [PASS] 5. Bank Phishing — Agribank E-banking Biometrics
   Status: BLOCK | Conf: 0.98 | Latency: 0.08ms | Reasons: [phishing_pattern, brand_impersonation_subdomain]
✅ [PASS] 5. Bank Phishing — ACB ONE OTP Confirm Trap
   Status: BLOCK | Conf: 0.98 | Latency: 0.09ms | Reasons: [phishing_pattern, brand_impersonation_subdomain]
✅ [PASS] 5. Bank Phishing — VPBank NEO Unlock Card Phish
   Status: BLOCK | Conf: 0.98 | Latency: 0.17ms | Reasons: [phishing_pattern, brand_impersonation_subdomain]
✅ [PASS] 5. Bank Phishing — TPBank Smart OTP Upgrade Scam
   Status: BLOCK | Conf: 0.98 | Latency: 0.33ms | Reasons: [phishing_pattern, brand_impersonation_subdomain]
✅ [PASS] 5. Bank Phishing — MoMo Fake Claim Voucher Trap
   Status: BLOCK | Conf: 0.98 | Latency: 0.1ms | Reasons: [phishing_pattern, brand_impersonation_subdomain]
✅ [PASS] 5. Bank Phishing — ZaloPay 2026 Reward Scam
   Status: BLOCK | Conf: 0.98 | Latency: 0.12ms | Reasons: [phishing_pattern, brand_impersonation_subdomain]
✅ [PASS] 5. Bank Phishing — VNPAY QR Merchant Activate Trap
   Status: BLOCK | Conf: 0.98 | Latency: 0.26ms | Reasons: [phishing_pattern, brand_impersonation_subdomain]
✅ [PASS] 6. Student Phishing — HCMUTE University Student OTP Theft
   Status: BLOCK | Conf: 0.98 | Latency: 0.14ms | Reasons: [phishing_pattern, brand_impersonation_subdomain]
✅ [PASS] 6. Student Phishing — HCMUTE Enterprise Scholarship Trap
   Status: BLOCK | Conf: 0.98 | Latency: 0.09ms | Reasons: [phishing_pattern, brand_impersonation_subdomain]
✅ [PASS] 6. Student Phishing — VNU-HCM Tuition Aid Scam
   Status: BLOCK | Conf: 0.98 | Latency: 0.07ms | Reasons: [phishing_pattern, brand_impersonation_subdomain]
✅ [PASS] 6. Student Phishing — HUST Bách Khoa HN Reward Phish
   Status: BLOCK | Conf: 0.98 | Latency: 0.15ms | Reasons: [phishing_pattern, brand_impersonation]
✅ [PASS] 6. Student Phishing — Shopee CTV Part-Time Deposit Scam
   Status: BLOCK | Conf: 0.98 | Latency: 0.15ms | Reasons: [phishing_pattern, brand_impersonation_subdomain]
✅ [PASS] 6. Student Phishing — Lazada Order Review Task Scam
   Status: BLOCK | Conf: 0.98 | Latency: 0.11ms | Reasons: [phishing_pattern, brand_impersonation_subdomain]
✅ [PASS] 6. Student Phishing — TikTok Shop Commission Task Scam
   Status: BLOCK | Conf: 0.98 | Latency: 0.1ms | Reasons: [phishing_pattern, brand_impersonation_subdomain]
✅ [PASS] 6. Gov Phishing — VNeID Level 2 Identification Trap
   Status: BLOCK | Conf: 0.98 | Latency: 0.09ms | Reasons: [phishing_pattern, brand_impersonation_subdomain]
✅ [PASS] 6. Gov Phishing — National CCCD Data Sync Scam
   Status: BLOCK | Conf: 0.98 | Latency: 0.12ms | Reasons: [phishing_pattern, brand_impersonation_subdomain]
✅ [PASS] 7. Homoglyph — Cyrillic 'а' in Apple
   Status: BLOCK | Conf: 0.98 | Latency: 1.29ms | Reasons: [phishing_pattern, unicode_homoglyph]
✅ [PASS] 7. Homoglyph — Cyrillic 'оо' in Google
   Status: BLOCK | Conf: 0.98 | Latency: 0.6ms | Reasons: [phishing_pattern, unicode_homoglyph]
✅ [PASS] 7. Homoglyph — Cyrillic 'і' in Vietcombank
   Status: BLOCK | Conf: 0.98 | Latency: 1.02ms | Reasons: [phishing_pattern, unicode_homoglyph]
✅ [PASS] 7. Homoglyph — Cyrillic 'і' in Microsoft
   Status: BLOCK | Conf: 0.98 | Latency: 0.62ms | Reasons: [phishing_pattern, unicode_homoglyph]
✅ [PASS] 7. Homoglyph — Cyrillic 'а' in Facebook
   Status: BLOCK | Conf: 0.98 | Latency: 0.56ms | Reasons: [phishing_pattern, unicode_homoglyph]
✅ [PASS] 7. Homoglyph — Cyrillic 'ор' in Shopee
   Status: BLOCK | Conf: 0.98 | Latency: 0.75ms | Reasons: [phishing_pattern, unicode_homoglyph]
✅ [PASS] 7. Homoglyph — Cyrillic 'о' in MoMo
   Status: BLOCK | Conf: 0.98 | Latency: 0.59ms | Reasons: [phishing_pattern, unicode_homoglyph]
✅ [PASS] 7. Homoglyph — Cyrillic 'с' in HCMUTE
   Status: BLOCK | Conf: 0.98 | Latency: 0.8ms | Reasons: [phishing_pattern, unicode_homoglyph]
✅ [PASS] 7. Punycode — Spoofed Apple IDN
   Status: BLOCK | Conf: 0.98 | Latency: 0.54ms | Reasons: [phishing_pattern, unicode_homoglyph]
✅ [PASS] 7. Punycode — Spoofed Google IDN
   Status: BLOCK | Conf: 0.98 | Latency: 0.54ms | Reasons: [phishing_pattern, unicode_homoglyph]
✅ [PASS] 8. SSRF — Standard Loopback IPv4
   Status: BLOCK | Conf: 0.99 | Latency: 0.21ms | Reasons: [ssrf_attempt]
✅ [PASS] 8. SSRF — Cloud Metadata Endpoint IPv4
   Status: BLOCK | Conf: 0.99 | Latency: 0.04ms | Reasons: [ssrf_attempt]
✅ [PASS] 8. SSRF — Decimal Dword IP (127.0.0.1 = 2130706433)
   Status: BLOCK | Conf: 0.99 | Latency: 0.05ms | Reasons: [ssrf_attempt]
✅ [PASS] 8. SSRF — Decimal Dword IP (169.254.169.254 = 2852039166)
   Status: BLOCK | Conf: 0.99 | Latency: 0.02ms | Reasons: [ssrf_attempt]
✅ [PASS] 8. SSRF — Hexadecimal IP (127.0.0.1 = 0x7f000001)
   Status: BLOCK | Conf: 0.99 | Latency: 0.03ms | Reasons: [ssrf_attempt]
✅ [PASS] 8. SSRF — Hexadecimal IP (169.254.169.254 = 0xa9fea9fe)
   Status: BLOCK | Conf: 0.99 | Latency: 0.02ms | Reasons: [ssrf_attempt]
✅ [PASS] 8. SSRF — Octal IP (127.0.0.1 = 017700000001)
   Status: BLOCK | Conf: 0.99 | Latency: 0.03ms | Reasons: [ssrf_attempt]
✅ [PASS] 8. SSRF — IPv6 Loopback [::1]
   Status: BLOCK | Conf: 0.99 | Latency: 0.16ms | Reasons: [ssrf_attempt]
✅ [PASS] 8. SSRF — Named Host Localhost
   Status: BLOCK | Conf: 0.99 | Latency: 0.02ms | Reasons: [ssrf_attempt]
✅ [PASS] 9. Dangerous Executable — Windows EXE Payload
   Status: BLOCK | Conf: 0.99 | Latency: 0.55ms | Reasons: [dangerous_executable]
✅ [PASS] 9. Dangerous Executable — Windows MSI Installer
   Status: BLOCK | Conf: 0.99 | Latency: 0.47ms | Reasons: [dangerous_executable]
✅ [PASS] 9. Dangerous Executable — Android Trojan APK
   Status: BLOCK | Conf: 0.99 | Latency: 0.62ms | Reasons: [dangerous_executable]
✅ [PASS] 9. Dangerous Executable — PowerShell Malicious Script
   Status: BLOCK | Conf: 0.99 | Latency: 0.48ms | Reasons: [dangerous_executable]
✅ [PASS] 9. Dangerous Executable — macOS DMG Dropper
   Status: BLOCK | Conf: 0.99 | Latency: 0.44ms | Reasons: [dangerous_executable]
✅ [PASS] 9. Dangerous Executable — Windows Batch Payload
   Status: BLOCK | Conf: 0.99 | Latency: 0.4ms | Reasons: [dangerous_executable]
✅ [PASS] 9. Dangerous Executable — Screensaver SCR Payload
   Status: BLOCK | Conf: 0.99 | Latency: 0.49ms | Reasons: [dangerous_executable]
✅ [PASS] 9. Dangerous Executable — VBScript Payload
   Status: BLOCK | Conf: 0.99 | Latency: 0.39ms | Reasons: [dangerous_executable]
✅ [PASS] 10. Suspicious Transport — Bit.ly URL Shortener
   Status: SUSPICIOUS | Conf: 0.45 | Latency: 0.25ms | Reasons: [shortened_url]
✅ [PASS] 10. Suspicious Transport — TinyURL Shortener
   Status: SUSPICIOUS | Conf: 0.45 | Latency: 0.1ms | Reasons: [shortened_url]
✅ [PASS] 10. Suspicious Transport — T.co Twitter Shortener
   Status: SUSPICIOUS | Conf: 0.45 | Latency: 0.07ms | Reasons: [shortened_url]
✅ [PASS] 10. Suspicious Transport — Cutt.ly Shortener
   Status: SUSPICIOUS | Conf: 0.45 | Latency: 0.07ms | Reasons: [shortened_url]
✅ [PASS] 10. Suspicious Transport — Unencrypted HTTP Blog
   Status: SUSPICIOUS | Conf: 0.45 | Latency: 0.47ms | Reasons: [unencrypted_transport]
✅ [PASS] 10. Suspicious Transport — Unencrypted HTTP Notes
   Status: SUSPICIOUS | Conf: 0.45 | Latency: 0.56ms | Reasons: [unencrypted_transport]
✅ [PASS] 10. Suspicious Transport — Raw IPv4 Hostname
   Status: BLOCK | Conf: 0.99 | Latency: 0.04ms | Reasons: [ssrf_attempt]
✅ [PASS] 10. Suspicious Transport — Raw IPv4 Host Announcements
   Status: SUSPICIOUS | Conf: 0.45 | Latency: 0.11ms | Reasons: [ip_based_host, unencrypted_transport]
✅ [PASS] 11. False Positive Guard — 'cute' in cute-puppies.org (NOT HCMUTE)
   Status: PASS | Conf: 0.9 | Latency: 0.42ms | Reasons: []
✅ [PASS] 11. False Positive Guard — 'minute' in tutor-minute.com (NOT HCMUTE)
   Status: PASS | Conf: 0.9 | Latency: 0.39ms | Reasons: []
✅ [PASS] 11. False Positive Guard — 'pineapple' in pineapple-recipes.net (NOT Apple)
   Status: PASS | Conf: 0.9 | Latency: 0.93ms | Reasons: []
✅ [PASS] 11. False Positive Guard — 'metadata' in metadata-governance.org (NOT Meta)
   Status: PASS | Conf: 0.9 | Latency: 0.57ms | Reasons: []
✅ [PASS] 11. False Positive Guard — 'computational' in computational-physics.com (NOT HCMUTE)
   Status: PASS | Conf: 0.9 | Latency: 0.67ms | Reasons: []
✅ [PASS] 11. False Positive Guard — 'travel' in singapore-travel-guide.com (NOT Apple)
   Status: PASS | Conf: 0.9 | Latency: 0.61ms | Reasons: []
✅ [PASS] 11. False Positive Guard — 'dispute' in dispute-resolution-center.org (NOT HCMUTE)
   Status: PASS | Conf: 0.9 | Latency: 0.79ms | Reasons: []
✅ [PASS] 11. False Positive Guard — 'minute' in minute-maid-beverages.com (NOT HCMUTE)
   Status: PASS | Conf: 0.9 | Latency: 0.66ms | Reasons: []
✅ [PASS] 11. False Positive Guard — 'culture' in open-culture-foundation.org (NOT HCMUTE)
   Status: PASS | Conf: 0.9 | Latency: 0.64ms | Reasons: []
✅ [PASS] 11. False Positive Guard — 'executive' in executive-leadership-program.com (NOT HCMUTE)
   Status: PASS | Conf: 0.9 | Latency: 0.72ms | Reasons: []
✅ [PASS] 11. False Positive Guard — 'atmospheric' in atmospheric-science.net (NOT MoMo)
   Status: PASS | Conf: 0.9 | Latency: 0.77ms | Reasons: []

📊 Suite Result: 123/123 Passed (100.0%)

----------------------------------------------------------------------
▶ 🖼️ 2. OCR IMAGE & SCREENSHOT THREAT BATTERY (5 Vectors)
----------------------------------------------------------------------
✅ [PASS] OCR - Fake Vietcombank Account Lock Alert
   Status: BLOCK | Conf: 0.97 | Latency: 6.62ms | Reasons: [ocr_phishing_pattern]
✅ [PASS] OCR - Shopee Task Scam Recruitment Flyer
   Status: BLOCK | Conf: 0.97 | Latency: 2.3ms | Reasons: [ocr_phishing_pattern]
✅ [PASS] OCR - Fake University Scholarship Grant Demand
   Status: BLOCK | Conf: 0.97 | Latency: 0.22ms | Reasons: [ocr_phishing_pattern]
✅ [PASS] OCR - Benign Lecture Slide (Operating Systems)
   Status: PASS | Conf: 0.9 | Latency: 0.53ms | Reasons: []
✅ [PASS] OCR - Benign Lecture Slide with Security Keywords
   Status: PASS | Conf: 0.9 | Latency: 0.24ms | Reasons: []

📊 Suite Result: 5/5 Passed (100.0%)

----------------------------------------------------------------------
▶ 📷 3. QR CODE SCANNING & DESTINATION BATTERY (4 Vectors)
----------------------------------------------------------------------
✅ [PASS] QR Code - Phishing Destination (HCMUTE Fake OTP Portal)
   Status: BLOCK | Conf: 0.98 | Latency: 0.8ms | Reasons: [qr_malicious_url]
✅ [PASS] QR Code - Phishing Destination (VCB Fake Biometrics Sync)
   Status: BLOCK | Conf: 0.98 | Latency: 0.3ms | Reasons: [qr_malicious_url]
✅ [PASS] QR Code - Malicious Executable Download (Trojan APK)
   Status: BLOCK | Conf: 0.98 | Latency: 0.57ms | Reasons: [qr_malicious_url]
✅ [PASS] QR Code - Whitelisted Authentic University Portal
   Status: PASS | Conf: 0.9 | Latency: 0.11ms | Reasons: []

📊 Suite Result: 4/4 Passed (100.0%)

----------------------------------------------------------------------
▶ 📦 4. BINARY MAGIC BYTES & POLYGLOT TROJAN BATTERY (7 Vectors)
----------------------------------------------------------------------
✅ [PASS] Binary - Legitimate PNG Image Header
   Status: PASS | Conf: 0.9 | Latency: 0.41ms | Reasons: []
✅ [PASS] Binary - Legitimate JPEG Image Header
   Status: PASS | Conf: 0.9 | Latency: 0.08ms | Reasons: []
✅ [PASS] Binary - Legitimate WebP Image Header
   Status: PASS | Conf: 0.9 | Latency: 0.04ms | Reasons: []
✅ [PASS] Binary - Legitimate PDF Document Header
   Status: PASS | Conf: 0.9 | Latency: 0.02ms | Reasons: []
✅ [PASS] Binary Polyglot - Disguised Windows PE EXE in JPG (4D 5A)
   Status: BLOCK | Conf: 0.99 | Latency: 0.08ms | Reasons: [executable_polyglot]
✅ [PASS] Binary Polyglot - Disguised Linux Native ELF in PNG (7F 45 4C 46)
   Status: BLOCK | Conf: 0.99 | Latency: 0.03ms | Reasons: [executable_polyglot]
✅ [PASS] Binary Polyglot - Disguised ZIP/APK Archive in PDF (50 4B 03 04)
   Status: BLOCK | Conf: 0.99 | Latency: 0.03ms | Reasons: [magic_byte_mismatch]

📊 Suite Result: 7/7 Passed (100.0%)

----------------------------------------------------------------------
▶ 📝 5. TEXT PHISHING, EVASION & SOCIAL ENGINEERING BATTERY (9 Vectors)
----------------------------------------------------------------------
✅ [PASS] Text - Credential & OTP Harvesting Trap
   Status: BLOCK | Conf: 0.98 | Latency: 0.1ms | Reasons: [credential_request, otp_request]
✅ [PASS] Text - Shopee Part-Time Task Deposit Scam
   Status: BLOCK | Conf: 0.96 | Latency: 0.06ms | Reasons: [task_deposit_scam, advance_fee_scam]
✅ [PASS] Text - Obfuscated PowerShell Remote Download Shell
   Status: BLOCK | Conf: 0.99 | Latency: 0.06ms | Reasons: [malicious_shell_payload]
✅ [PASS] Text - Spaced Letter Evasion (N h ậ p  m ậ t  k h ẩ u)
   Status: BLOCK | Conf: 0.98 | Latency: 0.05ms | Reasons: [credential_request, otp_request]
✅ [PASS] Text - Zero-Width Space Injection Evasion
   Status: BLOCK | Conf: 0.98 | Latency: 0.05ms | Reasons: [credential_request, otp_request]
✅ [PASS] Text - Leet-Speak Evasion (p@ssw0rd and 0TP)
   Status: BLOCK | Conf: 0.98 | Latency: 1.05ms | Reasons: [credential_request, otp_request]
✅ [PASS] Text False-Positive Guard - Educational Password Discussion
   Status: PASS | Conf: 0.9 | Latency: 0.09ms | Reasons: []
✅ [PASS] Text False-Positive Guard - Educational Smart OTP Assignment
   Status: PASS | Conf: 0.9 | Latency: 0.1ms | Reasons: []
✅ [PASS] Text False-Positive Guard - AI Language Model Style
   Status: PASS | Conf: 0.9 | Latency: 0.08ms | Reasons: []

📊 Suite Result: 9/9 Passed (100.0%)

======================================================================
🏆 GRAND TOTAL MULTI-MODAL EVALUATION SUMMARY
======================================================================
Total Multi-Modal Test Vectors Screened : 148
Successful Deterministic Tests (PASSED) : 148 / 148
Failed Tests                            : 0
Average Screening Latency               : 0.32 ms
Overall System Accuracy                 : 100.0%
======================================================================

(node:18352) ExperimentalWarning: `--experimental-loader` may be removed in the future; instead use `register()`:
--import 'data:text/javascript,import { register } from "node:module"; import { pathToFileURL } from "node:url"; register("file%3A///D%3A/StudentHub-CodexRuns/FULL_REPAIR_20261001/candidate/frontend/tests/foundation/ts-extension-loader.mjs", pathToFileURL("./"));'
(Use `node --trace-warnings ...` to show where the warning was created)
======================================================================
🛡️ LAYER 1 COMPREHENSIVE BACKEND & MULTI-MODAL DETECTION TEST SUITE
======================================================================

✅ [PASS] URL - Legitimate Whitelisted
   Status: PASS | Conf: 0.99 | Latency: 5.69ms | Reasons: [whitelisted_domain]
✅ [PASS] URL - Legitimate Google
   Status: PASS | Conf: 0.99 | Latency: 1.21ms | Reasons: [whitelisted_domain]
✅ [PASS] URL - Unencrypted HTTP
   Status: SUSPICIOUS | Conf: 0.45 | Latency: 2.07ms | Reasons: [unencrypted_transport]
✅ [PASS] URL - URL Shortener
   Status: SUSPICIOUS | Conf: 0.45 | Latency: 0.23ms | Reasons: [shortened_url]
✅ [PASS] URL - Raw IPv4 Host
   Status: BLOCK | Conf: 0.99 | Latency: 0.23ms | Reasons: [ssrf_attempt]
✅ [PASS] URL - Deceptive Subdomain Impersonation (Hard Block)
   Status: BLOCK | Conf: 0.98 | Latency: 0.25ms | Reasons: [phishing_pattern, brand_impersonation_subdomain]
✅ [PASS] URL - HCMUTE University Impersonation with Phishing Path (Hard Block)
   Status: BLOCK | Conf: 0.98 | Latency: 0.2ms | Reasons: [phishing_pattern, brand_impersonation_subdomain]
✅ [PASS] URL - Cyrillic Unicode Homoglyph Attack (Hard Block)
   Status: BLOCK | Conf: 0.98 | Latency: 0.8ms | Reasons: [phishing_pattern, unicode_homoglyph]
✅ [PASS] URL - Direct Executable Download (Hard Block)
   Status: BLOCK | Conf: 0.99 | Latency: 1.18ms | Reasons: [dangerous_executable]
✅ [PASS] URL - SSRF Private Loopback Target (Hard Block)
   Status: BLOCK | Conf: 0.99 | Latency: 0.11ms | Reasons: [ssrf_attempt]
✅ [PASS] URL - SSRF Cloud Metadata Endpoint (Hard Block)
   Status: BLOCK | Conf: 0.99 | Latency: 0.05ms | Reasons: [ssrf_attempt]
✅ [PASS] Text - Benign Harmless Note
   Status: PASS | Conf: 0.9 | Latency: 6.79ms | Reasons: []
✅ [PASS] Text - False Positive Avoidance (Educational Password Lecture)
   Status: PASS | Conf: 0.9 | Latency: 0.9ms | Reasons: []
✅ [PASS] Text - False Positive Avoidance (Educational OTP Assignment)
   Status: PASS | Conf: 0.9 | Latency: 1.51ms | Reasons: []
✅ [PASS] Text - Credential & OTP Harvesting (Hard Block)
   Status: BLOCK | Conf: 0.98 | Latency: 0.11ms | Reasons: [credential_request, otp_request]
✅ [PASS] Text - Task Deposit & Student Job Scam (Hard Block)
   Status: BLOCK | Conf: 0.96 | Latency: 0.17ms | Reasons: [task_deposit_scam, advance_fee_scam]
✅ [PASS] Text - Malicious PowerShell Payload (Hard Block)
   Status: BLOCK | Conf: 0.99 | Latency: 0.13ms | Reasons: [malicious_shell_payload]
✅ [PASS] Text - AI-like Style Guard (Must NOT Block)
   Status: PASS | Conf: 0.9 | Latency: 0.23ms | Reasons: []
✅ [PASS] File - Authentic PNG Binary
   Status: PASS | Conf: 0.9 | Latency: 0.73ms | Reasons: []
✅ [PASS] File - Disguised Windows Executable MZ Polyglot (Hard Block)
   Status: BLOCK | Conf: 0.99 | Latency: 0.18ms | Reasons: [executable_polyglot]
✅ [PASS] File - Disguised ZIP/APK in JPG (Hard Block)
   Status: BLOCK | Conf: 0.99 | Latency: 0.05ms | Reasons: [magic_byte_mismatch]
✅ [PASS] Image OCR - Screenshot Phishing Text (Hard Block)
   Status: BLOCK | Conf: 0.97 | Latency: 0.83ms | Reasons: [ocr_phishing_pattern]
✅ [PASS] Image QR - QR Code Phishing Destination (Hard Block)
   Status: BLOCK | Conf: 0.98 | Latency: 0.84ms | Reasons: [qr_malicious_url]
✅ [PASS] Adversarial - Spaced Letters Evasion (Hard Block)
   Status: BLOCK | Conf: 0.98 | Latency: 0.07ms | Reasons: [credential_request, otp_request]
✅ [PASS] Adversarial - Zero-Width Character Injection (Hard Block)
   Status: BLOCK | Conf: 0.98 | Latency: 0.06ms | Reasons: [credential_request, otp_request]
✅ [PASS] Adversarial - Leet-Speak Credential Demand (Hard Block)
   Status: BLOCK | Conf: 0.98 | Latency: 0.04ms | Reasons: [credential_request, otp_request]

--- Model Strategy & Fallback Test ---
✅ [PASS] Model Fallback on Error: Deterministic rule properly maintained BLOCK despite model failure.
✅ [PASS] Auxiliary Model Corroboration: Successfully routed to SUSPICIOUS (Next Layer 2).

======================================================================
📊 CORE SUITE RESULT: 28/28 TEST SUITES PASSED (100.0%)
======================================================================


>>> EXECUTING EXTENDED 120+ URL BENCHMARK BATTERY <<<

======================================================================
🌐 LAYER 1 — COMPREHENSIVE URL BENCHMARK & EVALUATION SUITE
======================================================================

✅ [PASS] 1. VN Universities — HCMUTE Official
   URL: https://hcmute.edu.vn/tin-tuc/thong-bao-tuyen-sinh
   Status: PASS | Conf: 0.99 | Latency: 0.1ms | Reasons: [whitelisted_domain]
✅ [PASS] 1. VN Universities — VNU-HCM Portal
   URL: https://vnuhcm.edu.vn/dao-tao-dai-hoc/thong-tin
   Status: PASS | Conf: 0.99 | Latency: 0.05ms | Reasons: [whitelisted_domain]
✅ [PASS] 1. VN Universities — HCMUT Bách Khoa TP.HCM
   URL: https://hcmut.edu.vn/sinh-vien/bieu-mau
   Status: PASS | Conf: 0.99 | Latency: 0.04ms | Reasons: [whitelisted_domain]
✅ [PASS] 1. VN Universities — UIT Công nghệ Thông tin
   URL: https://uit.edu.vn/tuyen-sinh/chuong-trinh-dao-tao
   Status: PASS | Conf: 0.99 | Latency: 0.03ms | Reasons: [whitelisted_domain]
✅ [PASS] 1. VN Universities — USSH Nhân Văn TP.HCM
   URL: https://ussh.edu.vn/gioi-thieu/khoa-hoc
   Status: PASS | Conf: 0.99 | Latency: 0.03ms | Reasons: [whitelisted_domain]
✅ [PASS] 1. VN Universities — UEL Kinh tế Luật
   URL: https://uel.edu.vn/thong-bao-hoc-vu
   Status: PASS | Conf: 0.99 | Latency: 0.03ms | Reasons: [whitelisted_domain]
✅ [PASS] 1. VN Universities — HUST Bách Khoa Hà Nội
   URL: https://hust.edu.vn/tin-tuc/su-kien-noi-bat
   Status: PASS | Conf: 0.99 | Latency: 0.03ms | Reasons: [whitelisted_domain]
✅ [PASS] 1. VN Universities — VNU Hà Nội
   URL: https://vnu.edu.vn/home/thong-bao
   Status: PASS | Conf: 0.99 | Latency: 0.03ms | Reasons: [whitelisted_domain]
✅ [PASS] 1. VN Universities — NEU Kinh tế Quốc dân
   URL: https://neu.edu.vn/tuyen-sinh-dai-hoc-chinh-quy
   Status: PASS | Conf: 0.99 | Latency: 0.03ms | Reasons: [whitelisted_domain]
✅ [PASS] 1. VN Universities — FTU Ngoại Thương
   URL: https://ftu.edu.vn/thong-bao-hoc-bong
   Status: PASS | Conf: 0.99 | Latency: 0.03ms | Reasons: [whitelisted_domain]
✅ [PASS] 1. VN Universities — UEH Kinh tế TP.HCM
   URL: https://ueh.edu.vn/sinh-vien/lich-thi
   Status: PASS | Conf: 0.99 | Latency: 0.03ms | Reasons: [whitelisted_domain]
✅ [PASS] 1. VN Universities — UMP Y Dược TP.HCM
   URL: https://ump.edu.vn/dao-tao/thong-bao-moi
   Status: PASS | Conf: 0.99 | Latency: 0.03ms | Reasons: [whitelisted_domain]
✅ [PASS] 1. VN Universities — CTU Cần Thơ
   URL: https://ctu.edu.vn/thong-tin-dao-tao
   Status: PASS | Conf: 0.99 | Latency: 0.04ms | Reasons: [whitelisted_domain]
✅ [PASS] 1. VN Universities — DUT Bách Khoa Đà Nẵng
   URL: https://dut.udn.vn/tin-tuc/thong-bao
   Status: PASS | Conf: 0.99 | Latency: 0.03ms | Reasons: [whitelisted_domain]
✅ [PASS] 1. VN Universities — TDTU Tôn Đức Thắng
   URL: https://tdtu.edu.vn/giao-duc/chuong-trinh
   Status: PASS | Conf: 0.99 | Latency: 0.03ms | Reasons: [whitelisted_domain]
✅ [PASS] 1. VN Universities — PTIT Bưu chính Viễn thông
   URL: https://ptit.edu.vn/sinh-vien/tin-hoc-bong
   Status: PASS | Conf: 0.99 | Latency: 0.04ms | Reasons: [whitelisted_domain]
✅ [PASS] 1. VN Universities — FPT University
   URL: https://fpt.edu.vn/nganh-hoc/cong-nghe-thong-tin
   Status: PASS | Conf: 0.99 | Latency: 0.03ms | Reasons: [whitelisted_domain]
✅ [PASS] 1. VN Universities — RMIT Vietnam
   URL: https://rmit.edu.vn/vi/hoc-tap/chuong-trinh-dao-tao
   Status: PASS | Conf: 0.99 | Latency: 0.03ms | Reasons: [whitelisted_domain]
✅ [PASS] 1. VN Universities — HUTECH University
   URL: https://hutech.edu.vn/tuyen-sinh/de-an-tuyen-sinh
   Status: PASS | Conf: 0.99 | Latency: 0.03ms | Reasons: [whitelisted_domain]
✅ [PASS] 1. VN Universities — Văn Lang University
   URL: https://vlu.edu.vn/thong-bao-tuyen-dung
   Status: PASS | Conf: 0.99 | Latency: 0.04ms | Reasons: [whitelisted_domain]
✅ [PASS] 2. VN Banks — Vietcombank Official
   URL: https://vietcombank.com.vn/vi-VN/Khach-hang-ca-nhan
   Status: PASS | Conf: 0.99 | Latency: 0.1ms | Reasons: [whitelisted_domain]
✅ [PASS] 2. VN Banks — MBBank Official
   URL: https://mbbank.com.vn/khach-hang-ca-nhan/dich-vu-the
   Status: PASS | Conf: 0.99 | Latency: 0.07ms | Reasons: [whitelisted_domain]
✅ [PASS] 2. VN Banks — Techcombank Official
   URL: https://techcombank.com/khach-hang-ca-nhan
   Status: PASS | Conf: 0.99 | Latency: 0.07ms | Reasons: [whitelisted_domain]
✅ [PASS] 2. VN Banks — BIDV Official
   URL: https://bidv.com.vn/vn/ca-nhan/san-pham-dich-vu
   Status: PASS | Conf: 0.99 | Latency: 0.06ms | Reasons: [whitelisted_domain]
✅ [PASS] 2. VN Banks — VietinBank Official
   URL: https://vietinbank.vn/vn/ca-nhan/san-pham-dich-vu
   Status: PASS | Conf: 0.99 | Latency: 0.06ms | Reasons: [whitelisted_domain]
✅ [PASS] 2. VN Banks — Agribank Official
   URL: https://agribank.com.vn/vn/ca-nhan/san-pham
   Status: PASS | Conf: 0.99 | Latency: 0.04ms | Reasons: [whitelisted_domain]
✅ [PASS] 2. VN Banks — VPBank Official
   URL: https://vpbank.com.vn/ca-nhan/dich-vu-ngan-hang-so
   Status: PASS | Conf: 0.99 | Latency: 0.07ms | Reasons: [whitelisted_domain]
✅ [PASS] 2. VN Banks — ACB Official
   URL: https://acb.com.vn/khach-hang-ca-nhan
   Status: PASS | Conf: 0.99 | Latency: 0.04ms | Reasons: [whitelisted_domain]
✅ [PASS] 2. VN Banks — TPBank Official
   URL: https://tpb.vn/khach-hang-ca-nhan/tiet-kiem
   Status: PASS | Conf: 0.99 | Latency: 0.03ms | Reasons: [whitelisted_domain]
✅ [PASS] 2. VN Banks — Sacombank Official
   URL: https://sacombank.com.vn/ca-nhan/the.html
   Status: PASS | Conf: 0.99 | Latency: 0.04ms | Reasons: [whitelisted_domain]
✅ [PASS] 2. VN Banks — VIB Official
   URL: https://vib.com.vn/vn/ca-nhan
   Status: PASS | Conf: 0.99 | Latency: 0.04ms | Reasons: [whitelisted_domain]
✅ [PASS] 2. VN Fintech — MoMo Wallet
   URL: https://momo.vn/tin-tuc/khuyen-mai
   Status: PASS | Conf: 0.99 | Latency: 0.04ms | Reasons: [whitelisted_domain]
✅ [PASS] 2. VN Fintech — ZaloPay Wallet
   URL: https://zalopay.vn/tin-tuc/uu-dai
   Status: PASS | Conf: 0.99 | Latency: 0.03ms | Reasons: [whitelisted_domain]
✅ [PASS] 2. VN Fintech — VNPAY Payment Gateway
   URL: https://vnpay.vn/giai-phap-thanh-toan
   Status: PASS | Conf: 0.99 | Latency: 0.03ms | Reasons: [whitelisted_domain]
✅ [PASS] 2. VN Fintech — Viettel Money
   URL: https://viettelmoney.vn/dich-vu-chuyen-tien
   Status: PASS | Conf: 0.99 | Latency: 0.04ms | Reasons: [whitelisted_domain]
✅ [PASS] 3. Gov Portals — Cổng Dịch vụ công Quốc gia
   URL: https://dichvucong.gov.vn/p/home/dvc-index.html
   Status: PASS | Conf: 0.99 | Latency: 0.05ms | Reasons: [whitelisted_domain]
✅ [PASS] 3. Gov Portals — VNeID Định danh điện tử
   URL: https://vneid.gov.vn/huong-dan-cai-dat.html
   Status: PASS | Conf: 0.99 | Latency: 0.04ms | Reasons: [whitelisted_domain]
✅ [PASS] 3. Gov Portals — Bộ Công an
   URL: https://bocongan.gov.vn/tin-tuc/thong-bao
   Status: PASS | Conf: 0.99 | Latency: 0.04ms | Reasons: [whitelisted_domain]
✅ [PASS] 3. Gov Portals — Bảo hiểm Xã hội Việt Nam
   URL: https://baohiemxahoi.gov.vn/tra-cuu/Pages/default.aspx
   Status: PASS | Conf: 0.99 | Latency: 0.05ms | Reasons: [whitelisted_domain]
✅ [PASS] 3. Gov Portals — Thuế Điện Tử Tổng cục Thuế
   URL: https://thuedientu.gdt.gov.vn/ttht/login
   Status: PASS | Conf: 0.99 | Latency: 0.04ms | Reasons: [whitelisted_domain]
✅ [PASS] 3. Gov Portals — Cục Cảnh sát Giao thông
   URL: https://csgt.vn/tra-cuu-phuong-tien-vi-pham.html
   Status: PASS | Conf: 0.99 | Latency: 0.03ms | Reasons: [whitelisted_domain]
✅ [PASS] 3. Gov Portals — Cổng Thông tin Chính phủ
   URL: https://chinhphu.vn/thoi-su
   Status: PASS | Conf: 0.99 | Latency: 0.03ms | Reasons: [whitelisted_domain]
✅ [PASS] 3. Gov Portals — Bộ Giáo dục và Đào tạo
   URL: https://moet.gov.vn/tintuc/Pages/tin-tong-hop.aspx
   Status: PASS | Conf: 0.99 | Latency: 0.03ms | Reasons: [whitelisted_domain]
✅ [PASS] 4. Global Tech — Google Accounts
   URL: https://accounts.google.com/signin/v2/identifier
   Status: PASS | Conf: 0.99 | Latency: 0.04ms | Reasons: [whitelisted_domain]
✅ [PASS] 4. Global Tech — Gmail Web
   URL: https://mail.google.com/mail/u/0/#inbox
   Status: PASS | Conf: 0.99 | Latency: 0.04ms | Reasons: [whitelisted_domain]
✅ [PASS] 4. Global Tech — Microsoft Online Login
   URL: https://login.microsoftonline.com/common/oauth2/authorize
   Status: PASS | Conf: 0.99 | Latency: 0.04ms | Reasons: [whitelisted_domain]
✅ [PASS] 4. Global Tech — Apple iCloud
   URL: https://icloud.com/find
   Status: PASS | Conf: 0.99 | Latency: 0.03ms | Reasons: [whitelisted_domain]
✅ [PASS] 4. Global Tech — GitHub Repository
   URL: https://github.com/google-deepmind/studenthub-ai
   Status: PASS | Conf: 0.99 | Latency: 0.03ms | Reasons: [whitelisted_domain]
✅ [PASS] 4. Global Tech — OpenAI ChatGPT
   URL: https://chatgpt.com/c/student-assistant
   Status: PASS | Conf: 0.99 | Latency: 0.03ms | Reasons: [whitelisted_domain]
✅ [PASS] 4. Global Tech — Anthropic Claude
   URL: https://claude.ai/chat/study-analysis
   Status: PASS | Conf: 0.99 | Latency: 0.03ms | Reasons: [whitelisted_domain]
✅ [PASS] 4. Global Tech — Canvas LMS Instructure
   URL: https://instructure.com/canvas/login
   Status: PASS | Conf: 0.99 | Latency: 0.04ms | Reasons: [whitelisted_domain]
✅ [PASS] 4. Global Tech — Overleaf LaTeX
   URL: https://overleaf.com/project/658b9f
   Status: PASS | Conf: 0.99 | Latency: 0.04ms | Reasons: [whitelisted_domain]
✅ [PASS] 4. Global Tech — Notion Workspace
   URL: https://notion.so/studenthub-roadmap
   Status: PASS | Conf: 0.99 | Latency: 0.04ms | Reasons: [whitelisted_domain]
✅ [PASS] 4. Global Tech — Canva Design
   URL: https://canva.com/design/DAF-template
   Status: PASS | Conf: 0.99 | Latency: 0.04ms | Reasons: [whitelisted_domain]
✅ [PASS] 4. Global Tech — Zoom Meeting
   URL: https://zoom.us/j/8492048592
   Status: PASS | Conf: 0.99 | Latency: 0.05ms | Reasons: [whitelisted_domain]
✅ [PASS] 5. Bank Phishing — Vietcombank Sinh Trắc Học Fake
   URL: http://vietcombank-login.verify-portal.xyz/cap-nhat-sinh-trac-hoc
   Status: BLOCK | Conf: 0.98 | Latency: 0.09ms | Reasons: [phishing_pattern, brand_impersonation_subdomain]
✅ [PASS] 5. Bank Phishing — VCB Digibank Smart OTP Theft
   URL: http://vcb-digibank.smart-otp-auth.top/mo-khoa-tai-khoan
   Status: BLOCK | Conf: 0.98 | Latency: 0.1ms | Reasons: [phishing_pattern, brand_impersonation_subdomain]
✅ [PASS] 5. Bank Phishing — MBBank E-banking Face ID Scam
   URL: https://mbbank-online-ebanking.net/xac-thuc-khuon-mat
   Status: BLOCK | Conf: 0.98 | Latency: 0.07ms | Reasons: [phishing_pattern, brand_impersonation_subdomain]
✅ [PASS] 5. Bank Phishing — Techcombank Security Alert Fake
   URL: http://techcombank-tcb.security-alert.click/kich-hoat
   Status: BLOCK | Conf: 0.98 | Latency: 0.07ms | Reasons: [phishing_pattern, brand_impersonation_subdomain]
✅ [PASS] 5. Bank Phishing — BIDV SmartBanking Sinh Trắc Học
   URL: http://bidv-smartbanking.update-info.cam/sinh-trac-hoc
   Status: BLOCK | Conf: 0.98 | Latency: 0.1ms | Reasons: [phishing_pattern, brand_impersonation_subdomain]
✅ [PASS] 5. Bank Phishing — VietinBank iPay Data Sync Phish
   URL: http://vietinbank-ipay.verify-account.vip/dong-bo-du-lieu
   Status: BLOCK | Conf: 0.98 | Latency: 0.08ms | Reasons: [phishing_pattern, brand_impersonation_subdomain]
✅ [PASS] 5. Bank Phishing — Agribank E-banking Biometrics
   URL: http://agribank-ebanking.cfd/cap-nhat-sinh-trac-hoc
   Status: BLOCK | Conf: 0.98 | Latency: 0.1ms | Reasons: [phishing_pattern, brand_impersonation_subdomain]
✅ [PASS] 5. Bank Phishing — ACB ONE OTP Confirm Trap
   URL: http://acb-one-login.online/xac-nhan-otp
   Status: BLOCK | Conf: 0.98 | Latency: 0.1ms | Reasons: [phishing_pattern, brand_impersonation_subdomain]
✅ [PASS] 5. Bank Phishing — VPBank NEO Unlock Card Phish
   URL: http://vpbank-neo.security-check.club/mo-khoa-the
   Status: BLOCK | Conf: 0.98 | Latency: 0.09ms | Reasons: [phishing_pattern, brand_impersonation_subdomain]
✅ [PASS] 5. Bank Phishing — TPBank Smart OTP Upgrade Scam
   URL: http://tpbank-ebanking.site/nang-cap-smart-otp
   Status: BLOCK | Conf: 0.98 | Latency: 0.14ms | Reasons: [phishing_pattern, brand_impersonation_subdomain]
✅ [PASS] 5. Bank Phishing — MoMo Fake Claim Voucher Trap
   URL: http://momo-vi-nhan-tien.top/claim-voucher
   Status: BLOCK | Conf: 0.98 | Latency: 0.09ms | Reasons: [phishing_pattern, brand_impersonation_subdomain]
✅ [PASS] 5. Bank Phishing — ZaloPay 2026 Reward Scam
   URL: http://zalopay-xac-thuc.xyz/nhan-thuong-2026
   Status: BLOCK | Conf: 0.98 | Latency: 0.08ms | Reasons: [phishing_pattern, brand_impersonation_subdomain]
✅ [PASS] 5. Bank Phishing — VNPAY QR Merchant Activate Trap
   URL: http://vnpay-qr-merchant.cam/kich-hoat-vi
   Status: BLOCK | Conf: 0.98 | Latency: 0.08ms | Reasons: [phishing_pattern, brand_impersonation_subdomain]
✅ [PASS] 6. Student Phishing — HCMUTE University Student OTP Theft
   URL: http://hcmute-login.verify-portal.xyz/student-otp
   Status: BLOCK | Conf: 0.98 | Latency: 0.07ms | Reasons: [phishing_pattern, brand_impersonation_subdomain]
✅ [PASS] 6. Student Phishing — HCMUTE Enterprise Scholarship Trap
   URL: http://sinhvien-hcmute.hocbong-doanhnghiep.top/nhan-hoc-bong
   Status: BLOCK | Conf: 0.98 | Latency: 0.06ms | Reasons: [phishing_pattern, brand_impersonation_subdomain]
✅ [PASS] 6. Student Phishing — VNU-HCM Tuition Aid Scam
   URL: http://dhqg-vnuhcm.portal-sinhvien.site/tro-cap-hoc-phi
   Status: BLOCK | Conf: 0.98 | Latency: 0.07ms | Reasons: [phishing_pattern, brand_impersonation_subdomain]
✅ [PASS] 6. Student Phishing — HUST Bách Khoa HN Reward Phish
   URL: http://hust-bachkhoahn.dang-ky-hoc-bong.club/nhan-thuong
   Status: BLOCK | Conf: 0.98 | Latency: 0.28ms | Reasons: [phishing_pattern, brand_impersonation]
✅ [PASS] 6. Student Phishing — Shopee CTV Part-Time Deposit Scam
   URL: http://shopee-tuyen-ctv.kiem-tien-online.top/nap-tien-du-an
   Status: BLOCK | Conf: 0.98 | Latency: 0.2ms | Reasons: [phishing_pattern, brand_impersonation_subdomain]
✅ [PASS] 6. Student Phishing — Lazada Order Review Task Scam
   URL: http://lazada-don-hang.nhiem-vu-kiem-tien.site/dat-coc
   Status: BLOCK | Conf: 0.98 | Latency: 0.15ms | Reasons: [phishing_pattern, brand_impersonation_subdomain]
✅ [PASS] 6. Student Phishing — TikTok Shop Commission Task Scam
   URL: http://tiktok-shop-ctv.nhan-hoa-hong.xyz/nhiem-vu
   Status: BLOCK | Conf: 0.98 | Latency: 0.1ms | Reasons: [phishing_pattern, brand_impersonation_subdomain]
✅ [PASS] 6. Gov Phishing — VNeID Level 2 Identification Trap
   URL: http://dichvucong-vneid-dinhdanh.top/cap-nhat-dinh-danh
   Status: BLOCK | Conf: 0.98 | Latency: 0.1ms | Reasons: [phishing_pattern, brand_impersonation_subdomain]
✅ [PASS] 6. Gov Phishing — National CCCD Data Sync Scam
   URL: http://vneid-dinhdanh-quocgia.xyz/dong-bo-cccd
   Status: BLOCK | Conf: 0.98 | Latency: 0.09ms | Reasons: [phishing_pattern, brand_impersonation_subdomain]
✅ [PASS] 7. Homoglyph — Cyrillic 'а' in Apple
   URL: https://аpple.com/verify-account
   Status: BLOCK | Conf: 0.98 | Latency: 0.52ms | Reasons: [phishing_pattern, unicode_homoglyph]
✅ [PASS] 7. Homoglyph — Cyrillic 'оо' in Google
   URL: https://gооgle.com/accounts/login
   Status: BLOCK | Conf: 0.98 | Latency: 0.65ms | Reasons: [phishing_pattern, unicode_homoglyph]
✅ [PASS] 7. Homoglyph — Cyrillic 'і' in Vietcombank
   URL: https://vіetcombank.com.vn/ebanking
   Status: BLOCK | Conf: 0.98 | Latency: 0.55ms | Reasons: [phishing_pattern, unicode_homoglyph]
✅ [PASS] 7. Homoglyph — Cyrillic 'і' in Microsoft
   URL: https://mіcrosoft.com/auth/login
   Status: BLOCK | Conf: 0.98 | Latency: 0.52ms | Reasons: [phishing_pattern, unicode_homoglyph]
✅ [PASS] 7. Homoglyph — Cyrillic 'а' in Facebook
   URL: https://fаcebook.com/recover/code
   Status: BLOCK | Conf: 0.98 | Latency: 0.52ms | Reasons: [phishing_pattern, unicode_homoglyph]
✅ [PASS] 7. Homoglyph — Cyrillic 'ор' in Shopee
   URL: https://shорee.vn/order-confirm
   Status: BLOCK | Conf: 0.98 | Latency: 0.46ms | Reasons: [phishing_pattern, unicode_homoglyph]
✅ [PASS] 7. Homoglyph — Cyrillic 'о' in MoMo
   URL: https://mоmo.vn/transfer
   Status: BLOCK | Conf: 0.98 | Latency: 0.59ms | Reasons: [phishing_pattern, unicode_homoglyph]
✅ [PASS] 7. Homoglyph — Cyrillic 'с' in HCMUTE
   URL: https://hсmute.edu.vn/login
   Status: BLOCK | Conf: 0.98 | Latency: 0.46ms | Reasons: [phishing_pattern, unicode_homoglyph]
✅ [PASS] 7. Punycode — Spoofed Apple IDN
   URL: http://xn--pple-43d.com/signin
   Status: BLOCK | Conf: 0.98 | Latency: 0.74ms | Reasons: [phishing_pattern, unicode_homoglyph]
✅ [PASS] 7. Punycode — Spoofed Google IDN
   URL: http://xn--gogle-1qa.com/auth
   Status: BLOCK | Conf: 0.98 | Latency: 0.52ms | Reasons: [phishing_pattern, unicode_homoglyph]
✅ [PASS] 8. SSRF — Standard Loopback IPv4
   URL: http://127.0.0.1:8080/admin/delete
   Status: BLOCK | Conf: 0.99 | Latency: 0.09ms | Reasons: [ssrf_attempt]
✅ [PASS] 8. SSRF — Cloud Metadata Endpoint IPv4
   URL: http://169.254.169.254/latest/meta-data/
   Status: BLOCK | Conf: 0.99 | Latency: 0.03ms | Reasons: [ssrf_attempt]
✅ [PASS] 8. SSRF — Decimal Dword IP (127.0.0.1 = 2130706433)
   URL: http://2130706433/admin
   Status: BLOCK | Conf: 0.99 | Latency: 0.04ms | Reasons: [ssrf_attempt]
✅ [PASS] 8. SSRF — Decimal Dword IP (169.254.169.254 = 2852039166)
   URL: http://2852039166/latest/meta-data/
   Status: BLOCK | Conf: 0.99 | Latency: 0.02ms | Reasons: [ssrf_attempt]
✅ [PASS] 8. SSRF — Hexadecimal IP (127.0.0.1 = 0x7f000001)
   URL: http://0x7f000001/api/secret
   Status: BLOCK | Conf: 0.99 | Latency: 0.02ms | Reasons: [ssrf_attempt]
✅ [PASS] 8. SSRF — Hexadecimal IP (169.254.169.254 = 0xa9fea9fe)
   URL: http://0xa9fea9fe/metadata
   Status: BLOCK | Conf: 0.99 | Latency: 0.02ms | Reasons: [ssrf_attempt]
✅ [PASS] 8. SSRF — Octal IP (127.0.0.1 = 017700000001)
   URL: http://017700000001/debug
   Status: BLOCK | Conf: 0.99 | Latency: 0.02ms | Reasons: [ssrf_attempt]
✅ [PASS] 8. SSRF — IPv6 Loopback [::1]
   URL: http://[::1]:9000/internal
   Status: BLOCK | Conf: 0.99 | Latency: 0.2ms | Reasons: [ssrf_attempt]
✅ [PASS] 8. SSRF — Named Host Localhost
   URL: http://localhost:3000/system/metrics
   Status: BLOCK | Conf: 0.99 | Latency: 0.03ms | Reasons: [ssrf_attempt]
✅ [PASS] 9. Dangerous Executable — Windows EXE Payload
   URL: https://portal-tai-lieu.online/scholarship_form.exe
   Status: BLOCK | Conf: 0.99 | Latency: 0.52ms | Reasons: [dangerous_executable]
✅ [PASS] 9. Dangerous Executable — Windows MSI Installer
   URL: https://update-driver.xyz/patch_install.msi
   Status: BLOCK | Conf: 0.99 | Latency: 0.63ms | Reasons: [dangerous_executable]
✅ [PASS] 9. Dangerous Executable — Android Trojan APK
   URL: https://sv-app-download.site/sinhvien_portal.apk
   Status: BLOCK | Conf: 0.99 | Latency: 0.48ms | Reasons: [dangerous_executable]
✅ [PASS] 9. Dangerous Executable — PowerShell Malicious Script
   URL: https://document-share.top/instruction.ps1
   Status: BLOCK | Conf: 0.99 | Latency: 0.47ms | Reasons: [dangerous_executable]
✅ [PASS] 9. Dangerous Executable — macOS DMG Dropper
   URL: https://secure-vpn.club/installer.dmg
   Status: BLOCK | Conf: 0.99 | Latency: 0.42ms | Reasons: [dangerous_executable]
✅ [PASS] 9. Dangerous Executable — Windows Batch Payload
   URL: https://quick-setup.vip/run_update.bat
   Status: BLOCK | Conf: 0.99 | Latency: 0.39ms | Reasons: [dangerous_executable]
✅ [PASS] 9. Dangerous Executable — Screensaver SCR Payload
   URL: https://anti-scam-guide.cam/tool.scr
   Status: BLOCK | Conf: 0.99 | Latency: 0.68ms | Reasons: [dangerous_executable]
✅ [PASS] 9. Dangerous Executable — VBScript Payload
   URL: https://cloud-share.rest/payload.vbs
   Status: BLOCK | Conf: 0.99 | Latency: 0.44ms | Reasons: [dangerous_executable]
✅ [PASS] 10. Suspicious Transport — Bit.ly URL Shortener
   URL: https://bit.ly/student-guide-2026
   Status: SUSPICIOUS | Conf: 0.45 | Latency: 0.09ms | Reasons: [shortened_url]
✅ [PASS] 10. Suspicious Transport — TinyURL Shortener
   URL: https://tinyurl.com/scholarship-hcmute
   Status: SUSPICIOUS | Conf: 0.45 | Latency: 0.08ms | Reasons: [shortened_url]
✅ [PASS] 10. Suspicious Transport — T.co Twitter Shortener
   URL: https://t.co/studenthub-news
   Status: SUSPICIOUS | Conf: 0.45 | Latency: 0.09ms | Reasons: [shortened_url]
✅ [PASS] 10. Suspicious Transport — Cutt.ly Shortener
   URL: https://cutt.ly/tai-lieu-on-thi
   Status: SUSPICIOUS | Conf: 0.45 | Latency: 0.16ms | Reasons: [shortened_url]
✅ [PASS] 10. Suspicious Transport — Unencrypted HTTP Blog
   URL: http://my-academic-blog.org/article-1
   Status: SUSPICIOUS | Conf: 0.45 | Latency: 0.68ms | Reasons: [unencrypted_transport]
✅ [PASS] 10. Suspicious Transport — Unencrypted HTTP Notes
   URL: http://tech-notes-student.net/tips
   Status: SUSPICIOUS | Conf: 0.45 | Latency: 0.53ms | Reasons: [unencrypted_transport]
✅ [PASS] 10. Suspicious Transport — Raw IPv4 Hostname
   URL: http://192.168.1.50/dashboard
   Status: BLOCK | Conf: 0.99 | Latency: 0.03ms | Reasons: [ssrf_attempt]
✅ [PASS] 10. Suspicious Transport — Raw IPv4 Host Announcements
   URL: http://203.113.131.2/announcements
   Status: SUSPICIOUS | Conf: 0.45 | Latency: 0.13ms | Reasons: [ip_based_host, unencrypted_transport]
✅ [PASS] 11. False Positive Guard — 'cute' in cute-puppies.org (NOT HCMUTE)
   URL: https://cute-puppies.org/gallery
   Status: PASS | Conf: 0.9 | Latency: 0.58ms | Reasons: []
✅ [PASS] 11. False Positive Guard — 'minute' in tutor-minute.com (NOT HCMUTE)
   URL: https://tutor-minute.com/courses
   Status: PASS | Conf: 0.9 | Latency: 0.43ms | Reasons: []
✅ [PASS] 11. False Positive Guard — 'pineapple' in pineapple-recipes.net (NOT Apple)
   URL: https://pineapple-recipes.net/dishes
   Status: PASS | Conf: 0.9 | Latency: 0.57ms | Reasons: []
✅ [PASS] 11. False Positive Guard — 'metadata' in metadata-governance.org (NOT Meta)
   URL: https://metadata-governance.org/standards
   Status: PASS | Conf: 0.9 | Latency: 0.61ms | Reasons: []
✅ [PASS] 11. False Positive Guard — 'computational' in computational-physics.com (NOT HCMUTE)
   URL: https://computational-physics.com/lecture
   Status: PASS | Conf: 0.9 | Latency: 0.64ms | Reasons: []
✅ [PASS] 11. False Positive Guard — 'travel' in singapore-travel-guide.com (NOT Apple)
   URL: https://singapore-travel-guide.com/attractions
   Status: PASS | Conf: 0.9 | Latency: 0.81ms | Reasons: []
✅ [PASS] 11. False Positive Guard — 'dispute' in dispute-resolution-center.org (NOT HCMUTE)
   URL: https://dispute-resolution-center.org/cases
   Status: PASS | Conf: 0.9 | Latency: 0.66ms | Reasons: []
✅ [PASS] 11. False Positive Guard — 'minute' in minute-maid-beverages.com (NOT HCMUTE)
   URL: https://minute-maid-beverages.com/products
   Status: PASS | Conf: 0.9 | Latency: 0.71ms | Reasons: []
✅ [PASS] 11. False Positive Guard — 'culture' in open-culture-foundation.org (NOT HCMUTE)
   URL: https://open-culture-foundation.org/initiatives
   Status: PASS | Conf: 0.9 | Latency: 0.66ms | Reasons: []
✅ [PASS] 11. False Positive Guard — 'executive' in executive-leadership-program.com (NOT HCMUTE)
   URL: https://executive-leadership-program.com/mba
   Status: PASS | Conf: 0.9 | Latency: 1ms | Reasons: []
✅ [PASS] 11. False Positive Guard — 'atmospheric' in atmospheric-science.net (NOT MoMo)
   URL: https://atmospheric-science.net/data
   Status: PASS | Conf: 0.9 | Latency: 0.55ms | Reasons: []

======================================================================
📈 CATEGORY BREAKDOWN SUMMARY
======================================================================
🔹 1. VN Universities       : 20/20 (100.0%)
🔹 2. VN Banks              : 11/11 (100.0%)
🔹 2. VN Fintech            : 4/4 (100.0%)
🔹 3. Gov Portals           : 8/8 (100.0%)
🔹 4. Global Tech           : 12/12 (100.0%)
🔹 5. Bank Phishing         : 13/13 (100.0%)
🔹 6. Student Phishing      : 7/7 (100.0%)
🔹 6. Gov Phishing          : 2/2 (100.0%)
🔹 7. Homoglyph             : 8/8 (100.0%)
🔹 7. Punycode              : 2/2 (100.0%)
🔹 8. SSRF                  : 9/9 (100.0%)
🔹 9. Dangerous Executable  : 8/8 (100.0%)
🔹 10. Suspicious Transport : 8/8 (100.0%)
🔹 11. False Positive Guard : 11/11 (100.0%)

======================================================================
🎯 CONFUSION MATRIX & QUALITY METRICS
======================================================================
True Positives (Threats Blocked)   [TP]: 57
True Negatives (Legitimate Passed)  [TN]: 66
False Positives (False Alarms)      [FP]: 0
False Negatives (Missed Threats)    [FN]: 0
Average Screening Latency                : 0.19 ms
Overall Deterministic Accuracy           : 100.0%
======================================================================

(node:27388) ExperimentalWarning: `--experimental-loader` may be removed in the future; instead use `register()`:
--import 'data:text/javascript,import { register } from "node:module"; import { pathToFileURL } from "node:url"; register("file%3A///D%3A/StudentHub-CodexRuns/FULL_REPAIR_20261001/candidate/frontend/tests/foundation/ts-extension-loader.mjs", pathToFileURL("./"));'
(Use `node --trace-warnings ...` to show where the warning was created)
======================================================================
🌐 LAYER 1 — COMPREHENSIVE URL BENCHMARK & EVALUATION SUITE
======================================================================

✅ [PASS] 1. VN Universities — HCMUTE Official
   URL: https://hcmute.edu.vn/tin-tuc/thong-bao-tuyen-sinh
   Status: PASS | Conf: 0.99 | Latency: 5.93ms | Reasons: [whitelisted_domain]
✅ [PASS] 1. VN Universities — VNU-HCM Portal
   URL: https://vnuhcm.edu.vn/dao-tao-dai-hoc/thong-tin
   Status: PASS | Conf: 0.99 | Latency: 1.36ms | Reasons: [whitelisted_domain]
✅ [PASS] 1. VN Universities — HCMUT Bách Khoa TP.HCM
   URL: https://hcmut.edu.vn/sinh-vien/bieu-mau
   Status: PASS | Conf: 0.99 | Latency: 0.14ms | Reasons: [whitelisted_domain]
✅ [PASS] 1. VN Universities — UIT Công nghệ Thông tin
   URL: https://uit.edu.vn/tuyen-sinh/chuong-trinh-dao-tao
   Status: PASS | Conf: 0.99 | Latency: 0.12ms | Reasons: [whitelisted_domain]
✅ [PASS] 1. VN Universities — USSH Nhân Văn TP.HCM
   URL: https://ussh.edu.vn/gioi-thieu/khoa-hoc
   Status: PASS | Conf: 0.99 | Latency: 0.14ms | Reasons: [whitelisted_domain]
✅ [PASS] 1. VN Universities — UEL Kinh tế Luật
   URL: https://uel.edu.vn/thong-bao-hoc-vu
   Status: PASS | Conf: 0.99 | Latency: 0.07ms | Reasons: [whitelisted_domain]
✅ [PASS] 1. VN Universities — HUST Bách Khoa Hà Nội
   URL: https://hust.edu.vn/tin-tuc/su-kien-noi-bat
   Status: PASS | Conf: 0.99 | Latency: 0.06ms | Reasons: [whitelisted_domain]
✅ [PASS] 1. VN Universities — VNU Hà Nội
   URL: https://vnu.edu.vn/home/thong-bao
   Status: PASS | Conf: 0.99 | Latency: 0.05ms | Reasons: [whitelisted_domain]
✅ [PASS] 1. VN Universities — NEU Kinh tế Quốc dân
   URL: https://neu.edu.vn/tuyen-sinh-dai-hoc-chinh-quy
   Status: PASS | Conf: 0.99 | Latency: 0.08ms | Reasons: [whitelisted_domain]
✅ [PASS] 1. VN Universities — FTU Ngoại Thương
   URL: https://ftu.edu.vn/thong-bao-hoc-bong
   Status: PASS | Conf: 0.99 | Latency: 0.08ms | Reasons: [whitelisted_domain]
✅ [PASS] 1. VN Universities — UEH Kinh tế TP.HCM
   URL: https://ueh.edu.vn/sinh-vien/lich-thi
   Status: PASS | Conf: 0.99 | Latency: 0.06ms | Reasons: [whitelisted_domain]
✅ [PASS] 1. VN Universities — UMP Y Dược TP.HCM
   URL: https://ump.edu.vn/dao-tao/thong-bao-moi
   Status: PASS | Conf: 0.99 | Latency: 0.05ms | Reasons: [whitelisted_domain]
✅ [PASS] 1. VN Universities — CTU Cần Thơ
   URL: https://ctu.edu.vn/thong-tin-dao-tao
   Status: PASS | Conf: 0.99 | Latency: 0.04ms | Reasons: [whitelisted_domain]
✅ [PASS] 1. VN Universities — DUT Bách Khoa Đà Nẵng
   URL: https://dut.udn.vn/tin-tuc/thong-bao
   Status: PASS | Conf: 0.99 | Latency: 0.05ms | Reasons: [whitelisted_domain]
✅ [PASS] 1. VN Universities — TDTU Tôn Đức Thắng
   URL: https://tdtu.edu.vn/giao-duc/chuong-trinh
   Status: PASS | Conf: 0.99 | Latency: 0.04ms | Reasons: [whitelisted_domain]
✅ [PASS] 1. VN Universities — PTIT Bưu chính Viễn thông
   URL: https://ptit.edu.vn/sinh-vien/tin-hoc-bong
   Status: PASS | Conf: 0.99 | Latency: 0.03ms | Reasons: [whitelisted_domain]
✅ [PASS] 1. VN Universities — FPT University
   URL: https://fpt.edu.vn/nganh-hoc/cong-nghe-thong-tin
   Status: PASS | Conf: 0.99 | Latency: 0.03ms | Reasons: [whitelisted_domain]
✅ [PASS] 1. VN Universities — RMIT Vietnam
   URL: https://rmit.edu.vn/vi/hoc-tap/chuong-trinh-dao-tao
   Status: PASS | Conf: 0.99 | Latency: 0.03ms | Reasons: [whitelisted_domain]
✅ [PASS] 1. VN Universities — HUTECH University
   URL: https://hutech.edu.vn/tuyen-sinh/de-an-tuyen-sinh
   Status: PASS | Conf: 0.99 | Latency: 0.04ms | Reasons: [whitelisted_domain]
✅ [PASS] 1. VN Universities — Văn Lang University
   URL: https://vlu.edu.vn/thong-bao-tuyen-dung
   Status: PASS | Conf: 0.99 | Latency: 0.04ms | Reasons: [whitelisted_domain]
✅ [PASS] 2. VN Banks — Vietcombank Official
   URL: https://vietcombank.com.vn/vi-VN/Khach-hang-ca-nhan
   Status: PASS | Conf: 0.99 | Latency: 0.05ms | Reasons: [whitelisted_domain]
✅ [PASS] 2. VN Banks — MBBank Official
   URL: https://mbbank.com.vn/khach-hang-ca-nhan/dich-vu-the
   Status: PASS | Conf: 0.99 | Latency: 0.04ms | Reasons: [whitelisted_domain]
✅ [PASS] 2. VN Banks — Techcombank Official
   URL: https://techcombank.com/khach-hang-ca-nhan
   Status: PASS | Conf: 0.99 | Latency: 0.04ms | Reasons: [whitelisted_domain]
✅ [PASS] 2. VN Banks — BIDV Official
   URL: https://bidv.com.vn/vn/ca-nhan/san-pham-dich-vu
   Status: PASS | Conf: 0.99 | Latency: 0.04ms | Reasons: [whitelisted_domain]
✅ [PASS] 2. VN Banks — VietinBank Official
   URL: https://vietinbank.vn/vn/ca-nhan/san-pham-dich-vu
   Status: PASS | Conf: 0.99 | Latency: 0.03ms | Reasons: [whitelisted_domain]
✅ [PASS] 2. VN Banks — Agribank Official
   URL: https://agribank.com.vn/vn/ca-nhan/san-pham
   Status: PASS | Conf: 0.99 | Latency: 0.13ms | Reasons: [whitelisted_domain]
✅ [PASS] 2. VN Banks — VPBank Official
   URL: https://vpbank.com.vn/ca-nhan/dich-vu-ngan-hang-so
   Status: PASS | Conf: 0.99 | Latency: 0.07ms | Reasons: [whitelisted_domain]
✅ [PASS] 2. VN Banks — ACB Official
   URL: https://acb.com.vn/khach-hang-ca-nhan
   Status: PASS | Conf: 0.99 | Latency: 0.19ms | Reasons: [whitelisted_domain]
✅ [PASS] 2. VN Banks — TPBank Official
   URL: https://tpb.vn/khach-hang-ca-nhan/tiet-kiem
   Status: PASS | Conf: 0.99 | Latency: 0.12ms | Reasons: [whitelisted_domain]
✅ [PASS] 2. VN Banks — Sacombank Official
   URL: https://sacombank.com.vn/ca-nhan/the.html
   Status: PASS | Conf: 0.99 | Latency: 0.08ms | Reasons: [whitelisted_domain]
✅ [PASS] 2. VN Banks — VIB Official
   URL: https://vib.com.vn/vn/ca-nhan
   Status: PASS | Conf: 0.99 | Latency: 0.07ms | Reasons: [whitelisted_domain]
✅ [PASS] 2. VN Fintech — MoMo Wallet
   URL: https://momo.vn/tin-tuc/khuyen-mai
   Status: PASS | Conf: 0.99 | Latency: 0.05ms | Reasons: [whitelisted_domain]
✅ [PASS] 2. VN Fintech — ZaloPay Wallet
   URL: https://zalopay.vn/tin-tuc/uu-dai
   Status: PASS | Conf: 0.99 | Latency: 0.04ms | Reasons: [whitelisted_domain]
✅ [PASS] 2. VN Fintech — VNPAY Payment Gateway
   URL: https://vnpay.vn/giai-phap-thanh-toan
   Status: PASS | Conf: 0.99 | Latency: 0.04ms | Reasons: [whitelisted_domain]
✅ [PASS] 2. VN Fintech — Viettel Money
   URL: https://viettelmoney.vn/dich-vu-chuyen-tien
   Status: PASS | Conf: 0.99 | Latency: 0.04ms | Reasons: [whitelisted_domain]
✅ [PASS] 3. Gov Portals — Cổng Dịch vụ công Quốc gia
   URL: https://dichvucong.gov.vn/p/home/dvc-index.html
   Status: PASS | Conf: 0.99 | Latency: 0.04ms | Reasons: [whitelisted_domain]
✅ [PASS] 3. Gov Portals — VNeID Định danh điện tử
   URL: https://vneid.gov.vn/huong-dan-cai-dat.html
   Status: PASS | Conf: 0.99 | Latency: 0.04ms | Reasons: [whitelisted_domain]
✅ [PASS] 3. Gov Portals — Bộ Công an
   URL: https://bocongan.gov.vn/tin-tuc/thong-bao
   Status: PASS | Conf: 0.99 | Latency: 0.04ms | Reasons: [whitelisted_domain]
✅ [PASS] 3. Gov Portals — Bảo hiểm Xã hội Việt Nam
   URL: https://baohiemxahoi.gov.vn/tra-cuu/Pages/default.aspx
   Status: PASS | Conf: 0.99 | Latency: 0.04ms | Reasons: [whitelisted_domain]
✅ [PASS] 3. Gov Portals — Thuế Điện Tử Tổng cục Thuế
   URL: https://thuedientu.gdt.gov.vn/ttht/login
   Status: PASS | Conf: 0.99 | Latency: 0.1ms | Reasons: [whitelisted_domain]
✅ [PASS] 3. Gov Portals — Cục Cảnh sát Giao thông
   URL: https://csgt.vn/tra-cuu-phuong-tien-vi-pham.html
   Status: PASS | Conf: 0.99 | Latency: 0.05ms | Reasons: [whitelisted_domain]
✅ [PASS] 3. Gov Portals — Cổng Thông tin Chính phủ
   URL: https://chinhphu.vn/thoi-su
   Status: PASS | Conf: 0.99 | Latency: 0.04ms | Reasons: [whitelisted_domain]
✅ [PASS] 3. Gov Portals — Bộ Giáo dục và Đào tạo
   URL: https://moet.gov.vn/tintuc/Pages/tin-tong-hop.aspx
   Status: PASS | Conf: 0.99 | Latency: 0.04ms | Reasons: [whitelisted_domain]
✅ [PASS] 4. Global Tech — Google Accounts
   URL: https://accounts.google.com/signin/v2/identifier
   Status: PASS | Conf: 0.99 | Latency: 0.04ms | Reasons: [whitelisted_domain]
✅ [PASS] 4. Global Tech — Gmail Web
   URL: https://mail.google.com/mail/u/0/#inbox
   Status: PASS | Conf: 0.99 | Latency: 0.04ms | Reasons: [whitelisted_domain]
✅ [PASS] 4. Global Tech — Microsoft Online Login
   URL: https://login.microsoftonline.com/common/oauth2/authorize
   Status: PASS | Conf: 0.99 | Latency: 0.04ms | Reasons: [whitelisted_domain]
✅ [PASS] 4. Global Tech — Apple iCloud
   URL: https://icloud.com/find
   Status: PASS | Conf: 0.99 | Latency: 0.04ms | Reasons: [whitelisted_domain]
✅ [PASS] 4. Global Tech — GitHub Repository
   URL: https://github.com/google-deepmind/studenthub-ai
   Status: PASS | Conf: 0.99 | Latency: 0.05ms | Reasons: [whitelisted_domain]
✅ [PASS] 4. Global Tech — OpenAI ChatGPT
   URL: https://chatgpt.com/c/student-assistant
   Status: PASS | Conf: 0.99 | Latency: 0.04ms | Reasons: [whitelisted_domain]
✅ [PASS] 4. Global Tech — Anthropic Claude
   URL: https://claude.ai/chat/study-analysis
   Status: PASS | Conf: 0.99 | Latency: 0.09ms | Reasons: [whitelisted_domain]
✅ [PASS] 4. Global Tech — Canvas LMS Instructure
   URL: https://instructure.com/canvas/login
   Status: PASS | Conf: 0.99 | Latency: 0.06ms | Reasons: [whitelisted_domain]
✅ [PASS] 4. Global Tech — Overleaf LaTeX
   URL: https://overleaf.com/project/658b9f
   Status: PASS | Conf: 0.99 | Latency: 0.04ms | Reasons: [whitelisted_domain]
✅ [PASS] 4. Global Tech — Notion Workspace
   URL: https://notion.so/studenthub-roadmap
   Status: PASS | Conf: 0.99 | Latency: 0.04ms | Reasons: [whitelisted_domain]
✅ [PASS] 4. Global Tech — Canva Design
   URL: https://canva.com/design/DAF-template
   Status: PASS | Conf: 0.99 | Latency: 0.05ms | Reasons: [whitelisted_domain]
✅ [PASS] 4. Global Tech — Zoom Meeting
   URL: https://zoom.us/j/8492048592
   Status: PASS | Conf: 0.99 | Latency: 0.04ms | Reasons: [whitelisted_domain]
✅ [PASS] 5. Bank Phishing — Vietcombank Sinh Trắc Học Fake
   URL: http://vietcombank-login.verify-portal.xyz/cap-nhat-sinh-trac-hoc
   Status: BLOCK | Conf: 0.98 | Latency: 0.27ms | Reasons: [phishing_pattern, brand_impersonation_subdomain]
✅ [PASS] 5. Bank Phishing — VCB Digibank Smart OTP Theft
   URL: http://vcb-digibank.smart-otp-auth.top/mo-khoa-tai-khoan
   Status: BLOCK | Conf: 0.98 | Latency: 0.13ms | Reasons: [phishing_pattern, brand_impersonation_subdomain]
✅ [PASS] 5. Bank Phishing — MBBank E-banking Face ID Scam
   URL: https://mbbank-online-ebanking.net/xac-thuc-khuon-mat
   Status: BLOCK | Conf: 0.98 | Latency: 0.08ms | Reasons: [phishing_pattern, brand_impersonation_subdomain]
✅ [PASS] 5. Bank Phishing — Techcombank Security Alert Fake
   URL: http://techcombank-tcb.security-alert.click/kich-hoat
   Status: BLOCK | Conf: 0.98 | Latency: 0.09ms | Reasons: [phishing_pattern, brand_impersonation_subdomain]
✅ [PASS] 5. Bank Phishing — BIDV SmartBanking Sinh Trắc Học
   URL: http://bidv-smartbanking.update-info.cam/sinh-trac-hoc
   Status: BLOCK | Conf: 0.98 | Latency: 0.17ms | Reasons: [phishing_pattern, brand_impersonation_subdomain]
✅ [PASS] 5. Bank Phishing — VietinBank iPay Data Sync Phish
   URL: http://vietinbank-ipay.verify-account.vip/dong-bo-du-lieu
   Status: BLOCK | Conf: 0.98 | Latency: 0.12ms | Reasons: [phishing_pattern, brand_impersonation_subdomain]
✅ [PASS] 5. Bank Phishing — Agribank E-banking Biometrics
   URL: http://agribank-ebanking.cfd/cap-nhat-sinh-trac-hoc
   Status: BLOCK | Conf: 0.98 | Latency: 0.1ms | Reasons: [phishing_pattern, brand_impersonation_subdomain]
✅ [PASS] 5. Bank Phishing — ACB ONE OTP Confirm Trap
   URL: http://acb-one-login.online/xac-nhan-otp
   Status: BLOCK | Conf: 0.98 | Latency: 0.1ms | Reasons: [phishing_pattern, brand_impersonation_subdomain]
✅ [PASS] 5. Bank Phishing — VPBank NEO Unlock Card Phish
   URL: http://vpbank-neo.security-check.club/mo-khoa-the
   Status: BLOCK | Conf: 0.98 | Latency: 0.09ms | Reasons: [phishing_pattern, brand_impersonation_subdomain]
✅ [PASS] 5. Bank Phishing — TPBank Smart OTP Upgrade Scam
   URL: http://tpbank-ebanking.site/nang-cap-smart-otp
   Status: BLOCK | Conf: 0.98 | Latency: 0.33ms | Reasons: [phishing_pattern, brand_impersonation_subdomain]
✅ [PASS] 5. Bank Phishing — MoMo Fake Claim Voucher Trap
   URL: http://momo-vi-nhan-tien.top/claim-voucher
   Status: BLOCK | Conf: 0.98 | Latency: 0.09ms | Reasons: [phishing_pattern, brand_impersonation_subdomain]
✅ [PASS] 5. Bank Phishing — ZaloPay 2026 Reward Scam
   URL: http://zalopay-xac-thuc.xyz/nhan-thuong-2026
   Status: BLOCK | Conf: 0.98 | Latency: 0.08ms | Reasons: [phishing_pattern, brand_impersonation_subdomain]
✅ [PASS] 5. Bank Phishing — VNPAY QR Merchant Activate Trap
   URL: http://vnpay-qr-merchant.cam/kich-hoat-vi
   Status: BLOCK | Conf: 0.98 | Latency: 0.17ms | Reasons: [phishing_pattern, brand_impersonation_subdomain]
✅ [PASS] 6. Student Phishing — HCMUTE University Student OTP Theft
   URL: http://hcmute-login.verify-portal.xyz/student-otp
   Status: BLOCK | Conf: 0.98 | Latency: 0.12ms | Reasons: [phishing_pattern, brand_impersonation_subdomain]
✅ [PASS] 6. Student Phishing — HCMUTE Enterprise Scholarship Trap
   URL: http://sinhvien-hcmute.hocbong-doanhnghiep.top/nhan-hoc-bong
   Status: BLOCK | Conf: 0.98 | Latency: 0.22ms | Reasons: [phishing_pattern, brand_impersonation_subdomain]
✅ [PASS] 6. Student Phishing — VNU-HCM Tuition Aid Scam
   URL: http://dhqg-vnuhcm.portal-sinhvien.site/tro-cap-hoc-phi
   Status: BLOCK | Conf: 0.98 | Latency: 0.15ms | Reasons: [phishing_pattern, brand_impersonation_subdomain]
✅ [PASS] 6. Student Phishing — HUST Bách Khoa HN Reward Phish
   URL: http://hust-bachkhoahn.dang-ky-hoc-bong.club/nhan-thuong
   Status: BLOCK | Conf: 0.98 | Latency: 0.23ms | Reasons: [phishing_pattern, brand_impersonation]
✅ [PASS] 6. Student Phishing — Shopee CTV Part-Time Deposit Scam
   URL: http://shopee-tuyen-ctv.kiem-tien-online.top/nap-tien-du-an
   Status: BLOCK | Conf: 0.98 | Latency: 0.14ms | Reasons: [phishing_pattern, brand_impersonation_subdomain]
✅ [PASS] 6. Student Phishing — Lazada Order Review Task Scam
   URL: http://lazada-don-hang.nhiem-vu-kiem-tien.site/dat-coc
   Status: BLOCK | Conf: 0.98 | Latency: 0.1ms | Reasons: [phishing_pattern, brand_impersonation_subdomain]
✅ [PASS] 6. Student Phishing — TikTok Shop Commission Task Scam
   URL: http://tiktok-shop-ctv.nhan-hoa-hong.xyz/nhiem-vu
   Status: BLOCK | Conf: 0.98 | Latency: 0.08ms | Reasons: [phishing_pattern, brand_impersonation_subdomain]
✅ [PASS] 6. Gov Phishing — VNeID Level 2 Identification Trap
   URL: http://dichvucong-vneid-dinhdanh.top/cap-nhat-dinh-danh
   Status: BLOCK | Conf: 0.98 | Latency: 0.08ms | Reasons: [phishing_pattern, brand_impersonation_subdomain]
✅ [PASS] 6. Gov Phishing — National CCCD Data Sync Scam
   URL: http://vneid-dinhdanh-quocgia.xyz/dong-bo-cccd
   Status: BLOCK | Conf: 0.98 | Latency: 0.08ms | Reasons: [phishing_pattern, brand_impersonation_subdomain]
✅ [PASS] 7. Homoglyph — Cyrillic 'а' in Apple
   URL: https://аpple.com/verify-account
   Status: BLOCK | Conf: 0.98 | Latency: 1.25ms | Reasons: [phishing_pattern, unicode_homoglyph]
✅ [PASS] 7. Homoglyph — Cyrillic 'оо' in Google
   URL: https://gооgle.com/accounts/login
   Status: BLOCK | Conf: 0.98 | Latency: 0.58ms | Reasons: [phishing_pattern, unicode_homoglyph]
✅ [PASS] 7. Homoglyph — Cyrillic 'і' in Vietcombank
   URL: https://vіetcombank.com.vn/ebanking
   Status: BLOCK | Conf: 0.98 | Latency: 1.04ms | Reasons: [phishing_pattern, unicode_homoglyph]
✅ [PASS] 7. Homoglyph — Cyrillic 'і' in Microsoft
   URL: https://mіcrosoft.com/auth/login
   Status: BLOCK | Conf: 0.98 | Latency: 0.62ms | Reasons: [phishing_pattern, unicode_homoglyph]
✅ [PASS] 7. Homoglyph — Cyrillic 'а' in Facebook
   URL: https://fаcebook.com/recover/code
   Status: BLOCK | Conf: 0.98 | Latency: 0.78ms | Reasons: [phishing_pattern, unicode_homoglyph]
✅ [PASS] 7. Homoglyph — Cyrillic 'ор' in Shopee
   URL: https://shорee.vn/order-confirm
   Status: BLOCK | Conf: 0.98 | Latency: 1.14ms | Reasons: [phishing_pattern, unicode_homoglyph]
✅ [PASS] 7. Homoglyph — Cyrillic 'о' in MoMo
   URL: https://mоmo.vn/transfer
   Status: BLOCK | Conf: 0.98 | Latency: 0.86ms | Reasons: [phishing_pattern, unicode_homoglyph]
✅ [PASS] 7. Homoglyph — Cyrillic 'с' in HCMUTE
   URL: https://hсmute.edu.vn/login
   Status: BLOCK | Conf: 0.98 | Latency: 0.96ms | Reasons: [phishing_pattern, unicode_homoglyph]
✅ [PASS] 7. Punycode — Spoofed Apple IDN
   URL: http://xn--pple-43d.com/signin
   Status: BLOCK | Conf: 0.98 | Latency: 0.59ms | Reasons: [phishing_pattern, unicode_homoglyph]
✅ [PASS] 7. Punycode — Spoofed Google IDN
   URL: http://xn--gogle-1qa.com/auth
   Status: BLOCK | Conf: 0.98 | Latency: 0.47ms | Reasons: [phishing_pattern, unicode_homoglyph]
✅ [PASS] 8. SSRF — Standard Loopback IPv4
   URL: http://127.0.0.1:8080/admin/delete
   Status: BLOCK | Conf: 0.99 | Latency: 0.16ms | Reasons: [ssrf_attempt]
✅ [PASS] 8. SSRF — Cloud Metadata Endpoint IPv4
   URL: http://169.254.169.254/latest/meta-data/
   Status: BLOCK | Conf: 0.99 | Latency: 0.03ms | Reasons: [ssrf_attempt]
✅ [PASS] 8. SSRF — Decimal Dword IP (127.0.0.1 = 2130706433)
   URL: http://2130706433/admin
   Status: BLOCK | Conf: 0.99 | Latency: 0.03ms | Reasons: [ssrf_attempt]
✅ [PASS] 8. SSRF — Decimal Dword IP (169.254.169.254 = 2852039166)
   URL: http://2852039166/latest/meta-data/
   Status: BLOCK | Conf: 0.99 | Latency: 0.02ms | Reasons: [ssrf_attempt]
✅ [PASS] 8. SSRF — Hexadecimal IP (127.0.0.1 = 0x7f000001)
   URL: http://0x7f000001/api/secret
   Status: BLOCK | Conf: 0.99 | Latency: 0.02ms | Reasons: [ssrf_attempt]
✅ [PASS] 8. SSRF — Hexadecimal IP (169.254.169.254 = 0xa9fea9fe)
   URL: http://0xa9fea9fe/metadata
   Status: BLOCK | Conf: 0.99 | Latency: 0.02ms | Reasons: [ssrf_attempt]
✅ [PASS] 8. SSRF — Octal IP (127.0.0.1 = 017700000001)
   URL: http://017700000001/debug
   Status: BLOCK | Conf: 0.99 | Latency: 0.02ms | Reasons: [ssrf_attempt]
✅ [PASS] 8. SSRF — IPv6 Loopback [::1]
   URL: http://[::1]:9000/internal
   Status: BLOCK | Conf: 0.99 | Latency: 0.14ms | Reasons: [ssrf_attempt]
✅ [PASS] 8. SSRF — Named Host Localhost
   URL: http://localhost:3000/system/metrics
   Status: BLOCK | Conf: 0.99 | Latency: 0.02ms | Reasons: [ssrf_attempt]
✅ [PASS] 9. Dangerous Executable — Windows EXE Payload
   URL: https://portal-tai-lieu.online/scholarship_form.exe
   Status: BLOCK | Conf: 0.99 | Latency: 0.52ms | Reasons: [dangerous_executable]
✅ [PASS] 9. Dangerous Executable — Windows MSI Installer
   URL: https://update-driver.xyz/patch_install.msi
   Status: BLOCK | Conf: 0.99 | Latency: 0.59ms | Reasons: [dangerous_executable]
✅ [PASS] 9. Dangerous Executable — Android Trojan APK
   URL: https://sv-app-download.site/sinhvien_portal.apk
   Status: BLOCK | Conf: 0.99 | Latency: 0.87ms | Reasons: [dangerous_executable]
✅ [PASS] 9. Dangerous Executable — PowerShell Malicious Script
   URL: https://document-share.top/instruction.ps1
   Status: BLOCK | Conf: 0.99 | Latency: 0.48ms | Reasons: [dangerous_executable]
✅ [PASS] 9. Dangerous Executable — macOS DMG Dropper
   URL: https://secure-vpn.club/installer.dmg
   Status: BLOCK | Conf: 0.99 | Latency: 0.37ms | Reasons: [dangerous_executable]
✅ [PASS] 9. Dangerous Executable — Windows Batch Payload
   URL: https://quick-setup.vip/run_update.bat
   Status: BLOCK | Conf: 0.99 | Latency: 0.4ms | Reasons: [dangerous_executable]
✅ [PASS] 9. Dangerous Executable — Screensaver SCR Payload
   URL: https://anti-scam-guide.cam/tool.scr
   Status: BLOCK | Conf: 0.99 | Latency: 0.49ms | Reasons: [dangerous_executable]
✅ [PASS] 9. Dangerous Executable — VBScript Payload
   URL: https://cloud-share.rest/payload.vbs
   Status: BLOCK | Conf: 0.99 | Latency: 0.4ms | Reasons: [dangerous_executable]
✅ [PASS] 10. Suspicious Transport — Bit.ly URL Shortener
   URL: https://bit.ly/student-guide-2026
   Status: SUSPICIOUS | Conf: 0.45 | Latency: 0.29ms | Reasons: [shortened_url]
✅ [PASS] 10. Suspicious Transport — TinyURL Shortener
   URL: https://tinyurl.com/scholarship-hcmute
   Status: SUSPICIOUS | Conf: 0.45 | Latency: 0.1ms | Reasons: [shortened_url]
✅ [PASS] 10. Suspicious Transport — T.co Twitter Shortener
   URL: https://t.co/studenthub-news
   Status: SUSPICIOUS | Conf: 0.45 | Latency: 0.08ms | Reasons: [shortened_url]
✅ [PASS] 10. Suspicious Transport — Cutt.ly Shortener
   URL: https://cutt.ly/tai-lieu-on-thi
   Status: SUSPICIOUS | Conf: 0.45 | Latency: 0.07ms | Reasons: [shortened_url]
✅ [PASS] 10. Suspicious Transport — Unencrypted HTTP Blog
   URL: http://my-academic-blog.org/article-1
   Status: SUSPICIOUS | Conf: 0.45 | Latency: 0.49ms | Reasons: [unencrypted_transport]
✅ [PASS] 10. Suspicious Transport — Unencrypted HTTP Notes
   URL: http://tech-notes-student.net/tips
   Status: SUSPICIOUS | Conf: 0.45 | Latency: 0.62ms | Reasons: [unencrypted_transport]
✅ [PASS] 10. Suspicious Transport — Raw IPv4 Hostname
   URL: http://192.168.1.50/dashboard
   Status: BLOCK | Conf: 0.99 | Latency: 0.04ms | Reasons: [ssrf_attempt]
✅ [PASS] 10. Suspicious Transport — Raw IPv4 Host Announcements
   URL: http://203.113.131.2/announcements
   Status: SUSPICIOUS | Conf: 0.45 | Latency: 0.1ms | Reasons: [ip_based_host, unencrypted_transport]
✅ [PASS] 11. False Positive Guard — 'cute' in cute-puppies.org (NOT HCMUTE)
   URL: https://cute-puppies.org/gallery
   Status: PASS | Conf: 0.9 | Latency: 0.41ms | Reasons: []
✅ [PASS] 11. False Positive Guard — 'minute' in tutor-minute.com (NOT HCMUTE)
   URL: https://tutor-minute.com/courses
   Status: PASS | Conf: 0.9 | Latency: 0.41ms | Reasons: []
✅ [PASS] 11. False Positive Guard — 'pineapple' in pineapple-recipes.net (NOT Apple)
   URL: https://pineapple-recipes.net/dishes
   Status: PASS | Conf: 0.9 | Latency: 0.61ms | Reasons: []
✅ [PASS] 11. False Positive Guard — 'metadata' in metadata-governance.org (NOT Meta)
   URL: https://metadata-governance.org/standards
   Status: PASS | Conf: 0.9 | Latency: 0.55ms | Reasons: []
✅ [PASS] 11. False Positive Guard — 'computational' in computational-physics.com (NOT HCMUTE)
   URL: https://computational-physics.com/lecture
   Status: PASS | Conf: 0.9 | Latency: 0.56ms | Reasons: []
✅ [PASS] 11. False Positive Guard — 'travel' in singapore-travel-guide.com (NOT Apple)
   URL: https://singapore-travel-guide.com/attractions
   Status: PASS | Conf: 0.9 | Latency: 0.62ms | Reasons: []
✅ [PASS] 11. False Positive Guard — 'dispute' in dispute-resolution-center.org (NOT HCMUTE)
   URL: https://dispute-resolution-center.org/cases
   Status: PASS | Conf: 0.9 | Latency: 0.76ms | Reasons: []
✅ [PASS] 11. False Positive Guard — 'minute' in minute-maid-beverages.com (NOT HCMUTE)
   URL: https://minute-maid-beverages.com/products
   Status: PASS | Conf: 0.9 | Latency: 0.59ms | Reasons: []
✅ [PASS] 11. False Positive Guard — 'culture' in open-culture-foundation.org (NOT HCMUTE)
   URL: https://open-culture-foundation.org/initiatives
   Status: PASS | Conf: 0.9 | Latency: 0.63ms | Reasons: []
✅ [PASS] 11. False Positive Guard — 'executive' in executive-leadership-program.com (NOT HCMUTE)
   URL: https://executive-leadership-program.com/mba
   Status: PASS | Conf: 0.9 | Latency: 0.69ms | Reasons: []
✅ [PASS] 11. False Positive Guard — 'atmospheric' in atmospheric-science.net (NOT MoMo)
   URL: https://atmospheric-science.net/data
   Status: PASS | Conf: 0.9 | Latency: 0.7ms | Reasons: []

======================================================================
📈 CATEGORY BREAKDOWN SUMMARY
======================================================================
🔹 1. VN Universities       : 20/20 (100.0%)
🔹 2. VN Banks              : 11/11 (100.0%)
🔹 2. VN Fintech            : 4/4 (100.0%)
🔹 3. Gov Portals           : 8/8 (100.0%)
🔹 4. Global Tech           : 12/12 (100.0%)
🔹 5. Bank Phishing         : 13/13 (100.0%)
🔹 6. Student Phishing      : 7/7 (100.0%)
🔹 6. Gov Phishing          : 2/2 (100.0%)
🔹 7. Homoglyph             : 8/8 (100.0%)
🔹 7. Punycode              : 2/2 (100.0%)
🔹 8. SSRF                  : 9/9 (100.0%)
🔹 9. Dangerous Executable  : 8/8 (100.0%)
🔹 10. Suspicious Transport : 8/8 (100.0%)
🔹 11. False Positive Guard : 11/11 (100.0%)

======================================================================
🎯 CONFUSION MATRIX & QUALITY METRICS
======================================================================
True Positives (Threats Blocked)   [TP]: 57
True Negatives (Legitimate Passed)  [TN]: 66
False Positives (False Alarms)      [FP]: 0
False Negatives (Missed Threats)    [FN]: 0
Average Screening Latency                : 0.28 ms
Overall Deterministic Accuracy           : 100.0%
======================================================================

(node:24012) ExperimentalWarning: `--experimental-loader` may be removed in the future; instead use `register()`:
--import 'data:text/javascript,import { register } from "node:module"; import { pathToFileURL } from "node:url"; register("file%3A///D%3A/StudentHub-CodexRuns/FULL_REPAIR_20261001/candidate/frontend/tests/foundation/ts-extension-loader.mjs", pathToFileURL("./"));'
(Use `node --trace-warnings ...` to show where the warning was created)
======================================================================
🧠 LAYER 2 — SEMANTIC & CONTEXTUAL VERIFICATION AUTOMATED SUITE
======================================================================

✅ [PASS] 1. Benign Education — How OTP Authentication Works
   Status: PASS | Class: INFORMATIVE | Conf: 0.58 | Latency: 16.72ms
   Summary: "Văn bản thông tin chính thống / thảo luận học thuật an toàn, không phát hiện dấu hiệu gian lận."
   Tasks for Layer 3: CLAIM_VERIFICATION
✅ [PASS] 1. Benign Education — Operating Systems Concept
   Status: PASS | Class: INFORMATIVE | Conf: 0.55 | Latency: 5.5ms
   Summary: "Văn bản thông tin chính thống / thảo luận học thuật an toàn, không phát hiện dấu hiệu gian lận."
✅ [PASS] 2. Explicit Phishing — HCMUTE Security Impersonation & OTP Demand
   Status: BLOCK | Class: MALICIOUS | Conf: 0.98 | Latency: 3.02ms
   Summary: "Nội dung mạo danh đơn vị uy tín nhằm yêu cầu cung cấp thông tin bảo mật / mã OTP."
   Tasks for Layer 3: DOMAIN_VERIFICATION, DOMAIN_VERIFICATION, CLAIM_VERIFICATION, CLAIM_VERIFICATION
✅ [PASS] 2. Explicit Phishing — Fake Vietcombank Account Lock Alert
   Status: BLOCK | Class: MALICIOUS | Conf: 0.98 | Latency: 2.47ms
   Summary: "Nội dung mạo danh đơn vị uy tín nhằm yêu cầu cung cấp thông tin bảo mật / mã OTP."
   Tasks for Layer 3: DOMAIN_VERIFICATION, CLAIM_VERIFICATION, CLAIM_VERIFICATION
✅ [PASS] 2. Financial Scam — Shopee Task Deposit Demand
   Status: BLOCK | Class: MALICIOUS | Conf: 0.98 | Latency: 3.36ms
   Summary: "Nội dung tuyển dụng / cộng tác viên yêu cầu nạp tiền đặt cọc kèm cam kết hoa hồng bất thường."
   Tasks for Layer 3: DOMAIN_VERIFICATION, CLAIM_VERIFICATION, CLAIM_VERIFICATION
✅ [PASS] 3. Unknown Factual Claim — HCMUTE Tuition Policy 2026
   Status: NEEDS_VERIFICATION | Class: UNVERIFIED | Conf: 0.58 | Latency: 2.32ms
   Summary: "Phát hiện 1 phát ngôn / tuyên bố sự kiện cần kiểm chứng nguồn tin chính thức tại Layer 3."
   Tasks for Layer 3: DOMAIN_VERIFICATION, DOMAIN_VERIFICATION, CLAIM_VERIFICATION
✅ [PASS] 3. Unknown Factual Claim — VNU Scholarship Announcement
   Status: NEEDS_VERIFICATION | Class: UNVERIFIED | Conf: 0.58 | Latency: 2.58ms
   Summary: "Phát hiện 1 phát ngôn / tuyên bố sự kiện cần kiểm chứng nguồn tin chính thức tại Layer 3."
   Tasks for Layer 3: DOMAIN_VERIFICATION, CLAIM_VERIFICATION
✅ [PASS] 4. Internal Contradiction — Temporal Day-of-Week Conflict
   Status: SUSPICIOUS | Class: DECEPTIVE | Conf: 0.72 | Latency: 2.61ms
   Summary: "Văn bản thông tin thông thường, không phát hiện dấu hiệu bất thường về ngữ nghĩa hay thao túng tâm lý."
   Tasks for Layer 3: TEMPORAL_VERIFICATION
✅ [PASS] 5. Cross-Modal Mismatch — Claims VCB on Fake Domain with Credential Demand
   Status: BLOCK | Class: MALICIOUS | Conf: 0.98 | Latency: 2.75ms
   Summary: "Nội dung mạo danh đơn vị uy tín nhằm yêu cầu cung cấp thông tin bảo mật / mã OTP."
   Tasks for Layer 3: DOMAIN_VERIFICATION, CLAIM_VERIFICATION, CROSS_SOURCE_VERIFICATION
✅ [PASS] 6. Benign Brand Mention — Laboratory Praise
   Status: PASS | Class: BENIGN | Conf: 0.55 | Latency: 2.05ms
   Summary: "Văn bản thông tin thông thường, không phát hiện dấu hiệu bất thường về ngữ nghĩa hay thao túng tâm lý."
   Tasks for Layer 3: DOMAIN_VERIFICATION, DOMAIN_VERIFICATION
✅ [PASS] 7. Educational Phishing Analysis Lecture (Must NOT Block)
   Status: PASS | Class: INFORMATIVE | Conf: 0.55 | Latency: 1.97ms
   Summary: "Văn bản thông tin chính thống / thảo luận học thuật an toàn, không phát hiện dấu hiệu gian lận."
✅ [PASS] 8. Student Satire Humor (Must NOT Block)
   Status: PASS | Class: BENIGN | Conf: 0.55 | Latency: 1.8ms
   Summary: "Văn bản thông tin thông thường, không phát hiện dấu hiệu bất thường về ngữ nghĩa hay thao túng tâm lý."
✅ [PASS] 9. Hot Scam — Fake Biometrics Update Demand
   Status: BLOCK | Class: MALICIOUS | Conf: 0.92 | Latency: 2.33ms
   Summary: "Văn bản thông tin thông thường, không phát hiện dấu hiệu bất thường về ngữ nghĩa hay thao túng tâm lý."

--- Model Provider Fallback Resilience Test ---
✅ [PASS] Model Fallback on Error: Cleanly caught 504 error, fell back to deterministic provider, and maintained BLOCK verdict.

======================================================================
🎯 LAYER 2 FINAL EVALUATION SUMMARY
======================================================================
Total Test Scenarios Evaluated : 14
Passed                         : 14 / 14
Failed                         : 0
Average Screening Latency      : 3.81 ms
Overall Accuracy               : 100.0%
======================================================================

(node:35464) ExperimentalWarning: `--experimental-loader` may be removed in the future; instead use `register()`:
--import 'data:text/javascript,import { register } from "node:module"; import { pathToFileURL } from "node:url"; register("file%3A///D%3A/StudentHub-CodexRuns/FULL_REPAIR_20261001/candidate/frontend/tests/foundation/ts-extension-loader.mjs", pathToFileURL("./"));'
(Use `node --trace-warnings ...` to show where the warning was created)
✔ canonical authority discovery resolves explicit official organizations across source classes (12.9097ms)
✔ authority is assigned to curated organization domains, never to a suffix alone (2.4198ms)
ℹ tests 2
ℹ suites 0
ℹ pass 2
ℹ fail 0
ℹ cancelled 0
ℹ skipped 0
ℹ todo 0
ℹ duration_ms 18.6214
(node:31400) ExperimentalWarning: `--experimental-loader` may be removed in the future; instead use `register()`:
--import 'data:text/javascript,import { register } from "node:module"; import { pathToFileURL } from "node:url"; register("file%3A///D%3A/StudentHub-CodexRuns/FULL_REPAIR_20261001/candidate/frontend/tests/foundation/ts-extension-loader.mjs", pathToFileURL("./"));'
(Use `node --trace-warnings ...` to show where the warning was created)
✔ canonical target matching accepts root hosts and their real subdomains (1.3079ms)
✔ canonical target matching rejects lookalike suffixes and unrelated domains (0.1543ms)
ℹ tests 2
ℹ suites 0
ℹ pass 2
ℹ fail 0
ℹ cancelled 0
ℹ skipped 0
ℹ todo 0
ℹ duration_ms 4.9044
(node:2384) ExperimentalWarning: `--experimental-loader` may be removed in the future; instead use `register()`:
--import 'data:text/javascript,import { register } from "node:module"; import { pathToFileURL } from "node:url"; register("file%3A///D%3A/StudentHub-CodexRuns/FULL_REPAIR_20261001/candidate/frontend/tests/foundation/ts-extension-loader.mjs", pathToFileURL("./"));'
(Use `node --trace-warnings ...` to show where the warning was created)

======================================================================
🔍 LAYER 3 — EXTERNAL EVIDENCE & SOURCE VERIFICATION TEST SUITE
======================================================================

✅ [PASS] Case A: Strong Official Evidence — HCMUTE Tuition Policy 2026
   Status: PARTIAL | Completeness: 1 | Latency: 14.37ms
✅ [PASS] Case B: No Evidence Found — Secret Scholarship Claim
   Status: INSUFFICIENT_EVIDENCE | Completeness: 1 | Latency: 5.21ms
✅ [PASS] Case C: Contradictory Evidence — Job Fair Rescheduling
   Status: CONTESTED | Completeness: 1 | Latency: 3.81ms
   Detected Conflict: POLICY_DISCREPANCY (undefined support vs undefined contradict)
✅ [PASS] Case D: Outdated Evidence — 2022 Policy Document
   Status: INSUFFICIENT_EVIDENCE | Completeness: 0.85 | Latency: 0.42ms
✅ [PASS] Case E: Copied Sources — Press Release Lineage Clustering
   Status: PARTIAL | Completeness: 0.85 | Latency: 0.63ms
✅ [PASS] Case F: Partial Support / Overstatement — Scholarship Scope
   Status: PARTIAL | Completeness: 1 | Latency: 3.73ms

--- SSRF & Fetch Safety Verification ---
✅ [PASS] SSRF Protection Guard: Successfully blocked private IP (127.0.0.1) and cloud metadata (169.254.169.254).

--- Provider Resilience Verification ---
✅ [PASS] Fallback Resilience: Caught simulated retriever error and fell back to explicitly non-live Knowledge Base evidence.

======================================================================
🎯 LAYER 3 FINAL EVALUATION SUMMARY
======================================================================
Total Test Scenarios Evaluated : 8
Passed                         : 8 / 8
Failed                         : 0
Average Evidence Latency       : 4.69 ms
Overall Accuracy               : 100.0%
======================================================================

(node:15108) ExperimentalWarning: `--experimental-loader` may be removed in the future; instead use `register()`:
--import 'data:text/javascript,import { register } from "node:module"; import { pathToFileURL } from "node:url"; register("file%3A///D%3A/StudentHub-CodexRuns/FULL_REPAIR_20261001/candidate/frontend/tests/foundation/ts-extension-loader.mjs", pathToFileURL("./"));'
(Use `node --trace-warnings ...` to show where the warning was created)

======================================================================
⚖️ LAYER 4 — FINAL TRUST REASONING TEST SUITE
======================================================================

✅ [PASS] 1. Legitimate Official Content — HCMUTE Tuition Announcement
   Verdict: VERIFIED_TRUE | Action: ALLOW_WITH_CAUTION | Risk: NONE | Latency: 3.09ms
   Why: "Các kiểm tra hiện có không phát hiện mối đe dọa đã biết hoặc bằng chứng đang hỗ trợ nội dung trong phạm vi được kiểm tra."
✅ [PASS] 2. Unverified Emerging Claim — Secret 1 Billion Scholarship
   Verdict: INSUFFICIENT_EVIDENCE | Action: REVIEW | Risk: LOW | Latency: 0.53ms
   Why: "Chưa có đủ bằng chứng độc lập và có provenance để kết luận an toàn. Không nên coi trạng thái này là an toàn."
✅ [PASS] 3. Misleading Scope Overstatement — Scholarship For All
   Verdict: MISLEADING | Action: WARN | Risk: MEDIUM | Latency: 0.18ms
   Why: "Có tín hiệu bất thường trong nội dung hoặc cách thức phân phối. Kết quả không được hạ cấp chỉ vì nguồn chưa phát hiện mối đe dọa."
✅ [PASS] 4. Explicit Phishing — HCMUTE Security OTP Demand
   Verdict: MALICIOUS | Action: BLOCK | Risk: CRITICAL | Latency: 0.23ms
   Why: "Phát hiện chỉ dấu tấn công độc hại / lừa đảo trực tiếp từ Layer 1."
✅ [PASS] 5. Genuine Content in Phishing Context (True != Safe)
   Verdict: MALICIOUS | Action: BLOCK | Risk: CRITICAL | Latency: 0.12ms
   Why: "Phát hiện chỉ dấu tấn công độc hại / lừa đảo trực tiếp từ Layer 1."
✅ [PASS] 6. Temporal Update — August Announcement Supersedes January Policy
   Verdict: INSUFFICIENT_EVIDENCE | Action: REVIEW | Risk: NONE | Latency: 0.26ms
   Why: "Có tín hiệu bất thường trong nội dung hoặc cách thức phân phối. Kết quả không được hạ cấp chỉ vì nguồn chưa phát hiện mối đe dọa."
✅ [PASS] 7. High-Impact Dispute — Conflicting Official Directives
   Verdict: INSUFFICIENT_EVIDENCE | Action: REVIEW | Risk: HIGH | Latency: 0.15ms
   Why: "Có tín hiệu bất thường trong nội dung hoặc cách thức phân phối. Kết quả không được hạ cấp chỉ vì nguồn chưa phát hiện mối đe dọa."

--- Provider Resilience Verification ---
✅ [PASS] Model Fallback Resilience: Cleanly caught simulated LLM 504 error and maintained the deterministic evidence-bound decision.

======================================================================
🎯 LAYER 4 FINAL EVALUATION SUMMARY
======================================================================
Total Test Scenarios Evaluated : 8
Passed                         : 8 / 8
Failed                         : 0
Average Reasoning Latency      : 0.65 ms
Overall Accuracy               : 100.0%
======================================================================

(node:11108) ExperimentalWarning: `--experimental-loader` may be removed in the future; instead use `register()`:
--import 'data:text/javascript,import { register } from "node:module"; import { pathToFileURL } from "node:url"; register("file%3A///D%3A/StudentHub-CodexRuns/FULL_REPAIR_20261001/candidate/frontend/tests/foundation/ts-extension-loader.mjs", pathToFileURL("./"));'
(Use `node --trace-warnings ...` to show where the warning was created)
======================================================================
🧪 MULTI-HEAD MULTI-LABEL NEURAL TRUST ENGINE TEST SUITE
======================================================================
✅ [PASS] 1. NCKH Lab Project Advance Deposit (User Prompt)
   Verdict: SCAM (100.0%) | Stage: STAGE_6_PAYMENT_EXTRACTION
   Scam Types: ["SENIOR_STUDENT_HALO_IMPERSONATION","UNIVERSITY_FACULTY_IMPERSONATION","ACADEMIC_LAB_PROJECT_DEPOSIT_FRAUD"]
   Tactics: ["GREED","AUTHORITY","TRUST_EXPLOITATION","SCARCITY","FLATTERY_PRESTIGE","EXCLUSIVITY"] | Actions: ["TRANSFER_MONEY"]
   Latency: 4.61ms

✅ [PASS] 2. Fake Police Legal Coercion with Secrecy Demand
   Verdict: SCAM (100.0%) | Stage: STAGE_6_PAYMENT_EXTRACTION
   Scam Types: ["BANK_FINANCIAL_IMPERSONATION","POLICE_LEGAL_IMPERSONATION"]
   Tactics: ["FEAR","URGENCY","PANIC","LOSS_AVERSION","ISOLATION","CONFUSION_OVERLOAD","AUTHORITY"] | Actions: ["TRANSFER_MONEY","SECRECY_ISOLATION"]
   Latency: 1.56ms

✅ [PASS] 3. Bank Phishing Combosquatting Domain with OTP & Face ID
   Verdict: SCAM (100.0%) | Stage: STAGE_5_CREDENTIAL_EXTRACTION
   Scam Types: ["COMBOSQUAT_DECEPTIVE_DOMAIN","BANK_FINANCIAL_IMPERSONATION","OTP_CREDENTIAL_PHISHING","ACCOUNT_TAKEOVER_BIOMETRICS"]
   Tactics: ["FEAR","URGENCY","AUTHORITY","LOSS_AVERSION","PANIC"] | Actions: ["CLICK_LINK","OTP","PASSWORD"]
   Latency: 1.35ms

✅ [PASS] 4. Fake Online CTV Part-Time Job with Shopee Order Task
   Verdict: SCAM (100.0%) | Stage: STAGE_6_PAYMENT_EXTRACTION
   Scam Types: ["ECOMMERCE_DELIVERY_IMPERSONATION","EMPLOYER_HR_IMPERSONATION","FAKE_PARTTIME_JOB_TASK"]
   Tactics: ["GREED","FOMO","RECIPROCITY","SCARCITY"] | Actions: ["TRANSFER_MONEY"]
   Latency: 1.47ms

✅ [PASS] 5. Hard Negative — Official Bank Warning (Never Demands OTP)
   Verdict: LEGITIMATE (100.0%) | Stage: STAGE_1_CONTACT
   Scam Types: ["AUTHENTIC_ACADEMIC_GOV","HARD_NEGATIVE_BANK_WARNING"]
   Tactics: [] | Actions: []
   Latency: 1.45ms

✅ [PASS] 6. Hard Negative — Academic Assignment on Information Security & 2FA
   Verdict: LEGITIMATE (100.0%) | Stage: STAGE_1_CONTACT
   Scam Types: ["AUTHENTIC_ACADEMIC_GOV","HARD_NEGATIVE_ACADEMIC_ASSIGNMENT"]
   Tactics: [] | Actions: []
   Latency: 1.34ms

======================================================================
🎯 MULTI-HEAD TEST SUMMARY: 6/6 Passed (100.0%)
======================================================================
(node:26208) ExperimentalWarning: `--experimental-loader` may be removed in the future; instead use `register()`:
--import 'data:text/javascript,import { register } from "node:module"; import { pathToFileURL } from "node:url"; register("file%3A///D%3A/StudentHub-CodexRuns/FULL_REPAIR_20261001/candidate/frontend/tests/foundation/ts-extension-loader.mjs", pathToFileURL("./"));'
(Use `node --trace-warnings ...` to show where the warning was created)
✔ only canonical navigation is executable; removed and encoded routes rejected (0.7945ms)
✔ public and account commands share navigation source and respect authentication (0.6516ms)
✔ canonical search rejects mismatched query and does not invent Trust or Expert DTOs (0.3759ms)
✔ public projection excludes restricted or removed rows even if they match (0.155ms)
✔ social and contribution identities remain distinct and sources retain their parent (0.3653ms)
✔ owned Trust requires exact object and owner, never infers conclusion (0.1795ms)
✔ Expert uses actual scopes; public reputation fields never enter result model (0.3532ms)
✔ fixture markers are rejected at envelopes, nested rows, provenance and AI boundaries (0.1996ms)
✔ generation order A B response B response A keeps only current B (0.1272ms)
✔ AI payload contains only explicit bounded query and optional known topic, no record fields (0.7074ms)
✔ HTTP-success provider failure is unavailable; unknown/partial AI never becomes completed (0.1422ms)
✔ AI links reject active content, credentials, secret queries and local destinations (0.2811ms)
ℹ tests 12
ℹ suites 0
ℹ pass 12
ℹ fail 0
ℹ cancelled 0
ℹ skipped 0
ℹ todo 0
ℹ duration_ms 8.9696
(node:34372) ExperimentalWarning: `--experimental-loader` may be removed in the future; instead use `register()`:
--import 'data:text/javascript,import { register } from "node:module"; import { pathToFileURL } from "node:url"; register("file%3A///D%3A/StudentHub-CodexRuns/FULL_REPAIR_20261001/candidate/frontend/tests/foundation/ts-extension-loader.mjs", pathToFileURL("./"));'
(Use `node --trace-warnings ...` to show where the warning was created)
﹣ PHASE 5 LIVE GATE: Evidence Passport hash integrity, tamper detection, and deterministic TrustGraph (0.4245ms) # DISPOSABLE_DB_BLOCKED_BY_LOCAL_ENV
ℹ tests 1
ℹ suites 0
ℹ pass 0
ℹ fail 0
ℹ cancelled 0
ℹ skipped 1
ℹ todo 0
ℹ duration_ms 4.2917
(node:34888) ExperimentalWarning: `--experimental-loader` may be removed in the future; instead use `register()`:
--import 'data:text/javascript,import { register } from "node:module"; import { pathToFileURL } from "node:url"; register("file%3A///D%3A/StudentHub-CodexRuns/FULL_REPAIR_20261001/candidate/frontend/tests/foundation/ts-extension-loader.mjs", pathToFileURL("./"));'
(Use `node --trace-warnings ...` to show where the warning was created)
﹣ TrustCasePassportBinder: Creates durable Passport bound to Trust Case for authenticated owner (0.5449ms) # DISPOSABLE_DB_BLOCKED_BY_LOCAL_ENV
ℹ tests 1
ℹ suites 0
ℹ pass 0
ℹ fail 0
ℹ cancelled 0
ℹ skipped 1
ℹ todo 0
ℹ duration_ms 3.9122
(node:27360) ExperimentalWarning: `--experimental-loader` may be removed in the future; instead use `register()`:
--import 'data:text/javascript,import { register } from "node:module"; import { pathToFileURL } from "node:url"; register("file%3A///D%3A/StudentHub-CodexRuns/FULL_REPAIR_20261001/candidate/frontend/tests/foundation/ts-extension-loader.mjs", pathToFileURL("./"));'
(Use `node --trace-warnings ...` to show where the warning was created)
✔ canonical v1 APIs expose honest public contracts and fail closed for personal data (21252.8351ms)
ℹ tests 1
ℹ suites 0
ℹ pass 1
ℹ fail 0
ℹ cancelled 0
ℹ skipped 0
ℹ todo 0
ℹ duration_ms 21261.144
(node:29044) ExperimentalWarning: `--experimental-loader` may be removed in the future; instead use `register()`:
--import 'data:text/javascript,import { register } from "node:module"; import { pathToFileURL } from "node:url"; register("file%3A///D%3A/StudentHub-CodexRuns/FULL_REPAIR_20261001/candidate/frontend/tests/foundation/ts-extension-loader.mjs", pathToFileURL("./"));'
(Use `node --trace-warnings ...` to show where the warning was created)
✔ canonical v1 product façades expose versioned, Security Fabric-wrapped contracts (4.6769ms)
✔ removed Dashboard v1 route stays retired (0.3241ms)
✔ Community does not convert durable database failures into a generic 500 or demo result (0.3984ms)
✔ canonical Trust screens inputs server-side and returns authoritative pipeline layers (0.3965ms)
ℹ tests 4
ℹ suites 0
ℹ pass 4
ℹ fail 0
ℹ cancelled 0
ℹ skipped 0
ℹ todo 0
ℹ duration_ms 9.925
(node:37148) ExperimentalWarning: `--experimental-loader` may be removed in the future; instead use `register()`:
--import 'data:text/javascript,import { register } from "node:module"; import { pathToFileURL } from "node:url"; register("file%3A///D%3A/StudentHub-CodexRuns/FULL_REPAIR_20261001/candidate/frontend/tests/foundation/ts-extension-loader.mjs", pathToFileURL("./"));'
(Use `node --trace-warnings ...` to show where the warning was created)
✔ operator demo identity inventories remain local-only and out of production source (0.8848ms)
✔ Trust-to-Expert handoff carries the persisted case revision and exact scope (5.1873ms)
✔ Trust AI has structured citation and revision provenance; Omni chat remains text-contract bound (0.9182ms)
ℹ tests 3
ℹ suites 0
ℹ pass 3
ℹ fail 0
ℹ cancelled 0
ℹ skipped 0
ℹ todo 0
ℹ duration_ms 11.7228
(node:23620) ExperimentalWarning: `--experimental-loader` may be removed in the future; instead use `register()`:
--import 'data:text/javascript,import { register } from "node:module"; import { pathToFileURL } from "node:url"; register("file%3A///D%3A/StudentHub-CodexRuns/FULL_REPAIR_20261001/candidate/frontend/tests/foundation/ts-extension-loader.mjs", pathToFileURL("./"));'
(Use `node --trace-warnings ...` to show where the warning was created)
✔ Omni returns working Expert results and safe partial diagnostics when Community fails (17.4019ms)
✔ Omni preserves Community results when Expert fails, and reports 503 only when both fail (2.0499ms)
✔ Successful empty search is COMPLETE; short query never reaches storage (1.283ms)
✔ Profile includes both owner-scoped Community sources, preserves healthy source on failure (1.8698ms)
✔ Profile distinguishes no activity from failed reads for all three cores (1.6573ms)
✔ Next async route params reach owner-bound Trust read and preserve cross-owner denial (1.7195ms)
ℹ tests 6
ℹ suites 0
ℹ pass 6
ℹ fail 0
ℹ cancelled 0
ℹ skipped 0
ℹ todo 0
ℹ duration_ms 29.9777
(node:29196) ExperimentalWarning: `--experimental-loader` may be removed in the future; instead use `register()`:
--import 'data:text/javascript,import { register } from "node:module"; import { pathToFileURL } from "node:url"; register("file%3A///D%3A/StudentHub-CodexRuns/FULL_REPAIR_20261001/candidate/frontend/tests/foundation/ts-extension-loader.mjs", pathToFileURL("./"));'
(Use `node --trace-warnings ...` to show where the warning was created)
✔ discovered test process cannot recover local database or provider credentials (3.7204ms)
ℹ tests 1
ℹ suites 0
ℹ pass 1
ℹ fail 0
ℹ cancelled 0
ℹ skipped 0
ℹ todo 0
ℹ duration_ms 6.8562
(node:35520) ExperimentalWarning: `--experimental-loader` may be removed in the future; instead use `register()`:
--import 'data:text/javascript,import { register } from "node:module"; import { pathToFileURL } from "node:url"; register("file%3A///D%3A/StudentHub-CodexRuns/FULL_REPAIR_20261001/candidate/frontend/tests/foundation/ts-extension-loader.mjs", pathToFileURL("./"));'
(Use `node --trace-warnings ...` to show where the warning was created)
✔ The Margin is a shared production primitive, not a copied prototype (2.2786ms)
✔ Dashboard exposes source state instead of claiming fixture data is live (0.3505ms)
ℹ tests 2
ℹ suites 0
ℹ pass 2
ℹ fail 0
ℹ cancelled 0
ℹ skipped 0
ℹ todo 0
ℹ duration_ms 6.0275
(node:22336) ExperimentalWarning: `--experimental-loader` may be removed in the future; instead use `register()`:
--import 'data:text/javascript,import { register } from "node:module"; import { pathToFileURL } from "node:url"; register("file%3A///D%3A/StudentHub-CodexRuns/FULL_REPAIR_20261001/candidate/frontend/tests/foundation/ts-extension-loader.mjs", pathToFileURL("./"));'
(Use `node --trace-warnings ...` to show where the warning was created)
✔ P0 runtime routes enforce auth and never regress to handler 500s (10064.7226ms)
ℹ tests 1
ℹ suites 0
ℹ pass 1
ℹ fail 0
ℹ cancelled 0
ℹ skipped 0
ℹ todo 0
ℹ duration_ms 15063.0558
(node:34508) ExperimentalWarning: `--experimental-loader` may be removed in the future; instead use `register()`:
--import 'data:text/javascript,import { register } from "node:module"; import { pathToFileURL } from "node:url"; register("file%3A///D%3A/StudentHub-CodexRuns/FULL_REPAIR_20261001/candidate/frontend/tests/foundation/ts-extension-loader.mjs", pathToFileURL("./"));'
(Use `node --trace-warnings ...` to show where the warning was created)
✔ v4 registry lists all six removed features with honest route disposition (1.8304ms)
✔ removed page routes call Next notFound instead of rendering feature pages (1.4449ms)
✔ retired API surfaces return body-agnostic no-store 404 responses (0.9345ms)
✔ canonical navigation and Omni source contain no removed feature routes (14.433ms)
✔ active landing copy does not present fabricated verdicts or live product data (1.8164ms)
✔ shared realtime keeps active channels and drops removed academic shell channels (0.6508ms)
✔ legacy aliases have explicit retained, replacement, removed, or unknown decisions (0.3476ms)
ℹ tests 7
ℹ suites 0
ℹ pass 7
ℹ fail 0
ℹ cancelled 0
ℹ skipped 0
ℹ todo 0
ℹ duration_ms 26.0524
(node:29148) ExperimentalWarning: `--experimental-loader` may be removed in the future; instead use `register()`:
--import 'data:text/javascript,import { register } from "node:module"; import { pathToFileURL } from "node:url"; register("file%3A///D%3A/StudentHub-CodexRuns/FULL_REPAIR_20261001/candidate/frontend/tests/foundation/ts-extension-loader.mjs", pathToFileURL("./"));'
(Use `node --trace-warnings ...` to show where the warning was created)
✔ every API route exposes at least one explicit HTTP handler (24.6071ms)
✔ API route source does not contain obvious browser-only globals (21.1124ms)
ℹ tests 2
ℹ suites 0
ℹ pass 2
ℹ fail 0
ℹ cancelled 0
ℹ skipped 0
ℹ todo 0
ℹ duration_ms 49.5731
(node:32676) ExperimentalWarning: `--experimental-loader` may be removed in the future; instead use `register()`:
--import 'data:text/javascript,import { register } from "node:module"; import { pathToFileURL } from "node:url"; register("file%3A///D%3A/StudentHub-CodexRuns/FULL_REPAIR_20261001/candidate/frontend/tests/foundation/ts-extension-loader.mjs", pathToFileURL("./"));'
(Use `node --trace-warnings ...` to show where the warning was created)
▶ Repository test runner contract
  ✔ isolates nested Next servers from a developer's active .next lock (0.5045ms)
  ✔ allows full-web browser artifacts to use a dedicated volume (0.5438ms)
  ✔ does not forward credential aliases or reload .env.local in a child (151.6021ms)
  ✔ honors an npm-style relative test path and reports an exact selected count (284.5224ms)
  ✔ fails explicitly when a requested test path does not exist (78.2893ms)
  ✔ reports and skips only an explicitly classified removed-feature test (79.6595ms)
✔ Repository test runner contract (595.9813ms)
ℹ tests 6
ℹ suites 1
ℹ pass 6
ℹ fail 0
ℹ cancelled 0
ℹ skipped 0
ℹ todo 0
ℹ duration_ms 600.7174
(node:12816) ExperimentalWarning: `--experimental-loader` may be removed in the future; instead use `register()`:
--import 'data:text/javascript,import { register } from "node:module"; import { pathToFileURL } from "node:url"; register("file%3A///D%3A/StudentHub-CodexRuns/FULL_REPAIR_20261001/candidate/frontend/tests/foundation/ts-extension-loader.mjs", pathToFileURL("./"));'
(Use `node --trace-warnings ...` to show where the warning was created)

============================================================
🔒 RUNNING HISTORICAL PRIVACY VALIDATION V1 (N=407 SAMPLES)
============================================================

📊 OVERALL METRICS:
  Samples Evaluated      : 407
  True Positives (TP)    : 360
  True Negatives (TN)    : 47
  False Positives (FP)   : 0
  False Negatives (FN)   : 0
  Overall Recall         : 100.00% (Gate >= 97.0%)
  Overall Precision      : 100.00% (Gate >= 94.0%)
  Overall F1             : 100.00%
  Critical Leaks (CCCD/TK): 0 (Gate == 0)
  Post-Redaction Leaks   : 0

📈 MODALITY-SPECIFIC PERFORMANCE:
  - NOISY_SYNTHETIC  (N= 72): Recall=100.0%, Precision=100.0%, CriticalLeaks=0
  - OCR_IMAGE        (N= 26): Recall=100.0%, Precision=100.0%, CriticalLeaks=0
  - DOCUMENT         (N= 26): Recall=100.0%, Precision=100.0%, CriticalLeaks=0
  - TEXT             (N= 79): Recall=100.0%, Precision=100.0%, CriticalLeaks=0
  - METADATA         (N= 29): Recall=100.0%, Precision=100.0%, CriticalLeaks=0
  - CLEAN_SYNTHETIC  (N=150): Recall=100.0%, Precision=100.0%, CriticalLeaks=0
  - QR               (N= 25): Recall=100.0%, Precision=100.0%, CriticalLeaks=0

📌 PRIVACY VALIDATION STATUS: PRIVACY_VALIDATION_V1
============================================================

✔ HISTORICAL PRIVACY VALIDATION V1 (N=407 SAMPLES) (12.412ms)
ℹ tests 1
ℹ suites 0
ℹ pass 1
ℹ fail 0
ℹ cancelled 0
ℹ skipped 0
ℹ todo 0
ℹ duration_ms 16.0303
(node:22140) ExperimentalWarning: `--experimental-loader` may be removed in the future; instead use `register()`:
--import 'data:text/javascript,import { register } from "node:module"; import { pathToFileURL } from "node:url"; register("file%3A///D%3A/StudentHub-CodexRuns/FULL_REPAIR_20261001/candidate/frontend/tests/foundation/ts-extension-loader.mjs", pathToFileURL("./"));'
(Use `node --trace-warnings ...` to show where the warning was created)

============================================================
🔒 RUNNING PRIVACY VALIDATION V2 (N=420 SAMPLES)
============================================================

📊 1. OVERALL PRIVACY PERFORMANCE (N=420):
  Overall Recall    : 100.00% [Target >= 97.0%]
  Overall Precision : 100.00% [Target >= 94.0%]
  Overall F1 Score  : 100.00%
  Critical Leaks    : 0.00% [95% CI: 0.00% - 1.22%] [Target: 0 observed]

  Metamorphic Checks: 840 (failures=0)
  Full Pipeline Failures: 0

📑 2. MODALITY BREAKDOWN:
-------------------------------------------------------------------------
Modality         | TP  | FP | FN | TN | Recall  | Precision | Leaks
-------------------------------------------------------------------------
TEXT             |  60 |  0 |  0 |  0 | 100.0%   | 100.0%     | 0
OCR_IMAGE        |  60 |  0 |  0 |  0 | 100.0%   | 100.0%     | 0
DOCUMENT         |  60 |  0 |  0 |  0 | 100.0%   | 100.0%     | 0
QR               |  50 |  0 |  0 |  0 | 100.0%   | 100.0%     | 0
METADATA         |  40 |  0 |  0 |  0 | 100.0%   | 100.0%     | 0
NOISY_SYNTHETIC  |  70 |  0 |  0 |  0 | 100.0%   | 100.0%     | 0
CLEAN_SYNTHETIC  |  30 |  0 |  0 |  0 | 100.0%   | 100.0%     | 0
HARD_NEGATIVE    |   0 |  0 |  0 | 50 | 0.0%   | 0.0%     | 0
-------------------------------------------------------------------------

📌 GATES CHECK FOR PRIVACY VALIDATION V2:
  - Overall Recall >= 97.0%:     PASS (100.00%)
  - Overall Precision >= 94.0%:  PASS (100.00%)
  - Critical Leaks == 0:         PASS (0.00% [95% CI: 0.00% - 1.22%])
  - High-risk Modality >= 95.0%: PASS
  - Metamorphic invariants:      PASS
  - Full pipeline post-scan:     PASS

STATUS: PRIVACY_VALIDATION_V2_VERIFIED
============================================================

✔ PRIVACY VALIDATION V2 — PIPELINE + METAMORPHIC CHECKS (N=420 SAMPLES) (45.5809ms)
ℹ tests 1
ℹ suites 0
ℹ pass 1
ℹ fail 0
ℹ cancelled 0
ℹ skipped 0
ℹ todo 0
ℹ duration_ms 48.5782
(node:12856) ExperimentalWarning: `--experimental-loader` may be removed in the future; instead use `register()`:
--import 'data:text/javascript,import { register } from "node:module"; import { pathToFileURL } from "node:url"; register("file%3A///D%3A/StudentHub-CodexRuns/FULL_REPAIR_20261001/candidate/frontend/tests/foundation/ts-extension-loader.mjs", pathToFileURL("./"));'
(Use `node --trace-warnings ...` to show where the warning was created)

============================================================
📋 RUNNING PII BENCHMARK (N=1300 SAMPLES)
============================================================

📊 PER-CATEGORY PII PERFORMANCE:
----------------------------------------------------------------------
Category              | TP     | FP    | FN    | Recall   | Precision
----------------------------------------------------------------------
PHONE                 | 150    | 0     | 0     | 100.0%   | 100.0%
EMAIL                 | 150    | 0     | 0     | 100.0%   | 100.0%
STUDENT_ID            | 150    | 0     | 0     | 100.0%   | 100.0%
NATIONAL_ID           | 150    | 0     | 0     | 100.0%   | 100.0%
BANK_ACCOUNT          | 150    | 0     | 0     | 100.0%   | 100.0%
ADDRESS               | 150    | 0     | 0     | 100.0%   | 100.0%
QR                    | 100    | 0     | 0     | 100.0%   | 100.0%
LOCATION_METADATA     | 100    | 0     | 0     | 100.0%   | 100.0%
----------------------------------------------------------------------
OVERALL AGGREGATE     | 1100   | 0     | 0     | 100.0%   | 100.0%
======================================================================

🛡️ POST-REDACTION VERIFICATION:
  Pipelines Executed          : 1100
  Post-Redaction Pass Rate    : 100.00%
  Critical Tokens Leaked      : 0 (Target: 0)
======================================================================

🔒 VERIFYING STORAGE AUTHORIZATION MATRIX:
  Storage Authorization Matrix: 13/13 checks passed (100%)

📌 BENCHMARK STATUS: PRIVACY_PIPELINE_VERIFIED
✔ PII & PRIVACY BENCHMARK: 1,300 Controlled Samples Evaluation (51.072ms)
ℹ tests 1
ℹ suites 0
ℹ pass 1
ℹ fail 0
ℹ cancelled 0
ℹ skipped 0
ℹ todo 0
ℹ duration_ms 54.0116
(node:23996) ExperimentalWarning: `--experimental-loader` may be removed in the future; instead use `register()`:
--import 'data:text/javascript,import { register } from "node:module"; import { pathToFileURL } from "node:url"; register("file%3A///D%3A/StudentHub-CodexRuns/FULL_REPAIR_20261001/candidate/frontend/tests/foundation/ts-extension-loader.mjs", pathToFileURL("./"));'
(Use `node --trace-warnings ...` to show where the warning was created)
▶ external bundle integration contract
  ✔ isolates Ultra Experience to its dedicated route (1.0791ms)
  ✔ keeps secret and machine-state artifacts out of the repository (0.2811ms)
  ✔ documents every supplied artifact class and its safe disposition (6.8476ms)
✔ external bundle integration contract (8.8787ms)
ℹ tests 3
ℹ suites 1
ℹ pass 3
ℹ fail 0
ℹ cancelled 0
ℹ skipped 0
ℹ todo 0
ℹ duration_ms 12.778
(node:5384) ExperimentalWarning: `--experimental-loader` may be removed in the future; instead use `register()`:
--import 'data:text/javascript,import { register } from "node:module"; import { pathToFileURL } from "node:url"; register("file%3A///D%3A/StudentHub-CodexRuns/FULL_REPAIR_20261001/candidate/frontend/tests/foundation/ts-extension-loader.mjs", pathToFileURL("./"));'
(Use `node --trace-warnings ...` to show where the warning was created)
▶ Living Evidence Passport
  ✔ appends immutable material changes and preserves old and new results (1.5018ms)
  ✔ rejects demo evidence in a live passport and Community-only resolution (0.3461ms)
  ✔ allows user notes without granting them result-changing authority (0.1046ms)
  ✔ rejects out-of-order evidence events (0.129ms)
✔ Living Evidence Passport (2.6859ms)
▶ Student Decision Twin
  ✔ recommends from explicit deterministic factors and exposes every basis (0.1716ms)
  ✔ requires two options and refuses critical unknowns (0.1828ms)
✔ Student Decision Twin (0.4521ms)
▶ Competition superflows
  ✔ ships exactly three labeled deterministic flows with all cross-system outputs (0.2446ms)
✔ Competition superflows (0.3337ms)
ℹ tests 7
ℹ suites 3
ℹ pass 7
ℹ fail 0
ℹ cancelled 0
ℹ skipped 0
ℹ todo 0
ℹ duration_ms 7.2173
(node:31228) ExperimentalWarning: `--experimental-loader` may be removed in the future; instead use `register()`:
--import 'data:text/javascript,import { register } from "node:module"; import { pathToFileURL } from "node:url"; register("file%3A///D%3A/StudentHub-CodexRuns/FULL_REPAIR_20261001/candidate/frontend/tests/foundation/ts-extension-loader.mjs", pathToFileURL("./"));'
(Use `node --trace-warnings ...` to show where the warning was created)
▶ Hyper-Personalization & Academic Briefing Engine
  ✔ should create, track, and update user academic goals (3.2977ms)
  ✔ should compile comprehensive Academic Briefing with grounded recommendations and early warnings (7.6956ms)
✔ Hyper-Personalization & Academic Briefing Engine (11.6188ms)
ℹ tests 2
ℹ suites 1
ℹ pass 2
ℹ fail 0
ℹ cancelled 0
ℹ skipped 0
ℹ todo 0
ℹ duration_ms 14.8163
(node:34092) ExperimentalWarning: `--experimental-loader` may be removed in the future; instead use `register()`:
--import 'data:text/javascript,import { register } from "node:module"; import { pathToFileURL } from "node:url"; register("file%3A///D%3A/StudentHub-CodexRuns/FULL_REPAIR_20261001/candidate/frontend/tests/foundation/ts-extension-loader.mjs", pathToFileURL("./"));'
(Use `node --trace-warnings ...` to show where the warning was created)
▶ P1 State Durability & Restart Survival
  ✔ UserGoalEngine: Goal creation & progress updates must survive simulated restart (17.9676ms)
  ✔ EarlyWarningEngine: Emerging incident lifecycle must survive simulated restart (8.1459ms)
  ✔ AiMemoryGuard: Approved & Candidate memory records must survive simulated restart (8.611ms)
  ✔ DeviceSyncEngine: Registered devices & mutations must survive simulated restart (8.2339ms)
✔ P1 State Durability & Restart Survival (43.7272ms)
ℹ tests 4
ℹ suites 1
ℹ pass 4
ℹ fail 0
ℹ cancelled 0
ℹ skipped 0
ℹ todo 0
ℹ duration_ms 47.3781
(node:10996) ExperimentalWarning: `--experimental-loader` may be removed in the future; instead use `register()`:
--import 'data:text/javascript,import { register } from "node:module"; import { pathToFileURL } from "node:url"; register("file%3A///D%3A/StudentHub-CodexRuns/FULL_REPAIR_20261001/candidate/frontend/tests/foundation/ts-extension-loader.mjs", pathToFileURL("./"));'
(Use `node --trace-warnings ...` to show where the warning was created)
▶ Device Management & Cross-Device Sync Engine
  ✔ should register multiple devices and track active status (3.5512ms)
  ✔ should revoke a specific device and deny subsequent heartbeats (1.9955ms)
  ✔ should execute server-authoritative synchronization with conflict resolution (2.7076ms)
✔ Device Management & Cross-Device Sync Engine (8.9892ms)
ℹ tests 3
ℹ suites 1
ℹ pass 3
ℹ fail 0
ℹ cancelled 0
ℹ skipped 0
ℹ todo 0
ℹ duration_ms 13.1186
(node:36796) ExperimentalWarning: `--experimental-loader` may be removed in the future; instead use `register()`:
--import 'data:text/javascript,import { register } from "node:module"; import { pathToFileURL } from "node:url"; register("file%3A///D%3A/StudentHub-CodexRuns/FULL_REPAIR_20261001/candidate/frontend/tests/foundation/ts-extension-loader.mjs", pathToFileURL("./"));'
(Use `node --trace-warnings ...` to show where the warning was created)
▶ Personal Digital Twin & Data Vault Engine
  ✔ should construct authorized Digital Twin with explicit 5-tier data classifications (5.4609ms)
  ✔ should allow user to update personal goals, study preferences, and save knowledge (1.1047ms)
  ✔ should generate GDPR compliant personal data export (0.328ms)
✔ Personal Digital Twin & Data Vault Engine (7.5649ms)
ℹ tests 3
ℹ suites 1
ℹ pass 3
ℹ fail 0
ℹ cancelled 0
ℹ skipped 0
ℹ todo 0
ℹ duration_ms 10.878
(node:2316) ExperimentalWarning: `--experimental-loader` may be removed in the future; instead use `register()`:
--import 'data:text/javascript,import { register } from "node:module"; import { pathToFileURL } from "node:url"; register("file%3A///D%3A/StudentHub-CodexRuns/FULL_REPAIR_20261001/candidate/frontend/tests/foundation/ts-extension-loader.mjs", pathToFileURL("./"));'
(Use `node --trace-warnings ...` to show where the warning was created)
▶ Personalization & Context Engine
  ✔ should infer correct persona based on academic progress and role (1.3881ms)
  ✔ should compile explainable Command Center Context with Grounded Actions (5.4232ms)
  ✔ should update and reset personalization settings safely (0.1609ms)
✔ Personalization & Context Engine (7.678ms)
ℹ tests 3
ℹ suites 1
ℹ pass 3
ℹ fail 0
ℹ cancelled 0
ℹ skipped 0
ℹ todo 0
ℹ duration_ms 11.462
(node:28796) ExperimentalWarning: `--experimental-loader` may be removed in the future; instead use `register()`:
--import 'data:text/javascript,import { register } from "node:module"; import { pathToFileURL } from "node:url"; register("file%3A///D%3A/StudentHub-CodexRuns/FULL_REPAIR_20261001/candidate/frontend/tests/foundation/ts-extension-loader.mjs", pathToFileURL("./"));'
(Use `node --trace-warnings ...` to show where the warning was created)
▶ Product Reconstruction & Personal Digital Twin E2E
  ✔ should execute complete cross-device product lifecycle with personalization and security (9.2365ms)
✔ Product Reconstruction & Personal Digital Twin E2E (9.7919ms)
ℹ tests 1
ℹ suites 1
ℹ pass 1
ℹ fail 0
ℹ cancelled 0
ℹ skipped 0
ℹ todo 0
ℹ duration_ms 13.658
(node:33540) ExperimentalWarning: `--experimental-loader` may be removed in the future; instead use `register()`:
--import 'data:text/javascript,import { register } from "node:module"; import { pathToFileURL } from "node:url"; register("file%3A///D%3A/StudentHub-CodexRuns/FULL_REPAIR_20261001/candidate/frontend/tests/foundation/ts-extension-loader.mjs", pathToFileURL("./"));'
(Use `node --trace-warnings ...` to show where the warning was created)
▶ PROVIP Master Reconstruction — Closed-Loop E2E
  ✔ should execute complete closed-loop from social ingest to AI safety, official fusion and personalized briefing (15.7092ms)
✔ PROVIP Master Reconstruction — Closed-Loop E2E (16.2818ms)
ℹ tests 1
ℹ suites 1
ℹ pass 1
ℹ fail 0
ℹ cancelled 0
ℹ skipped 0
ℹ todo 0
ℹ duration_ms 20.2354
(node:3000) ExperimentalWarning: `--experimental-loader` may be removed in the future; instead use `register()`:
--import 'data:text/javascript,import { register } from "node:module"; import { pathToFileURL } from "node:url"; register("file%3A///D%3A/StudentHub-CodexRuns/FULL_REPAIR_20261001/candidate/frontend/tests/foundation/ts-extension-loader.mjs", pathToFileURL("./"));'
(Use `node --trace-warnings ...` to show where the warning was created)
▶ StudentHub OS — 4 Invariant Vertical Slices
  ✔ Vertical Slice 1: Operational Incident Detection to Grounded AI Advisory Action (13.119ms)
  ✔ Vertical Slice 2: Expert Discovery with Scope Verification and PII Stripping (4.0314ms)
  ✔ Vertical Slice 3: Academic Profile 360 & Prerequisite Verification (3.7186ms)
  ✔ Vertical Slice 4: Evidence Fusion with Statutory Priority vs Operational Nuance (2.0769ms)
✔ StudentHub OS — 4 Invariant Vertical Slices (23.8555ms)
ℹ tests 4
ℹ suites 1
ℹ pass 4
ℹ fail 0
ℹ cancelled 0
ℹ skipped 0
ℹ todo 0
ℹ duration_ms 27.4905
(node:21600) ExperimentalWarning: `--experimental-loader` may be removed in the future; instead use `register()`:
--import 'data:text/javascript,import { register } from "node:module"; import { pathToFileURL } from "node:url"; register("file%3A///D%3A/StudentHub-CodexRuns/FULL_REPAIR_20261001/candidate/frontend/tests/foundation/ts-extension-loader.mjs", pathToFileURL("./"));'
(Use `node --trace-warnings ...` to show where the warning was created)
✔ Expert Profile Authorization: Modification of server-owned authority fields is DENIED (1.3606ms)
✔ Expert Profile Authorization: Unknown fields are rejected (0.184ms)
✔ Expert Profile Authorization: Anonymous expert profile access fails with authentication error (0.2845ms)
ℹ tests 3
ℹ suites 0
ℹ pass 3
ℹ fail 0
ℹ cancelled 0
ℹ skipped 0
ℹ todo 0
ℹ duration_ms 5.5014
(node:33700) ExperimentalWarning: `--experimental-loader` may be removed in the future; instead use `register()`:
--import 'data:text/javascript,import { register } from "node:module"; import { pathToFileURL } from "node:url"; register("file%3A///D%3A/StudentHub-CodexRuns/FULL_REPAIR_20261001/candidate/frontend/tests/foundation/ts-extension-loader.mjs", pathToFileURL("./"));'
(Use `node --trace-warnings ...` to show where the warning was created)
﹣ Expert Reputation Projection: Structure conforms to ExpertProfileViewDTO and policy boundaries (0.3977ms) # DISPOSABLE_DB_BLOCKED_BY_LOCAL_ENV
ℹ tests 1
ℹ suites 0
ℹ pass 0
ℹ fail 0
ℹ cancelled 0
ℹ skipped 1
ℹ todo 0
ℹ duration_ms 3.828
(node:30184) ExperimentalWarning: `--experimental-loader` may be removed in the future; instead use `register()`:
--import 'data:text/javascript,import { register } from "node:module"; import { pathToFileURL } from "node:url"; register("file%3A///D%3A/StudentHub-CodexRuns/FULL_REPAIR_20261001/candidate/frontend/tests/foundation/ts-extension-loader.mjs", pathToFileURL("./"));'
(Use `node --trace-warnings ...` to show where the warning was created)
﹣ Profile Activity Projection: UserProfileView structure adheres to DTO contract (0.4017ms) # DISPOSABLE_DB_BLOCKED_BY_LOCAL_ENV
ℹ tests 1
ℹ suites 0
ℹ pass 0
ℹ fail 0
ℹ cancelled 0
ℹ skipped 1
ℹ todo 0
ℹ duration_ms 3.3748
(node:32288) ExperimentalWarning: `--experimental-loader` may be removed in the future; instead use `register()`:
--import 'data:text/javascript,import { register } from "node:module"; import { pathToFileURL } from "node:url"; register("file%3A///D%3A/StudentHub-CodexRuns/FULL_REPAIR_20261001/candidate/frontend/tests/foundation/ts-extension-loader.mjs", pathToFileURL("./"));'
(Use `node --trace-warnings ...` to show where the warning was created)
✔ User Profile UI calls the Owner /api/users/me contract and only edits FullName/AvatarUrl (1.118ms)
✔ Expert Profile uses a separate read/write contract and keeps authority fields read-only (0.6222ms)
ℹ tests 2
ℹ suites 0
ℹ pass 2
ℹ fail 0
ℹ cancelled 0
ℹ skipped 0
ℹ todo 0
ℹ duration_ms 6.1324
(node:4392) ExperimentalWarning: `--experimental-loader` may be removed in the future; instead use `register()`:
--import 'data:text/javascript,import { register } from "node:module"; import { pathToFileURL } from "node:url"; register("file%3A///D%3A/StudentHub-CodexRuns/FULL_REPAIR_20261001/candidate/frontend/tests/foundation/ts-extension-loader.mjs", pathToFileURL("./"));'
(Use `node --trace-warnings ...` to show where the warning was created)
✔ No Friend Backend Contract: Profile routes and services contain ZERO calls to friend backend (9.3011ms)
✔ No Friend Backend Contract: Canonical Identity Authority is strictly Owner Supabase Auth (0.5665ms)
ℹ tests 2
ℹ suites 0
ℹ pass 2
ℹ fail 0
ℹ cancelled 0
ℹ skipped 0
ℹ todo 0
ℹ duration_ms 13.7865
(node:21288) ExperimentalWarning: `--experimental-loader` may be removed in the future; instead use `register()`:
--import 'data:text/javascript,import { register } from "node:module"; import { pathToFileURL } from "node:url"; register("file%3A///D%3A/StudentHub-CodexRuns/FULL_REPAIR_20261001/candidate/frontend/tests/foundation/ts-extension-loader.mjs", pathToFileURL("./"));'
(Use `node --trace-warnings ...` to show where the warning was created)
✔ Profile Performance Contract: Route media policy strictly forbids video for profile routes (0.5326ms)
✔ Profile Performance Contract: User Profile source code has 0 <video> elements (0.5086ms)
✔ Profile Performance Contract: Expert Profile source code has 0 <video> elements (0.5388ms)
✔ Profile Performance Contract: Lightweight skeleton loaders are used instead of blocking spinners (1.219ms)
ℹ tests 4
ℹ suites 0
ℹ pass 4
ℹ fail 0
ℹ cancelled 0
ℹ skipped 0
ℹ todo 0
ℹ duration_ms 6.8965
(node:2376) ExperimentalWarning: `--experimental-loader` may be removed in the future; instead use `register()`:
--import 'data:text/javascript,import { register } from "node:module"; import { pathToFileURL } from "node:url"; register("file%3A///D%3A/StudentHub-CodexRuns/FULL_REPAIR_20261001/candidate/frontend/tests/foundation/ts-extension-loader.mjs", pathToFileURL("./"));'
(Use `node --trace-warnings ...` to show where the warning was created)
✔ Profile Role Routing: Active Expert is redirected from /profile to /expert/profile (0.7806ms)
✔ Profile Role Routing: UnifiedAppShell routes Active Expert to /expert/profile and Student to /profile (0.3173ms)
✔ Profile Role Routing: Routing authority is server-controlled (no localStorage/query override) (0.5486ms)
✔ Profile Role Routing: EXPERT_LIFECYCLE_STATE maps accurately to canonical states (0.1308ms)
ℹ tests 4
ℹ suites 0
ℹ pass 4
ℹ fail 0
ℹ cancelled 0
ℹ skipped 0
ℹ todo 0
ℹ duration_ms 6.4581
(node:34040) ExperimentalWarning: `--experimental-loader` may be removed in the future; instead use `register()`:
--import 'data:text/javascript,import { register } from "node:module"; import { pathToFileURL } from "node:url"; register("file%3A///D%3A/StudentHub-CodexRuns/FULL_REPAIR_20261001/candidate/frontend/tests/foundation/ts-extension-loader.mjs", pathToFileURL("./"));'
(Use `node --trace-warnings ...` to show where the warning was created)
✔ User Profile Authorization: Safe presentation updates succeed (0.4792ms)
✔ User Profile Authorization: Mutation of server-owned fields is DENIED (0.7114ms)
✔ User Profile Authorization: Unknown fields outside allowlist are rejected (0.146ms)
✔ User Profile Authorization: Anonymous access is DENIED with 401 (0.2051ms)
ℹ tests 4
ℹ suites 0
ℹ pass 4
ℹ fail 0
ℹ cancelled 0
ℹ skipped 0
ℹ todo 0
ℹ duration_ms 5.0469
(node:16208) ExperimentalWarning: `--experimental-loader` may be removed in the future; instead use `register()`:
--import 'data:text/javascript,import { register } from "node:module"; import { pathToFileURL } from "node:url"; register("file%3A///D%3A/StudentHub-CodexRuns/FULL_REPAIR_20261001/candidate/frontend/tests/foundation/ts-extension-loader.mjs", pathToFileURL("./"));'
(Use `node --trace-warnings ...` to show where the warning was created)
✔ PHASE 4 LIVE GATE: 5 Synthetic Verification Scenarios (7.3376ms)
ℹ tests 1
ℹ suites 0
ℹ pass 1
ℹ fail 0
ℹ cancelled 0
ℹ skipped 0
ℹ todo 0
ℹ duration_ms 10.2931
(node:30508) ExperimentalWarning: `--experimental-loader` may be removed in the future; instead use `register()`:
--import 'data:text/javascript,import { register } from "node:module"; import { pathToFileURL } from "node:url"; register("file%3A///D%3A/StudentHub-CodexRuns/FULL_REPAIR_20261001/candidate/frontend/tests/foundation/ts-extension-loader.mjs", pathToFileURL("./"));'
(Use `node --trace-warnings ...` to show where the warning was created)
✔ PHASE 3 GATE 1: Provider contract returns canonical DTO (2.0402ms)
✔ PHASE 3 GATE 2: Timeout handling produces degraded response without crashing (53.4795ms)
✔ PHASE 3 GATE 3: Cancellation via AbortSignal throws ProviderCancelledError (0.4886ms)
✔ PHASE 3 GATE 4: Retry bounds: Retries exactly maxRetries before failing over (310.5339ms)
✔ PHASE 3 GATE 5: Circuit breaker trips after threshold and fast-fails (0.2641ms)
✔ PHASE 3 GATE 6: Redaction sanitizes tokens, API keys, and sensitive headers (0.0981ms)
✔ PHASE 3 GATE 7: Native authority preserved on complete provider outage (0.2147ms)
ℹ tests 7
ℹ suites 0
ℹ pass 7
ℹ fail 0
ℹ cancelled 0
ℹ skipped 0
ℹ todo 0
ℹ duration_ms 370.1852
(node:31924) ExperimentalWarning: `--experimental-loader` may be removed in the future; instead use `register()`:
--import 'data:text/javascript,import { register } from "node:module"; import { pathToFileURL } from "node:url"; register("file%3A///D%3A/StudentHub-CodexRuns/FULL_REPAIR_20261001/candidate/frontend/tests/foundation/ts-extension-loader.mjs", pathToFileURL("./"));'
(Use `node --trace-warnings ...` to show where the warning was created)
✔ public API catalog exposes bounded sources, topics and model roles (1.134ms)
✔ PublicApiClient enforces allowlist, cache, DOI paths, rate limit and body limit (5.7408ms)
✔ OpenAlex authentication failures stay explicit and never expose response details (0.3078ms)
✔ OpenAlex cache separates anonymous and authenticated responses without keying on the secret (0.4687ms)
✔ OpenAlex API key uses a provider-scoped bearer header and is never placed in URLs (0.5051ms)
✔ OpenAlex adapter reads its server key from the environment without exposing it (0.5158ms)
✔ OpenAlex adapter accepts the existing OPEN_ALEX_KEY staging spelling (0.3536ms)
✔ OpenAlex and Crossref adapters normalize research metadata without authority promotion (1.6808ms)
✔ Open-Meteo and GDELT adapters return typed contextual/discovery records (1.5056ms)
✔ OfficialDiscoveryAdapter extracts only minimal link metadata and never stores raw HTML (1.553ms)
✔ PublicSourceHub keeps partial provider state explicit and official seeds soft (1.4225ms)
✔ PublicSourceHub geocodes place weather when coordinates are absent (0.4466ms)
✔ PublicSourceHub supports explicit official-page fetch without changing the soft authority boundary (0.9965ms)
✔ Public API institution discovery emits bounded entity metadata only (0.8059ms)
✔ Evidence discovery accepts official adapter candidates only as discovery-only ranked signals (12.3803ms)
✔ Evidence discovery wires public API institution metadata into the safe pool (9.1098ms)
✔ discovery entity match changes ordering without changing authority (0.2969ms)
ℹ tests 17
ℹ suites 0
ℹ pass 17
ℹ fail 0
ℹ cancelled 0
ℹ skipped 0
ℹ todo 0
ℹ duration_ms 43.8728
(node:32460) ExperimentalWarning: `--experimental-loader` may be removed in the future; instead use `register()`:
--import 'data:text/javascript,import { register } from "node:module"; import { pathToFileURL } from "node:url"; register("file%3A///D%3A/StudentHub-CodexRuns/FULL_REPAIR_20261001/candidate/frontend/tests/foundation/ts-extension-loader.mjs", pathToFileURL("./"));'
(Use `node --trace-warnings ...` to show where the warning was created)
✔ realtime event log migration is private, append-only, and sequence indexed (0.6321ms)
✔ durable normalization binds private events and hashes canonical payloads (1.8984ms)
✔ durable append deduplicates identical idempotency and rejects content conflicts (1.1706ms)
✔ event ids are immutable and subject-bound public events stay private (1.0149ms)
✔ replay uses a cursor and never returns another subject's private events (0.5141ms)
✔ separate repository instances observe one committed log and resume by cursor (0.3656ms)
ℹ tests 6
ℹ suites 0
ℹ pass 6
ℹ fail 0
ℹ cancelled 0
ℹ skipped 0
ℹ todo 0
ℹ duration_ms 9.4046
(node:9768) ExperimentalWarning: `--experimental-loader` may be removed in the future; instead use `register()`:
--import 'data:text/javascript,import { register } from "node:module"; import { pathToFileURL } from "node:url"; register("file%3A///D%3A/StudentHub-CodexRuns/FULL_REPAIR_20261001/candidate/frontend/tests/foundation/ts-extension-loader.mjs", pathToFileURL("./"));'
(Use `node --trace-warnings ...` to show where the warning was created)
✔ realtime transport emits only committed calls and scopes replay by channel (3.8073ms)
ℹ tests 1
ℹ suites 0
ℹ pass 1
ℹ fail 0
ℹ cancelled 0
ℹ skipped 0
ℹ todo 0
ℹ duration_ms 7.1036
(node:6456) ExperimentalWarning: `--experimental-loader` may be removed in the future; instead use `register()`:
--import 'data:text/javascript,import { register } from "node:module"; import { pathToFileURL } from "node:url"; register("file%3A///D%3A/StudentHub-CodexRuns/FULL_REPAIR_20261001/candidate/frontend/tests/foundation/ts-extension-loader.mjs", pathToFileURL("./"));'
(Use `node --trace-warnings ...` to show where the warning was created)
﹣ PHASE 7 LIVE GATE: Platform Resilience, Controlled Failure, and Recovery Matrix (0.4584ms) # DISPOSABLE_DB_BLOCKED_BY_LOCAL_ENV
ℹ tests 1
ℹ suites 0
ℹ pass 0
ℹ fail 0
ℹ cancelled 0
ℹ skipped 1
ℹ todo 0
ℹ duration_ms 3.7648
(node:34188) ExperimentalWarning: `--experimental-loader` may be removed in the future; instead use `register()`:
--import 'data:text/javascript,import { register } from "node:module"; import { pathToFileURL } from "node:url"; register("file%3A///D%3A/StudentHub-CodexRuns/FULL_REPAIR_20261001/candidate/frontend/tests/foundation/ts-extension-loader.mjs", pathToFileURL("./"));'
(Use `node --trace-warnings ...` to show where the warning was created)
✔ assigned expert access is explicit and does not weaken owner isolation (1.9951ms)
ℹ tests 1
ℹ suites 0
ℹ pass 1
ℹ fail 0
ℹ cancelled 0
ℹ skipped 0
ℹ todo 0
ℹ duration_ms 5.0608
(node:26316) ExperimentalWarning: `--experimental-loader` may be removed in the future; instead use `register()`:
--import 'data:text/javascript,import { register } from "node:module"; import { pathToFileURL } from "node:url"; register("file%3A///D%3A/StudentHub-CodexRuns/FULL_REPAIR_20261001/candidate/frontend/tests/foundation/ts-extension-loader.mjs", pathToFileURL("./"));'
(Use `node --trace-warnings ...` to show where the warning was created)
▶ PHASE 2 — OIDC/JWKS verification
  ✔ accepts a correctly signed token and rejects forged, expired, issuer, audience and subject failures (14.9308ms)
  ✔ accepts both old and rotated signing keys present in the refreshed JWKS (2.3229ms)
✔ PHASE 2 — OIDC/JWKS verification (18.165ms)
▶ PHASE 2 — durable opaque sessions
  ✔ survives service/repository reconstruction, rejects revocation, and never stores the raw secret (35.75ms)
  ✔ does not let possession of session A revoke session B (33.2405ms)
  ✔ sets an opaque HttpOnly SameSite cookie without returning it as metadata (5.973ms)
  ✔ rejects an expired application session (10.0144ms)
  ✔ provides a safe cookie clear response independently of persistence availability (0.2687ms)
  ✔ rejects replay of the same verified upstream proof even without jti (10.0676ms)
✔ PHASE 2 — durable opaque sessions (95.9068ms)
▶ PHASE 2 — CSRF and persistence contracts
  ✔ allows same-origin and rejects cross-origin cookie mutations (12.5162ms)
  ✔ forum repository contract survives reconstruction (6.0836ms)
✔ PHASE 2 — CSRF and persistence contracts (18.7828ms)
ℹ tests 10
ℹ suites 3
ℹ pass 10
ℹ fail 0
ℹ cancelled 0
ℹ skipped 0
ℹ todo 0
ℹ duration_ms 136.0557
(node:11220) ExperimentalWarning: `--experimental-loader` may be removed in the future; instead use `register()`:
--import 'data:text/javascript,import { register } from "node:module"; import { pathToFileURL } from "node:url"; register("file%3A///D%3A/StudentHub-CodexRuns/FULL_REPAIR_20261001/candidate/frontend/tests/foundation/ts-extension-loader.mjs", pathToFileURL("./"));'
(Use `node --trace-warnings ...` to show where the warning was created)

============================================================
🛡️ RUNNING HISTORICAL SECURITY VALIDATION V1 (50 ATTACK VECTORS)
============================================================

📊 EXPANDED RED-TEAM RESULTS: 50/50 Attacks Neutralized (100.0%)
   SSRF                     : 12/12
   CONTENT_XSS              : 10/10
   FILE_UPLOAD              : 8/8
   PROMPT_INJECTION         : 10/10
   AUTHORIZATION_BOLA       : 10/10
📌 STATUS: SECURITY_VALIDATION_V1
✔ HISTORICAL SECURITY VALIDATION V1: 50 Adversarial Attack Vectors (12.3459ms)
ℹ tests 1
ℹ suites 0
ℹ pass 1
ℹ fail 0
ℹ cancelled 0
ℹ skipped 0
ℹ todo 0
ℹ duration_ms 15.952
(node:28640) ExperimentalWarning: `--experimental-loader` may be removed in the future; instead use `register()`:
--import 'data:text/javascript,import { register } from "node:module"; import { pathToFileURL } from "node:url"; register("file%3A///D%3A/StudentHub-CodexRuns/FULL_REPAIR_20261001/candidate/frontend/tests/foundation/ts-extension-loader.mjs", pathToFileURL("./"));'
(Use `node --trace-warnings ...` to show where the warning was created)
✔ every durable Expert write route is authenticated and permission-gated (2.1411ms)
✔ durable Expert writes use the authenticated principal instead of a client actor (0.9996ms)
✔ the public Expert scope evaluator is explicitly non-persistent (0.3283ms)
ℹ tests 3
ℹ suites 0
ℹ pass 3
ℹ fail 0
ℹ cancelled 0
ℹ skipped 0
ℹ todo 0
ℹ duration_ms 7.8584
(node:32376) ExperimentalWarning: `--experimental-loader` may be removed in the future; instead use `register()`:
--import 'data:text/javascript,import { register } from "node:module"; import { pathToFileURL } from "node:url"; register("file%3A///D%3A/StudentHub-CodexRuns/FULL_REPAIR_20261001/candidate/frontend/tests/foundation/ts-extension-loader.mjs", pathToFileURL("./"));'
(Use `node --trace-warnings ...` to show where the warning was created)
▶ Final audit hardening boundaries
  ✔ rejects SSRF targets and unsafe URL forms before a network request (4.6171ms)
  ✔ returns a generic, correlated error contract without internal exception text (0.9361ms)
  ✔ fails closed on malformed credential cookies (13.6407ms)
  ✔ treats the server-owned cookie as authoritative over a conflicting bearer (0.6467ms)
  ✔ enforces owner isolation for persisted Trust evaluations (4.1198ms)
  ✔ labels observability telemetry as synthetic and non-authoritative (0.2363ms)
  ✔ keeps configured RSS connectors inside the outbound URL and body limits (5.2975ms)
✔ Final audit hardening boundaries (30.6934ms)
ℹ tests 7
ℹ suites 1
ℹ pass 7
ℹ fail 0
ℹ cancelled 0
ℹ skipped 0
ℹ todo 0
ℹ duration_ms 34.8199
(node:37152) ExperimentalWarning: `--experimental-loader` may be removed in the future; instead use `register()`:
--import 'data:text/javascript,import { register } from "node:module"; import { pathToFileURL } from "node:url"; register("file%3A///D%3A/StudentHub-CodexRuns/FULL_REPAIR_20261001/candidate/frontend/tests/foundation/ts-extension-loader.mjs", pathToFileURL("./"));'
(Use `node --trace-warnings ...` to show where the warning was created)

============================================================
🛡️ RUNNING SECURITY VALIDATION V2 (N=105 VECTORS)
============================================================

📊 1. OVERALL SECURITY PERFORMANCE (N=105):
  Total Attack Vectors : 105
  Neutralized Vectors  : 105
  Overall Block Rate   : 100.00% [Target >= 98.0%]
  Breach Count & CI    : 0/105 (0.00% [95% CI: 0.00% - 3.45%])

📑 2. CATEGORY BREAKDOWN:
-------------------------------------------------------------------------
Category                     | Total | Neutralized | Block Rate | Status
-------------------------------------------------------------------------
SSRF_URL_PARSING             |    25 |          25 | 100.0%     | PASS
PROMPT_INJECTION_PARAPHRASE  |    25 |          25 | 100.0%     | PASS
CONTENT_HTML_SVG             |    20 |          20 | 100.0%     | PASS
FILE_UPLOAD_INVARIANTS       |    20 |          20 | 100.0%     | PASS
AUTHORIZATION_BOLA           |    15 |          15 | 100.0%     | PASS
-------------------------------------------------------------------------

📌 GATES CHECK FOR SECURITY VALIDATION V2:
  - Overall Block Rate >= 98.0%: PASS (100.00%)
  - Critical Breaches == 0:      PASS (0.00% [95% CI: 0.00% - 3.45%])

STATUS: SECURITY_VALIDATION_V2_VERIFIED
============================================================

✔ SECURITY VALIDATION V2 — PRODUCTION BOUNDARIES (N=105 VECTORS) (29.0564ms)
ℹ tests 1
ℹ suites 0
ℹ pass 1
ℹ fail 0
ℹ cancelled 0
ℹ skipped 0
ℹ todo 0
ℹ duration_ms 31.972
(node:28092) ExperimentalWarning: `--experimental-loader` may be removed in the future; instead use `register()`:
--import 'data:text/javascript,import { register } from "node:module"; import { pathToFileURL } from "node:url"; register("file%3A///D%3A/StudentHub-CodexRuns/FULL_REPAIR_20261001/candidate/frontend/tests/foundation/ts-extension-loader.mjs", pathToFileURL("./"));'
(Use `node --trace-warnings ...` to show where the warning was created)

============================================================
🛡️ RUNNING SECURITY RED TEAM ATTACK SUITE (N=7)
============================================================

📊 RED TEAM DEFENSE METRICS:
  Attacks Attempted        : 7
  Attacks Neutralized      : 7/7 (100.0%)
  Secrets Exfiltrated      : 0 (Target: 0)
  Instructions Executed    : 0 (Target: 0)
============================================================

📌 RED TEAM STATUS: SECURITY_RED_TEAM_VERIFIED
✔ SECURITY RED TEAM: Malicious Source & Prompt Injection Attacks (5.4323ms)
ℹ tests 1
ℹ suites 0
ℹ pass 1
ℹ fail 0
ℹ cancelled 0
ℹ skipped 0
ℹ todo 0
ℹ duration_ms 9.1209
(node:3848) ExperimentalWarning: `--experimental-loader` may be removed in the future; instead use `register()`:
--import 'data:text/javascript,import { register } from "node:module"; import { pathToFileURL } from "node:url"; register("file%3A///D%3A/StudentHub-CodexRuns/FULL_REPAIR_20261001/candidate/frontend/tests/foundation/ts-extension-loader.mjs", pathToFileURL("./"));'
(Use `node --trace-warnings ...` to show where the warning was created)
✔ cookie identity source controls CSRF for cookie-only and mixed-auth mutations (20.1638ms)
✔ an invalid cookie remains authoritative and cannot fall back to Bearer (0.6506ms)
ℹ tests 2
ℹ suites 0
ℹ pass 2
ℹ fail 0
ℹ cancelled 0
ℹ skipped 0
ℹ todo 0
ℹ duration_ms 24.1426
(node:19452) ExperimentalWarning: `--experimental-loader` may be removed in the future; instead use `register()`:
--import 'data:text/javascript,import { register } from "node:module"; import { pathToFileURL } from "node:url"; register("file%3A///D%3A/StudentHub-CodexRuns/FULL_REPAIR_20261001/candidate/frontend/tests/foundation/ts-extension-loader.mjs", pathToFileURL("./"));'
(Use `node --trace-warnings ...` to show where the warning was created)
▶ P0 Security Regression — BOLA & PII Protection
  ✔ SEC-01 Test 1: Anonymous request to /api/academic/me/profile-360 must return 401 (17.2096ms)
  ✔ SEC-01 Test 2: Authenticated Student A requesting Student B (24110002) transcript must return 403 Forbidden (3.7141ms)
  ✔ SEC-01 Test 3: Authenticated Student A requesting /api/academic/me/profile-360 returns Student A's own profile (6.1639ms)
  ✔ SEC-01 Test 4: Anonymous request to /api/student/identity must return 401 (4.6486ms)
  ✔ SEC-01 Test 5: Authenticated Student A requesting Student B identity must return 403 (2.296ms)
  ✔ SEC-02 Test 1: GET /api/intelligence/experts/[expertId] must NEVER expose privateContact, phone, or CCCD (2.4579ms)
  ✔ SEC-02 Test 2: GET /api/intelligence/experts list must NEVER expose privateContact in any listed expert (2.073ms)
✔ P0 Security Regression — BOLA & PII Protection (40.1412ms)
ℹ tests 7
ℹ suites 1
ℹ pass 7
ℹ fail 0
ℹ cancelled 0
ℹ skipped 0
ℹ todo 0
ℹ duration_ms 44.953
(node:35788) ExperimentalWarning: `--experimental-loader` may be removed in the future; instead use `register()`:
--import 'data:text/javascript,import { register } from "node:module"; import { pathToFileURL } from "node:url"; register("file%3A///D%3A/StudentHub-CodexRuns/FULL_REPAIR_20261001/candidate/frontend/tests/foundation/ts-extension-loader.mjs", pathToFileURL("./"));'
(Use `node --trace-warnings ...` to show where the warning was created)
﹣ PHASE 6 LIVE GATE: Auth session lifecycle, revocation, cross-user denial, and private boundaries (0.403ms) # DISPOSABLE_DB_BLOCKED_BY_LOCAL_ENV
ℹ tests 1
ℹ suites 0
ℹ pass 0
ℹ fail 0
ℹ cancelled 0
ℹ skipped 1
ℹ todo 0
ℹ duration_ms 3.9946
(node:29764) ExperimentalWarning: `--experimental-loader` may be removed in the future; instead use `register()`:
--import 'data:text/javascript,import { register } from "node:module"; import { pathToFileURL } from "node:url"; register("file%3A///D%3A/StudentHub-CodexRuns/FULL_REPAIR_20261001/candidate/frontend/tests/foundation/ts-extension-loader.mjs", pathToFileURL("./"));'
(Use `node --trace-warnings ...` to show where the warning was created)
﹣ PostgresSessionRepository: Live durable session create, validate, update last_seen, and revoke in private.server_sessions (0.4027ms) # DISPOSABLE_DB_BLOCKED_BY_LOCAL_ENV
ℹ tests 1
ℹ suites 0
ℹ pass 0
ℹ fail 0
ℹ cancelled 0
ℹ skipped 1
ℹ todo 0
ℹ duration_ms 3.4801
(node:33064) ExperimentalWarning: `--experimental-loader` may be removed in the future; instead use `register()`:
--import 'data:text/javascript,import { register } from "node:module"; import { pathToFileURL } from "node:url"; register("file%3A///D%3A/StudentHub-CodexRuns/FULL_REPAIR_20261001/candidate/frontend/tests/foundation/ts-extension-loader.mjs", pathToFileURL("./"));'
(Use `node --trace-warnings ...` to show where the warning was created)
✔ safeExternalUrl only permits HTTP and HTTPS (1.009ms)
✔ safeInternalPath permits local routes without protocol-relative redirects (0.1072ms)
ℹ tests 2
ℹ suites 0
ℹ pass 2
ℹ fail 0
ℹ cancelled 0
ℹ skipped 0
ℹ todo 0
ℹ duration_ms 4.478
(node:18496) ExperimentalWarning: `--experimental-loader` may be removed in the future; instead use `register()`:
--import 'data:text/javascript,import { register } from "node:module"; import { pathToFileURL } from "node:url"; register("file%3A///D%3A/StudentHub-CodexRuns/FULL_REPAIR_20261001/candidate/frontend/tests/foundation/ts-extension-loader.mjs", pathToFileURL("./"));'
(Use `node --trace-warnings ...` to show where the warning was created)
✔ SECRET BOUNDARY: Production client bundle contains ZERO server secrets (52.4339ms)
ℹ tests 1
ℹ suites 0
ℹ pass 1
ℹ fail 0
ℹ cancelled 0
ℹ skipped 0
ℹ todo 0
ℹ duration_ms 55.8258
(node:26032) ExperimentalWarning: `--experimental-loader` may be removed in the future; instead use `register()`:
--import 'data:text/javascript,import { register } from "node:module"; import { pathToFileURL } from "node:url"; register("file%3A///D%3A/StudentHub-CodexRuns/FULL_REPAIR_20261001/candidate/frontend/tests/foundation/ts-extension-loader.mjs", pathToFileURL("./"));'
(Use `node --trace-warnings ...` to show where the warning was created)
▶ client secret leakage scanner
  ✔ detects server-only identifiers even when no secret value is configured (41.677ms)
  ✔ detects configured secret values without printing the value (40.7699ms)
✔ client secret leakage scanner (83.076ms)
ℹ tests 2
ℹ suites 1
ℹ pass 2
ℹ fail 0
ℹ cancelled 0
ℹ skipped 0
ℹ todo 0
ℹ duration_ms 86.6824
(node:26068) ExperimentalWarning: `--experimental-loader` may be removed in the future; instead use `register()`:
--import 'data:text/javascript,import { register } from "node:module"; import { pathToFileURL } from "node:url"; register("file%3A///D%3A/StudentHub-CodexRuns/FULL_REPAIR_20261001/candidate/frontend/tests/foundation/ts-extension-loader.mjs", pathToFileURL("./"));'
(Use `node --trace-warnings ...` to show where the warning was created)
▶ Secure identifier and correlation contracts
  ✔ generates unique bounded opaque IDs using the shared security utility (3.4364ms)
  ✔ preserves valid incoming correlation IDs and replaces hostile values (13.9869ms)
  ✔ contains no non-cryptographic random ID generator in authoritative ID paths (97.9641ms)
  ✔ does not treat scheduler jitter as an identifier source (0.3532ms)
✔ Secure identifier and correlation contracts (116.4224ms)
ℹ tests 4
ℹ suites 1
ℹ pass 4
ℹ fail 0
ℹ cancelled 0
ℹ skipped 0
ℹ todo 0
ℹ duration_ms 119.7435
(node:24996) ExperimentalWarning: `--experimental-loader` may be removed in the future; instead use `register()`:
--import 'data:text/javascript,import { register } from "node:module"; import { pathToFileURL } from "node:url"; register("file%3A///D%3A/StudentHub-CodexRuns/FULL_REPAIR_20261001/candidate/frontend/tests/foundation/ts-extension-loader.mjs", pathToFileURL("./"));'
(Use `node --trace-warnings ...` to show where the warning was created)
▶ Security Fabric — AI Agent Identity & Tool Firewall
  ✔ should create bounded delegated principal with scope intersection (1.5696ms)
  ✔ should execute allowlisted tool and apply data minimization to output (1.2521ms)
  ✔ should block AI agent from attempting cross-student data exfiltration (1.2331ms)
✔ Security Fabric — AI Agent Identity & Tool Firewall (4.6854ms)
ℹ tests 3
ℹ suites 1
ℹ pass 3
ℹ fail 0
ℹ cancelled 0
ℹ skipped 0
ℹ todo 0
ℹ duration_ms 8.8413
(node:34276) ExperimentalWarning: `--experimental-loader` may be removed in the future; instead use `register()`:
--import 'data:text/javascript,import { register } from "node:module"; import { pathToFileURL } from "node:url"; register("file%3A///D%3A/StudentHub-CodexRuns/FULL_REPAIR_20261001/candidate/frontend/tests/foundation/ts-extension-loader.mjs", pathToFileURL("./"));'
(Use `node --trace-warnings ...` to show where the warning was created)
▶ Security Fabric — 10 Mandatory Attack Vector Simulations
  ✔ Attack 1 — Student ID swap: Authenticated User A requests Resource B -> DENY (1.8609ms)
  ✔ Attack 2 — Role injection: Client sends role=ADMIN in body/unverified claim -> Server derives role from token (0.6723ms)
  ✔ Attack 3 — Permission injection: Student principal cannot execute admin operations even if permissions are claimed (0.2799ms)
  ✔ Attack 4 — Token audience confusion: Token minted for Service A presented to Service B -> DENY (0.329ms)
  ✔ Attack 5 — Expired capability: Capability token past TTL -> DENY (0.4163ms)
  ✔ Attack 6 — Capability substitution: capability(Resource A) used against Resource B -> DENY (0.2404ms)
  ✔ Attack 7 — Purpose violation: Purpose=ACADEMIC_PLANNING attempting action=EXPORT_TRANSCRIPT -> DENY (0.1581ms)
  ✔ Attack 8 — AI escalation: AI Agent asks for ADMIN capability or unallowlisted tool -> DENY (0.6054ms)
  ✔ Attack 9 — Prompt injection: 'Ignore all security policies' payload inside tool input -> BLOCKED (1.0117ms)
  ✔ Attack 10 — Replay attack: Same 1-time capability used twice -> 1st ALLOW, 2nd DENY (0.2971ms)
✔ Security Fabric — 10 Mandatory Attack Vector Simulations (6.7248ms)
ℹ tests 10
ℹ suites 1
ℹ pass 10
ℹ fail 0
ℹ cancelled 0
ℹ skipped 0
ℹ todo 0
ℹ duration_ms 10.391
(node:9544) ExperimentalWarning: `--experimental-loader` may be removed in the future; instead use `register()`:
--import 'data:text/javascript,import { register } from "node:module"; import { pathToFileURL } from "node:url"; register("file%3A///D%3A/StudentHub-CodexRuns/FULL_REPAIR_20261001/candidate/frontend/tests/foundation/ts-extension-loader.mjs", pathToFileURL("./"));'
(Use `node --trace-warnings ...` to show where the warning was created)
▶ Security Fabric — Master Gateway Integration
  ✔ should authorize valid authenticated request and inject security headers & correlation ID (19.493ms)
  ✔ should reject unauthenticated request when anonymous access is disabled (1.417ms)
  ✔ should execute the compatibility handler embedded in policy config (1.5733ms)
  ✔ should fail fast when a route is configured without a handler (0.5867ms)
  ✔ should trigger rate limiting 429 when max request quota is exceeded (2.671ms)
  ✔ should isolate rate-limit quotas between different route actions (2.2435ms)
  ✔ should reject an oversized declared request before executing the handler (1.3637ms)
  ✔ should return step-up challenge when high-assurance operation lacks AAL2 (1.656ms)
✔ Security Fabric — Master Gateway Integration (31.8198ms)
ℹ tests 8
ℹ suites 1
ℹ pass 8
ℹ fail 0
ℹ cancelled 0
ℹ skipped 0
ℹ todo 0
ℹ duration_ms 35.6117
(node:27004) ExperimentalWarning: `--experimental-loader` may be removed in the future; instead use `register()`:
--import 'data:text/javascript,import { register } from "node:module"; import { pathToFileURL } from "node:url"; register("file%3A///D%3A/StudentHub-CodexRuns/FULL_REPAIR_20261001/candidate/frontend/tests/foundation/ts-extension-loader.mjs", pathToFileURL("./"));'
(Use `node --trace-warnings ...` to show where the warning was created)
▶ Security Fabric — Token & Session Validation
  ▶ TokenValidator
    ✔ should issue and validate a well-formed JWT token (1.1571ms)
    ✔ should reject token with algorithm 'none' (0.6234ms)
    ✔ should reject token with wrong issuer (0.2722ms)
    ✔ should reject signed tokens missing mandatory issuer or expiration claims (0.302ms)
    ✔ should reject expired token (0.2348ms)
  ✔ TokenValidator (3.1504ms)
  ▶ SessionManager
    ✔ should create, validate, and track session activity (0.4701ms)
    ✔ should revoke session and reject subsequent requests (0.2584ms)
    ✔ should support global logout across all user sessions (0.2808ms)
    ✔ should elevate assurance level on step-up challenge completion (0.1627ms)
  ✔ SessionManager (1.3645ms)
✔ Security Fabric — Token & Session Validation (4.8031ms)
ℹ tests 9
ℹ suites 3
ℹ pass 9
ℹ fail 0
ℹ cancelled 0
ℹ skipped 0
ℹ todo 0
ℹ duration_ms 9.3612
(node:8544) ExperimentalWarning: `--experimental-loader` may be removed in the future; instead use `register()`:
--import 'data:text/javascript,import { register } from "node:module"; import { pathToFileURL } from "node:url"; register("file%3A///D%3A/StudentHub-CodexRuns/FULL_REPAIR_20261001/candidate/frontend/tests/foundation/ts-extension-loader.mjs", pathToFileURL("./"));'
(Use `node --trace-warnings ...` to show where the warning was created)
✔ database readiness exposes only bounded failure categories (0.5533ms)
✔ backend identity detects split Auth/SQL targets without exposing credentials (0.3268ms)
ℹ tests 2
ℹ suites 0
ℹ pass 2
ℹ fail 0
ℹ cancelled 0
ℹ skipped 0
ℹ todo 0
ℹ duration_ms 3.9735
(node:7996) ExperimentalWarning: `--experimental-loader` may be removed in the future; instead use `register()`:
--import 'data:text/javascript,import { register } from "node:module"; import { pathToFileURL } from "node:url"; register("file%3A///D%3A/StudentHub-CodexRuns/FULL_REPAIR_20261001/candidate/frontend/tests/foundation/ts-extension-loader.mjs", pathToFileURL("./"));'
(Use `node --trace-warnings ...` to show where the warning was created)
Supabase credentials missing, skipping live storage test
✔ STORAGE G5 E2E: Private Storage upload, signed URL, cross-user denial, and deletion (0.6127ms)
ℹ tests 1
ℹ suites 0
ℹ pass 1
ℹ fail 0
ℹ cancelled 0
ℹ skipped 0
ℹ todo 0
ℹ duration_ms 4.3146
(node:16592) ExperimentalWarning: `--experimental-loader` may be removed in the future; instead use `register()`:
--import 'data:text/javascript,import { register } from "node:module"; import { pathToFileURL } from "node:url"; register("file%3A///D%3A/StudentHub-CodexRuns/FULL_REPAIR_20261001/candidate/frontend/tests/foundation/ts-extension-loader.mjs", pathToFileURL("./"));'
(Use `node --trace-warnings ...` to show where the warning was created)
▶ Threat Intelligence Protocol 1: URLhaus Client & URL Normalization
  ✔ should normalize and canonicalize raw URL inputs (0.5664ms)
  ✔ should handle offline/timeout gracefully without throwing (259.2163ms)
✔ Threat Intelligence Protocol 1: URLhaus Client & URL Normalization (260.5631ms)
▶ Threat Intelligence Protocol 2: APWG & FTC Taxonomies
  ✔ should detect Quishing (QR Phishing) and Combosquatting vectors (0.2478ms)
  ✔ should match FTC Consumer Sentinel Impersonation and Advance Fee vectors (0.1518ms)
✔ Threat Intelligence Protocol 2: APWG & FTC Taxonomies (0.5656ms)
▶ Threat Intelligence Protocol 3: Fraud Knowledge Graph & Master Fusion
  ✔ should detect cross-modal contradictions in Entity Graph (0.3389ms)
  ✔ should execute full multi-source threat intelligence investigation (1867.8155ms)
✔ Threat Intelligence Protocol 3: Fraud Knowledge Graph & Master Fusion (1868.3888ms)
ℹ tests 6
ℹ suites 3
ℹ pass 6
ℹ fail 0
ℹ cancelled 0
ℹ skipped 0
ℹ todo 0
ℹ duration_ms 2132.8864
(node:32880) ExperimentalWarning: `--experimental-loader` may be removed in the future; instead use `register()`:
--import 'data:text/javascript,import { register } from "node:module"; import { pathToFileURL } from "node:url"; register("file%3A///D%3A/StudentHub-CodexRuns/FULL_REPAIR_20261001/candidate/frontend/tests/foundation/ts-extension-loader.mjs", pathToFileURL("./"));'
(Use `node --trace-warnings ...` to show where the warning was created)
▶ AiTrustAbstention
  ✔ should trigger abstention when high-stake query has no authoritative evidence (4.7818ms)
  ✔ should trigger abstention when active official sources conflict on critical policy (1.419ms)
✔ AiTrustAbstention (6.7673ms)
ℹ tests 2
ℹ suites 1
ℹ pass 2
ℹ fail 0
ℹ cancelled 0
ℹ skipped 0
ℹ todo 0
ℹ duration_ms 9.7962
(node:36304) ExperimentalWarning: `--experimental-loader` may be removed in the future; instead use `register()`:
--import 'data:text/javascript,import { register } from "node:module"; import { pathToFileURL } from "node:url"; register("file%3A///D%3A/StudentHub-CodexRuns/FULL_REPAIR_20261001/candidate/frontend/tests/foundation/ts-extension-loader.mjs", pathToFileURL("./"));'
(Use `node --trace-warnings ...` to show where the warning was created)
▶ AiTrustAdversarialInjection
  ✔ should detect direct prompt injection patterns in query text (1.2175ms)
  ✔ should detect Vietnamese override injection attempts (0.7018ms)
  ✔ should isolate document content and filter out injected instruction spans (0.2314ms)
✔ AiTrustAdversarialInjection (2.7873ms)
ℹ tests 3
ℹ suites 1
ℹ pass 3
ℹ fail 0
ℹ cancelled 0
ℹ skipped 0
ℹ todo 0
ℹ duration_ms 6.4616
(node:35308) ExperimentalWarning: `--experimental-loader` may be removed in the future; instead use `register()`:
--import 'data:text/javascript,import { register } from "node:module"; import { pathToFileURL } from "node:url"; register("file%3A///D%3A/StudentHub-CodexRuns/FULL_REPAIR_20261001/candidate/frontend/tests/foundation/ts-extension-loader.mjs", pathToFileURL("./"));'
(Use `node --trace-warnings ...` to show where the warning was created)
▶ AiTrustBlastRadius
  ✔ should calculate affected evaluation blast radius when an upstream source document is invalidated (4.1615ms)
✔ AiTrustBlastRadius (4.691ms)
ℹ tests 1
ℹ suites 1
ℹ pass 1
ℹ fail 0
ℹ cancelled 0
ℹ skipped 0
ℹ todo 0
ℹ duration_ms 7.8731
(node:36848) ExperimentalWarning: `--experimental-loader` may be removed in the future; instead use `register()`:
--import 'data:text/javascript,import { register } from "node:module"; import { pathToFileURL } from "node:url"; register("file%3A///D%3A/StudentHub-CodexRuns/FULL_REPAIR_20261001/candidate/frontend/tests/foundation/ts-extension-loader.mjs", pathToFileURL("./"));'
(Use `node --trace-warnings ...` to show where the warning was created)
▶ AiTrustBlindSpots
  ✔ should discover missing cohort scope and emit structured Knowledge Gap Report (1.7748ms)
✔ AiTrustBlindSpots (2.3254ms)
ℹ tests 1
ℹ suites 1
ℹ pass 1
ℹ fail 0
ℹ cancelled 0
ℹ skipped 0
ℹ todo 0
ℹ duration_ms 5.9869
(node:29864) ExperimentalWarning: `--experimental-loader` may be removed in the future; instead use `register()`:
--import 'data:text/javascript,import { register } from "node:module"; import { pathToFileURL } from "node:url"; register("file%3A///D%3A/StudentHub-CodexRuns/FULL_REPAIR_20261001/candidate/frontend/tests/foundation/ts-extension-loader.mjs", pathToFileURL("./"));'
(Use `node --trace-warnings ...` to show where the warning was created)
▶ AiTrustCitationEntailment
  ✔ should verify valid entailment when passage matches exact cohort and score (2.5144ms)
  ✔ should return PARTIAL_ENTAILMENT when passage mentions score but lacks cohort scope (0.888ms)
  ✔ should detect CITATION_MISMATCH when numeric scores differ (0.1852ms)
✔ AiTrustCitationEntailment (4.3269ms)
ℹ tests 3
ℹ suites 1
ℹ pass 3
ℹ fail 0
ℹ cancelled 0
ℹ skipped 0
ℹ todo 0
ℹ duration_ms 7.6783
(node:26868) ExperimentalWarning: `--experimental-loader` may be removed in the future; instead use `register()`:
--import 'data:text/javascript,import { register } from "node:module"; import { pathToFileURL } from "node:url"; register("file%3A///D%3A/StudentHub-CodexRuns/FULL_REPAIR_20261001/candidate/frontend/tests/foundation/ts-extension-loader.mjs", pathToFileURL("./"));'
(Use `node --trace-warnings ...` to show where the warning was created)
▶ AiTrustClaimDecomposition
  ✔ should split compound sentences with conjunctions into independent atomic claims (1.4817ms)
  ✔ should correctly extract credit thresholds and cohort scoping (0.1407ms)
✔ AiTrustClaimDecomposition (2.6736ms)
ℹ tests 2
ℹ suites 1
ℹ pass 2
ℹ fail 0
ℹ cancelled 0
ℹ skipped 0
ℹ todo 0
ℹ duration_ms 5.8248
(node:15728) ExperimentalWarning: `--experimental-loader` may be removed in the future; instead use `register()`:
--import 'data:text/javascript,import { register } from "node:module"; import { pathToFileURL } from "node:url"; register("file%3A///D%3A/StudentHub-CodexRuns/FULL_REPAIR_20261001/candidate/frontend/tests/foundation/ts-extension-loader.mjs", pathToFileURL("./"));'
(Use `node --trace-warnings ...` to show where the warning was created)
▶ AiTrustClaimGraph
  ✔ should build claim graph DAG and prevent circular dependencies (1.0591ms)
✔ AiTrustClaimGraph (1.619ms)
ℹ tests 1
ℹ suites 1
ℹ pass 1
ℹ fail 0
ℹ cancelled 0
ℹ skipped 0
ℹ todo 0
ℹ duration_ms 5.5771
(node:3276) ExperimentalWarning: `--experimental-loader` may be removed in the future; instead use `register()`:
--import 'data:text/javascript,import { register } from "node:module"; import { pathToFileURL } from "node:url"; register("file%3A///D%3A/StudentHub-CodexRuns/FULL_REPAIR_20261001/candidate/frontend/tests/foundation/ts-extension-loader.mjs", pathToFileURL("./"));'
(Use `node --trace-warnings ...` to show where the warning was created)
▶ AiTrustCounterEvidence
  ✔ should actively discover counter-evidence and weaken or conflict preliminary conclusions (2.0912ms)
✔ AiTrustCounterEvidence (2.5916ms)
ℹ tests 1
ℹ suites 1
ℹ pass 1
ℹ fail 0
ℹ cancelled 0
ℹ skipped 0
ℹ todo 0
ℹ duration_ms 6.134
(node:14756) ExperimentalWarning: `--experimental-loader` may be removed in the future; instead use `register()`:
--import 'data:text/javascript,import { register } from "node:module"; import { pathToFileURL } from "node:url"; register("file%3A///D%3A/StudentHub-CodexRuns/FULL_REPAIR_20261001/candidate/frontend/tests/foundation/ts-extension-loader.mjs", pathToFileURL("./"));'
(Use `node --trace-warnings ...` to show where the warning was created)
▶ AiTrustEngineE2E
  ✔ should run full end-to-end evaluation pipeline with claim-level grounding and store persistence (6.721ms)
✔ AiTrustEngineE2E (7.3355ms)
ℹ tests 1
ℹ suites 1
ℹ pass 1
ℹ fail 0
ℹ cancelled 0
ℹ skipped 0
ℹ todo 0
ℹ duration_ms 11.1036
(node:276) ExperimentalWarning: `--experimental-loader` may be removed in the future; instead use `register()`:
--import 'data:text/javascript,import { register } from "node:module"; import { pathToFileURL } from "node:url"; register("file%3A///D%3A/StudentHub-CodexRuns/FULL_REPAIR_20261001/candidate/frontend/tests/foundation/ts-extension-loader.mjs", pathToFileURL("./"));'
(Use `node --trace-warnings ...` to show where the warning was created)
▶ AiTrustEpistemicStates
  ✔ should support all 13 distinct epistemic states without collapsing into binary true/false (0.6586ms)
✔ AiTrustEpistemicStates (1.172ms)
ℹ tests 1
ℹ suites 1
ℹ pass 1
ℹ fail 0
ℹ cancelled 0
ℹ skipped 0
ℹ todo 0
ℹ duration_ms 4.7567
(node:34844) ExperimentalWarning: `--experimental-loader` may be removed in the future; instead use `register()`:
--import 'data:text/javascript,import { register } from "node:module"; import { pathToFileURL } from "node:url"; register("file%3A///D%3A/StudentHub-CodexRuns/FULL_REPAIR_20261001/candidate/frontend/tests/foundation/ts-extension-loader.mjs", pathToFileURL("./"));'
(Use `node --trace-warnings ...` to show where the warning was created)
▶ AiTrustHumanReviewPacket
  ✔ should generate comprehensive human review package when critical official conflict occurs (5.0334ms)
✔ AiTrustHumanReviewPacket (5.6294ms)
ℹ tests 1
ℹ suites 1
ℹ pass 1
ℹ fail 0
ℹ cancelled 0
ℹ skipped 0
ℹ todo 0
ℹ duration_ms 8.7946
(node:36228) ExperimentalWarning: `--experimental-loader` may be removed in the future; instead use `register()`:
--import 'data:text/javascript,import { register } from "node:module"; import { pathToFileURL } from "node:url"; register("file%3A///D%3A/StudentHub-CodexRuns/FULL_REPAIR_20261001/candidate/frontend/tests/foundation/ts-extension-loader.mjs", pathToFileURL("./"));'
(Use `node --trace-warnings ...` to show where the warning was created)
▶ AiTrustMutationGuard
  ✔ Mutant 1: AI output without citations must NEVER become AUTHORITATIVE or VERIFIED (4.7722ms)
  ✔ Mutant 2: High confidence / certainty words in AI answer must NEVER create authority without proof (0.3994ms)
  ✔ Mutant 3: Retracted supporting source must NEVER allow claim to remain AUTHORITATIVE (0.9179ms)
  ✔ Mutant 4: Prompt injection instructions must NEVER override trust policy (0.6196ms)
✔ AiTrustMutationGuard (7.4134ms)
ℹ tests 4
ℹ suites 1
ℹ pass 4
ℹ fail 0
ℹ cancelled 0
ℹ skipped 0
ℹ todo 0
ℹ duration_ms 10.9288
(node:28560) ExperimentalWarning: `--experimental-loader` may be removed in the future; instead use `register()`:
--import 'data:text/javascript,import { register } from "node:module"; import { pathToFileURL } from "node:url"; register("file%3A///D%3A/StudentHub-CodexRuns/FULL_REPAIR_20261001/candidate/frontend/tests/foundation/ts-extension-loader.mjs", pathToFileURL("./"));'
(Use `node --trace-warnings ...` to show where the warning was created)
▶ AiTrustSelfCritiqueEngine
  ✔ should run 5-pass self-critique: generate -> verify -> check counter-evidence -> prune overclaim -> synthesize structured answer (6.0401ms)
✔ AiTrustSelfCritiqueEngine (6.6021ms)
ℹ tests 1
ℹ suites 1
ℹ pass 1
ℹ fail 0
ℹ cancelled 0
ℹ skipped 0
ℹ todo 0
ℹ duration_ms 9.9506
(node:29844) ExperimentalWarning: `--experimental-loader` may be removed in the future; instead use `register()`:
--import 'data:text/javascript,import { register } from "node:module"; import { pathToFileURL } from "node:url"; register("file%3A///D%3A/StudentHub-CodexRuns/FULL_REPAIR_20261001/candidate/frontend/tests/foundation/ts-extension-loader.mjs", pathToFileURL("./"));'
(Use `node --trace-warnings ...` to show where the warning was created)
▶ AiTrustSemanticOverclaim
  ✔ should detect ungrounded channel and deadline extensions added by generative AI (1.0538ms)
  ✔ should approve draft when strictly grounded within source passage semantics (0.1085ms)
✔ AiTrustSemanticOverclaim (1.7758ms)
ℹ tests 2
ℹ suites 1
ℹ pass 2
ℹ fail 0
ℹ cancelled 0
ℹ skipped 0
ℹ todo 0
ℹ duration_ms 5.4801
(node:22412) ExperimentalWarning: `--experimental-loader` may be removed in the future; instead use `register()`:
--import 'data:text/javascript,import { register } from "node:module"; import { pathToFileURL } from "node:url"; register("file%3A///D%3A/StudentHub-CodexRuns/FULL_REPAIR_20261001/candidate/frontend/tests/foundation/ts-extension-loader.mjs", pathToFileURL("./"));'
(Use `node --trace-warnings ...` to show where the warning was created)
▶ AiTrustSourceIndependence
  ✔ should cluster syndicated sources sharing identical text hash into a single provenance cluster (1.6498ms)
  ✔ should detect circular source laundering when forum and web search share identical text (0.1814ms)
✔ AiTrustSourceIndependence (2.4004ms)
ℹ tests 2
ℹ suites 1
ℹ pass 2
ℹ fail 0
ℹ cancelled 0
ℹ skipped 0
ℹ todo 0
ℹ duration_ms 6.0585
(node:30428) ExperimentalWarning: `--experimental-loader` may be removed in the future; instead use `register()`:
--import 'data:text/javascript,import { register } from "node:module"; import { pathToFileURL } from "node:url"; register("file%3A///D%3A/StudentHub-CodexRuns/FULL_REPAIR_20261001/candidate/frontend/tests/foundation/ts-extension-loader.mjs", pathToFileURL("./"));'
(Use `node --trace-warnings ...` to show where the warning was created)
▶ AiTrustTemporalContradiction
  ✔ should mark claims OUTDATED when grounded in superseded policy documents (0.756ms)
  ✔ should detect true contradiction when two active official claims disagree on numeric values for same scope (0.5946ms)
  ✔ should mark claims RETRACTED when supporting source is retracted (0.1323ms)
✔ AiTrustTemporalContradiction (2.0998ms)
ℹ tests 3
ℹ suites 1
ℹ pass 3
ℹ fail 0
ℹ cancelled 0
ℹ skipped 0
ℹ todo 0
ℹ duration_ms 5.1421
(node:23568) ExperimentalWarning: `--experimental-loader` may be removed in the future; instead use `register()`:
--import 'data:text/javascript,import { register } from "node:module"; import { pathToFileURL } from "node:url"; register("file%3A///D%3A/StudentHub-CodexRuns/FULL_REPAIR_20261001/candidate/frontend/tests/foundation/ts-extension-loader.mjs", pathToFileURL("./"));'
(Use `node --trace-warnings ...` to show where the warning was created)
▶ AiTrustToolFirewall
  ✔ should prevent tool payloads from escalating authority to Tier 1 without official server authority (1.3777ms)
  ✔ should fail-closed when prompt injection is detected inside tool payload (0.1094ms)
✔ AiTrustToolFirewall (2.4463ms)
ℹ tests 2
ℹ suites 1
ℹ pass 2
ℹ fail 0
ℹ cancelled 0
ℹ skipped 0
ℹ todo 0
ℹ duration_ms 10.1914
(node:31816) ExperimentalWarning: `--experimental-loader` may be removed in the future; instead use `register()`:
--import 'data:text/javascript,import { register } from "node:module"; import { pathToFileURL } from "node:url"; register("file%3A///D%3A/StudentHub-CodexRuns/FULL_REPAIR_20261001/candidate/frontend/tests/foundation/ts-extension-loader.mjs", pathToFileURL("./"));'
(Use `node --trace-warnings ...` to show where the warning was created)
▶ AiTrustRecoveryAndCorrection
  ✔ should record immutable correction event when an answer is revised without rewriting history (4.8797ms)
✔ AiTrustRecoveryAndCorrection (5.4616ms)
ℹ tests 1
ℹ suites 1
ℹ pass 1
ℹ fail 0
ℹ cancelled 0
ℹ skipped 0
ℹ todo 0
ℹ duration_ms 8.9812
(node:5224) ExperimentalWarning: `--experimental-loader` may be removed in the future; instead use `register()`:
--import 'data:text/javascript,import { register } from "node:module"; import { pathToFileURL } from "node:url"; register("file%3A///D%3A/StudentHub-CodexRuns/FULL_REPAIR_20261001/candidate/frontend/tests/foundation/ts-extension-loader.mjs", pathToFileURL("./"));'
(Use `node --trace-warnings ...` to show where the warning was created)
▶ AiTrustV2E2E
  ✔ Scenario A: Golden User Experience — TOEIC K24 regulation lookup fully verified against official document (6.9742ms)
✔ AiTrustV2E2E (7.5131ms)
ℹ tests 1
ℹ suites 1
ℹ pass 1
ℹ fail 0
ℹ cancelled 0
ℹ skipped 0
ℹ todo 0
ℹ duration_ms 10.7171
(node:21052) ExperimentalWarning: `--experimental-loader` may be removed in the future; instead use `register()`:
--import 'data:text/javascript,import { register } from "node:module"; import { pathToFileURL } from "node:url"; register("file%3A///D%3A/StudentHub-CodexRuns/FULL_REPAIR_20261001/candidate/frontend/tests/foundation/ts-extension-loader.mjs", pathToFileURL("./"));'
(Use `node --trace-warnings ...` to show where the warning was created)
▶ AiTrustV2MetamorphicTests
  ✔ Metamorphic 1: JSON Serialization roundtrip preserves all epistemic fields and metrics (5.4915ms)
✔ AiTrustV2MetamorphicTests (6.0191ms)
ℹ tests 1
ℹ suites 1
ℹ pass 1
ℹ fail 0
ℹ cancelled 0
ℹ skipped 0
ℹ todo 0
ℹ duration_ms 9.2058
(node:33808) ExperimentalWarning: `--experimental-loader` may be removed in the future; instead use `register()`:
--import 'data:text/javascript,import { register } from "node:module"; import { pathToFileURL } from "node:url"; register("file%3A///D%3A/StudentHub-CodexRuns/FULL_REPAIR_20261001/candidate/frontend/tests/foundation/ts-extension-loader.mjs", pathToFileURL("./"));'
(Use `node --trace-warnings ...` to show where the warning was created)
▶ AiTrustV2MutationGuard
  ✔ Mutant 1: AI hallucinated authority must NEVER become VERIFIED without official evidence (4.7778ms)
  ✔ Mutant 2: Citation mismatch must NEVER be marked as fully verified (1.0054ms)
  ✔ Mutant 3: Counter-evidence from active official source must prevent confident answer (1.0781ms)
✔ AiTrustV2MutationGuard (7.58ms)
ℹ tests 3
ℹ suites 1
ℹ pass 3
ℹ fail 0
ℹ cancelled 0
ℹ skipped 0
ℹ todo 0
ℹ duration_ms 10.8732
(node:2500) ExperimentalWarning: `--experimental-loader` may be removed in the future; instead use `register()`:
--import 'data:text/javascript,import { register } from "node:module"; import { pathToFileURL } from "node:url"; register("file%3A///D%3A/StudentHub-CodexRuns/FULL_REPAIR_20261001/candidate/frontend/tests/foundation/ts-extension-loader.mjs", pathToFileURL("./"));'
(Use `node --trace-warnings ...` to show where the warning was created)
▶ AiTrustV2PropertyTests
  ✔ Property 1: Idempotency — evaluating same input twice yields identical decision (5.5019ms)
  ✔ Property 2: Source Order Invariance — reordering sources does not alter authority hierarchy (1.167ms)
✔ AiTrustV2PropertyTests (7.2412ms)
ℹ tests 2
ℹ suites 1
ℹ pass 2
ℹ fail 0
ℹ cancelled 0
ℹ skipped 0
ℹ todo 0
ℹ duration_ms 10.5443
(node:20932) ExperimentalWarning: `--experimental-loader` may be removed in the future; instead use `register()`:
--import 'data:text/javascript,import { register } from "node:module"; import { pathToFileURL } from "node:url"; register("file%3A///D%3A/StudentHub-CodexRuns/FULL_REPAIR_20261001/candidate/frontend/tests/foundation/ts-extension-loader.mjs", pathToFileURL("./"));'
(Use `node --trace-warnings ...` to show where the warning was created)
▶ AiTrustV2RedTeamAdversarialSuite
  ✔ Attack 1-3: Prompt injection in query/payload must trigger ABSTENTION fail-closed (2.6124ms)
  ✔ Attack 4-6: Fabricated citations, missing evidence, and unverified authority must be caught (2.3898ms)
✔ AiTrustV2RedTeamAdversarialSuite (5.5952ms)
ℹ tests 2
ℹ suites 1
ℹ pass 2
ℹ fail 0
ℹ cancelled 0
ℹ skipped 0
ℹ todo 0
ℹ duration_ms 8.7649
(node:15488) ExperimentalWarning: `--experimental-loader` may be removed in the future; instead use `register()`:
--import 'data:text/javascript,import { register } from "node:module"; import { pathToFileURL } from "node:url"; register("file%3A///D%3A/StudentHub-CodexRuns/FULL_REPAIR_20261001/candidate/frontend/tests/foundation/ts-extension-loader.mjs", pathToFileURL("./"));'
(Use `node --trace-warnings ...` to show where the warning was created)
✔ authenticated media intake uses the principal and replaces client bytes/hash/size with canonical metadata (0.686ms)
✔ anonymous references, non-image references and mixed bytes/reference payloads never reach the artifact cache (0.139ms)
✔ QR intake hydrates the exact artifact and derives its payload from server bytes (0.5694ms)
✔ unreadable newly uploaded QR cleans only its own unreferenced artifact (0.1658ms)
✔ Trust input fingerprint includes image digest and excludes allocation-specific artifact id (1.1273ms)
✔ every API entry point consuming stored image references uses the shared authorization intake (2.7757ms)
ℹ tests 6
ℹ suites 0
ℹ pass 6
ℹ fail 0
ℹ cancelled 0
ℹ skipped 0
ℹ todo 0
ℹ duration_ms 8.3653
(node:36520) ExperimentalWarning: `--experimental-loader` may be removed in the future; instead use `register()`:
--import 'data:text/javascript,import { register } from "node:module"; import { pathToFileURL } from "node:url"; register("file%3A///D%3A/StudentHub-CodexRuns/FULL_REPAIR_20261001/candidate/frontend/tests/foundation/ts-extension-loader.mjs", pathToFileURL("./"));'
(Use `node --trace-warnings ...` to show where the warning was created)
✔ retrieval overlap and discovery metadata do not become claim support (1.2005ms)
✔ a shared claim-specific fact phrase can support a claim without inventing confidence (0.3213ms)
✔ ordinary topical overlap remains unresolved without a claim-level comparison (0.2181ms)
✔ direct requirement clashes can still be classified as contradiction (0.1807ms)
✔ an official source without a direct claim relation is insufficient evidence (0.217ms)
✔ sufficiency coverage is computed from claim-level official relations (0.0996ms)
ℹ tests 6
ℹ suites 0
ℹ pass 6
ℹ fail 0
ℹ cancelled 0
ℹ skipped 0
ℹ todo 0
ℹ duration_ms 6.6059
(node:22472) ExperimentalWarning: `--experimental-loader` may be removed in the future; instead use `register()`:
--import 'data:text/javascript,import { register } from "node:module"; import { pathToFileURL } from "node:url"; register("file%3A///D%3A/StudentHub-CodexRuns/FULL_REPAIR_20261001/candidate/frontend/tests/foundation/ts-extension-loader.mjs", pathToFileURL("./"));'
(Use `node --trace-warnings ...` to show where the warning was created)
✔ static evidence discovery matches the specific claim topic and resolved institution (17.8189ms)
✔ static evidence discovery reports insufficient evidence when the corpus has no relevant source (9.999ms)
ℹ tests 2
ℹ suites 0
ℹ pass 2
ℹ fail 0
ℹ cancelled 0
ℹ skipped 0
ℹ todo 0
ℹ duration_ms 31.2708
(node:15384) ExperimentalWarning: `--experimental-loader` may be removed in the future; instead use `register()`:
--import 'data:text/javascript,import { register } from "node:module"; import { pathToFileURL } from "node:url"; register("file%3A///D%3A/StudentHub-CodexRuns/FULL_REPAIR_20261001/candidate/frontend/tests/foundation/ts-extension-loader.mjs", pathToFileURL("./"));'
(Use `node --trace-warnings ...` to show where the warning was created)
✔ Tavily fallback reports plan quota exhaustion instead of wrapper success (1.2134ms)
✔ Tavily wrapper success with zero usable sources is not a successful fallback (0.2236ms)
ℹ tests 2
ℹ suites 0
ℹ pass 2
ℹ fail 0
ℹ cancelled 0
ℹ skipped 0
ℹ todo 0
ℹ duration_ms 4.6907
(node:9036) ExperimentalWarning: `--experimental-loader` may be removed in the future; instead use `register()`:
--import 'data:text/javascript,import { register } from "node:module"; import { pathToFileURL } from "node:url"; register("file%3A///D%3A/StudentHub-CodexRuns/FULL_REPAIR_20261001/candidate/frontend/tests/foundation/ts-extension-loader.mjs", pathToFileURL("./"));'
(Use `node --trace-warnings ...` to show where the warning was created)
✔ C2PA Forensics — Physical JUMBF presence without cryptographic chain MUST be PRESENT_UNVERIFIED, never VALID (1.1007ms)
✔ C2PA Forensics — Absence of C2PA manifest returns ABSENT and NEVER implies fake (0.1401ms)
ℹ tests 2
ℹ suites 0
ℹ pass 2
ℹ fail 0
ℹ cancelled 0
ℹ skipped 0
ℹ todo 0
ℹ duration_ms 5.2752
(node:24300) ExperimentalWarning: `--experimental-loader` may be removed in the future; instead use `register()`:
--import 'data:text/javascript,import { register } from "node:module"; import { pathToFileURL } from "node:url"; register("file%3A///D%3A/StudentHub-CodexRuns/FULL_REPAIR_20261001/candidate/frontend/tests/foundation/ts-extension-loader.mjs", pathToFileURL("./"));'
(Use `node --trace-warnings ...` to show where the warning was created)
✔ Client Anti-Tamper — Continuation endpoint rejects client-supplied layer2 or layer3 payloads (14.8009ms)
✔ Client Anti-Tamper — Continuation endpoint rejects unauthenticated requests (0.322ms)
✔ Client Anti-Tamper — Missing caseId or runId is rejected (0.2499ms)
ℹ tests 3
ℹ suites 0
ℹ pass 3
ℹ fail 0
ℹ cancelled 0
ℹ skipped 0
ℹ todo 0
ℹ duration_ms 19.5734
(node:6376) ExperimentalWarning: `--experimental-loader` may be removed in the future; instead use `register()`:
--import 'data:text/javascript,import { register } from "node:module"; import { pathToFileURL } from "node:url"; register("file%3A///D%3A/StudentHub-CodexRuns/FULL_REPAIR_20261001/candidate/frontend/tests/foundation/ts-extension-loader.mjs", pathToFileURL("./"));'
(Use `node --trace-warnings ...` to show where the warning was created)
✔ Image Forensics Contract — validates canonical mediaForensics schema (1.0372ms)
ℹ tests 1
ℹ suites 0
ℹ pass 1
ℹ fail 0
ℹ cancelled 0
ℹ skipped 0
ℹ todo 0
ℹ duration_ms 4.5097
(node:9668) ExperimentalWarning: `--experimental-loader` may be removed in the future; instead use `register()`:
--import 'data:text/javascript,import { register } from "node:module"; import { pathToFileURL } from "node:url"; register("file%3A///D%3A/StudentHub-CodexRuns/FULL_REPAIR_20261001/candidate/frontend/tests/foundation/ts-extension-loader.mjs", pathToFileURL("./"));'
(Use `node --trace-warnings ...` to show where the warning was created)
✔ Deepfake Detector — High score (>= 0.8) maps to LIKELY_DEEPFAKE (14.8228ms)
✔ Deepfake Detector — Moderate score (0.5 <= score < 0.8) maps to POSSIBLY_DEEPFAKE (0.2984ms)
✔ Deepfake Detector — No face detected returns NOT_APPLICABLE with null score (0.2981ms)
ℹ tests 3
ℹ suites 0
ℹ pass 3
ℹ fail 0
ℹ cancelled 0
ℹ skipped 0
ℹ todo 0
ℹ duration_ms 19.2738
(node:34576) ExperimentalWarning: `--experimental-loader` may be removed in the future; instead use `register()`:
--import 'data:text/javascript,import { register } from "node:module"; import { pathToFileURL } from "node:url"; register("file%3A///D%3A/StudentHub-CodexRuns/FULL_REPAIR_20261001/candidate/frontend/tests/foundation/ts-extension-loader.mjs", pathToFileURL("./"));'
(Use `node --trace-warnings ...` to show where the warning was created)
✔ GenAI Detector — High score (>= 0.8) maps to LIKELY_AI_GENERATED (13.4593ms)
✔ GenAI Detector — Moderate score (0.5 <= score < 0.8) maps to POSSIBLY_AI_GENERATED (0.2784ms)
✔ GenAI Detector — Low score (< 0.5) maps to NO_STRONG_AI_SIGNAL, never LIKELY_REAL (0.4156ms)
ℹ tests 3
ℹ suites 0
ℹ pass 3
ℹ fail 0
ℹ cancelled 0
ℹ skipped 0
ℹ todo 0
ℹ duration_ms 17.8582
(node:34164) ExperimentalWarning: `--experimental-loader` may be removed in the future; instead use `register()`:
--import 'data:text/javascript,import { register } from "node:module"; import { pathToFileURL } from "node:url"; register("file%3A///D%3A/StudentHub-CodexRuns/FULL_REPAIR_20261001/candidate/frontend/tests/foundation/ts-extension-loader.mjs", pathToFileURL("./"));'
(Use `node --trace-warnings ...` to show where the warning was created)
✔ Manipulation Detector — Unsupported detector returns NOT_SUPPORTED without fabricating score (1.0056ms)
✔ Manipulation Detector — Never infers manipulation score from GenAI or Deepfake (0.1428ms)
ℹ tests 2
ℹ suites 0
ℹ pass 2
ℹ fail 0
ℹ cancelled 0
ℹ skipped 0
ℹ todo 0
ℹ duration_ms 4.5245
(node:25564) ExperimentalWarning: `--experimental-loader` may be removed in the future; instead use `register()`:
--import 'data:text/javascript,import { register } from "node:module"; import { pathToFileURL } from "node:url"; register("file%3A///D%3A/StudentHub-CodexRuns/FULL_REPAIR_20261001/candidate/frontend/tests/foundation/ts-extension-loader.mjs", pathToFileURL("./"));'
(Use `node --trace-warnings ...` to show where the warning was created)
✔ EXIF Forensics — Detects editor software and treats it as a SIGNAL, not proof of fake (1.019ms)
✔ EXIF Forensics — Stripped metadata is handled gracefully and does NOT prove fake (0.1522ms)
✔ EXIF Forensics — Detects GPS presence while strictly redacting coordinates (0.2034ms)
ℹ tests 3
ℹ suites 0
ℹ pass 3
ℹ fail 0
ℹ cancelled 0
ℹ skipped 0
ℹ todo 0
ℹ duration_ms 5.0392
(node:37180) ExperimentalWarning: `--experimental-loader` may be removed in the future; instead use `register()`:
--import 'data:text/javascript,import { register } from "node:module"; import { pathToFileURL } from "node:url"; register("file%3A///D%3A/StudentHub-CodexRuns/FULL_REPAIR_20261001/candidate/frontend/tests/foundation/ts-extension-loader.mjs", pathToFileURL("./"));'
(Use `node --trace-warnings ...` to show where the warning was created)
✔ Payload Reference — MediaArtifactService validates magic bytes and registers artifact reference (2.0368ms)
✔ Payload Reference — Rejects corrupt or unsupported image format (0.1514ms)
✔ Payload Reference — Defends against oversized files (0.1333ms)
ℹ tests 3
ℹ suites 0
ℹ pass 3
ℹ fail 0
ℹ cancelled 0
ℹ skipped 0
ℹ todo 0
ℹ duration_ms 5.7725
(node:10896) ExperimentalWarning: `--experimental-loader` may be removed in the future; instead use `register()`:
--import 'data:text/javascript,import { register } from "node:module"; import { pathToFileURL } from "node:url"; register("file%3A///D%3A/StudentHub-CodexRuns/FULL_REPAIR_20261001/candidate/frontend/tests/foundation/ts-extension-loader.mjs", pathToFileURL("./"));'
(Use `node --trace-warnings ...` to show where the warning was created)
✔ Privacy & Redaction — Public MediaForensicsDTO strictly redacts private metadata (0.9249ms)
ℹ tests 1
ℹ suites 0
ℹ pass 1
ℹ fail 0
ℹ cancelled 0
ℹ skipped 0
ℹ todo 0
ℹ duration_ms 4.5969
(node:14900) ExperimentalWarning: `--experimental-loader` may be removed in the future; instead use `register()`:
--import 'data:text/javascript,import { register } from "node:module"; import { pathToFileURL } from "node:url"; register("file%3A///D%3A/StudentHub-CodexRuns/FULL_REPAIR_20261001/candidate/frontend/tests/foundation/ts-extension-loader.mjs", pathToFileURL("./"));'
(Use `node --trace-warnings ...` to show where the warning was created)
✔ Provider Failure — Single specialist failure results in overall status PARTIAL without fabrication (0.8594ms)
✔ Provider Failure — Complete failure of all specialists results in status FAILED and UNKNOWN risk (0.1449ms)
ℹ tests 2
ℹ suites 0
ℹ pass 2
ℹ fail 0
ℹ cancelled 0
ℹ skipped 0
ℹ todo 0
ℹ duration_ms 4.7005
(node:34888) ExperimentalWarning: `--experimental-loader` may be removed in the future; instead use `register()`:
--import 'data:text/javascript,import { register } from "node:module"; import { pathToFileURL } from "node:url"; register("file%3A///D%3A/StudentHub-CodexRuns/FULL_REPAIR_20261001/candidate/frontend/tests/foundation/ts-extension-loader.mjs", pathToFileURL("./"));'
(Use `node --trace-warnings ...` to show where the warning was created)
✔ Semantic Separation — GenAI high + Deepfake low must NEVER result in LIKELY_REAL (0.9753ms)
ℹ tests 1
ℹ suites 0
ℹ pass 1
ℹ fail 0
ℹ cancelled 0
ℹ skipped 0
ℹ todo 0
ℹ duration_ms 4.3247
(node:20084) ExperimentalWarning: `--experimental-loader` may be removed in the future; instead use `register()`:
--import 'data:text/javascript,import { register } from "node:module"; import { pathToFileURL } from "node:url"; register("file%3A///D%3A/StudentHub-CodexRuns/FULL_REPAIR_20261001/candidate/frontend/tests/foundation/ts-extension-loader.mjs", pathToFileURL("./"));'
(Use `node --trace-warnings ...` to show where the warning was created)
✔ Zero-Rerun Provider Delta — Cached forensic result incurs 0 new provider calls (1.1884ms)
ℹ tests 1
ℹ suites 0
ℹ pass 1
ℹ fail 0
ℹ cancelled 0
ℹ skipped 0
ℹ todo 0
ℹ duration_ms 4.0744
(node:30488) ExperimentalWarning: `--experimental-loader` may be removed in the future; instead use `register()`:
--import 'data:text/javascript,import { register } from "node:module"; import { pathToFileURL } from "node:url"; register("file%3A///D%3A/StudentHub-CodexRuns/FULL_REPAIR_20261001/candidate/frontend/tests/foundation/ts-extension-loader.mjs", pathToFileURL("./"));'
(Use `node --trace-warnings ...` to show where the warning was created)
✔ claim-less free-form input still gets Tavily queries and contextual evidence (14.6408ms)
✔ URL-only input is searched independently and preserves direct provenance (4.168ms)
✔ explicit canonical entities add one domain-scoped source query without removing broad context search (3.4316ms)
✔ input-context discovery shares the bounded Tavily budget with claim verification (3.9565ms)
✔ Gemini Layer 4 receives raw input and contextual evidence without a claim gate (0.384ms)
ℹ tests 5
ℹ suites 0
ℹ pass 5
ℹ fail 0
ℹ cancelled 0
ℹ skipped 0
ℹ todo 0
ℹ duration_ms 29.7029
(node:15896) ExperimentalWarning: `--experimental-loader` may be removed in the future; instead use `register()`:
--import 'data:text/javascript,import { register } from "node:module"; import { pathToFileURL } from "node:url"; register("file%3A///D%3A/StudentHub-CodexRuns/FULL_REPAIR_20261001/candidate/frontend/tests/foundation/ts-extension-loader.mjs", pathToFileURL("./"));'
(Use `node --trace-warnings ...` to show where the warning was created)
✔ L3 completes image OCR URL retrieval with direct multimodal provenance (15.3661ms)
✔ L3 completes QR payload retrieval with direct URL provenance (3.2344ms)
✔ L3 returns a completed provider-failure envelope instead of disappearing (0.6464ms)
✔ L4 always returns deterministic result after bounded model chain fallback (4.0948ms)
ℹ tests 4
ℹ suites 0
ℹ pass 4
ℹ fail 0
ℹ cancelled 0
ℹ skipped 0
ℹ todo 0
ℹ duration_ms 26.3163
(node:14780) ExperimentalWarning: `--experimental-loader` may be removed in the future; instead use `register()`:
--import 'data:text/javascript,import { register } from "node:module"; import { pathToFileURL } from "node:url"; register("file%3A///D%3A/StudentHub-CodexRuns/FULL_REPAIR_20261001/candidate/frontend/tests/foundation/ts-extension-loader.mjs", pathToFileURL("./"));'
(Use `node --trace-warnings ...` to show where the warning was created)
✔ Layer 1 keeps malformed direct calls UNKNOWN and never manufactures confidence (3.1494ms)
✔ Layer 1 redacts cyclic evidence without throwing (0.4163ms)
✔ Layer 1 blocks unsupported schemes at the local boundary (1.0103ms)
✔ Layer 1 blocks canonicalized private destinations before any provider (0.7554ms)
✔ Layer 1 auxiliary model failure and invalid confidence remain non-authoritative (0.8145ms)
✔ Layer 1 M3 hostile URL corpus never crashes or becomes final safety (8.7683ms)
ℹ tests 6
ℹ suites 0
ℹ pass 6
ℹ fail 0
ℹ cancelled 0
ℹ skipped 0
ℹ todo 0
ℹ duration_ms 18.413
(node:34996) ExperimentalWarning: `--experimental-loader` may be removed in the future; instead use `register()`:
--import 'data:text/javascript,import { register } from "node:module"; import { pathToFileURL } from "node:url"; register("file%3A///D%3A/StudentHub-CodexRuns/FULL_REPAIR_20261001/candidate/frontend/tests/foundation/ts-extension-loader.mjs", pathToFileURL("./"));'
(Use `node --trace-warnings ...` to show where the warning was created)
▶ Layer 2A reputation boundary
  ✔ uses owner threat intelligence when the remote adapter is unconfigured and stays UNKNOWN on source outage (4.9825ms)
  ✔ keeps a provider no-match bounded and cacheable without calling it safe (1.9211ms)
  ✔ retains a dangerous nested result when the top-level response contradicts it (0.1478ms)
  ✔ maps a real threat response to THREAT_MATCH without inventing a score (0.7367ms)
  ✔ fails closed on malformed responses and does not cache the failure (0.4602ms)
  ✔ uses one bounded retry, then opens a circuit without converting failure to no-match (0.704ms)
  ✔ rejects SSRF targets before any provider call (0.4428ms)
  ✔ strips arbitrary fields from nested provider DTOs (0.1736ms)
✔ Layer 2A reputation boundary (10.3629ms)
ℹ tests 8
ℹ suites 1
ℹ pass 8
ℹ fail 0
ℹ cancelled 0
ℹ skipped 0
ℹ todo 0
ℹ duration_ms 14.2302
(node:36592) ExperimentalWarning: `--experimental-loader` may be removed in the future; instead use `register()`:
--import 'data:text/javascript,import { register } from "node:module"; import { pathToFileURL } from "node:url"; register("file%3A///D%3A/StudentHub-CodexRuns/FULL_REPAIR_20261001/candidate/frontend/tests/foundation/ts-extension-loader.mjs", pathToFileURL("./"));'
(Use `node --trace-warnings ...` to show where the warning was created)
▶ Layer 2B semantic trust boundary
  ✔ keeps deterministic credential-phishing hard block when AI says BENIGN (21.9447ms)
  ✔ isolates prompt injection before any AI gateway call and requires review (4.618ms)
  ✔ does not let a malformed custom provider response become PASS (2.2593ms)
  ✔ bounds malformed entry input and returns UNKNOWN without invoking a provider (0.242ms)
  ✔ keeps untrusted data in a user-data wrapper separate from the trusted system prompt (2.5083ms)
  ✔ still runs the complete semantic provider path after Layer 1 BLOCK (6.0558ms)
  ✔ accepts QR as a first-class semantic input and forwards its payload (0.4583ms)
  ✔ does not invent confidence when an AI entity omits confidence (0.1379ms)
  ✔ keeps short opinions and official URLs out of neural security verdicts (6.3775ms)
  ✔ turns a cooldown response into UNKNOWN instead of trusting its malicious label (0.2808ms)
  ✔ completes with the deterministic baseline when Gemini transport fails (2.4707ms)
✔ Layer 2B semantic trust boundary (48.2723ms)
ℹ tests 11
ℹ suites 1
ℹ pass 11
ℹ fail 0
ℹ cancelled 0
ℹ skipped 0
ℹ todo 0
ℹ duration_ms 52.073
(node:36856) ExperimentalWarning: `--experimental-loader` may be removed in the future; instead use `register()`:
--import 'data:text/javascript,import { register } from "node:module"; import { pathToFileURL } from "node:url"; register("file%3A///D%3A/StudentHub-CodexRuns/FULL_REPAIR_20261001/candidate/frontend/tests/foundation/ts-extension-loader.mjs", pathToFileURL("./"));'
(Use `node --trace-warnings ...` to show where the warning was created)
▶ Layer 3 evidence and provenance boundary
  ✔ returns VERIFIED only for bounded live evidence with independent provenance (12.3ms)
  ✔ cannot promote a retriever that merely asserts live data without a network guard (2.1246ms)
  ✔ labels the built-in knowledge base as local and never as external verification (5.3954ms)
  ✔ abstains when there are no claims instead of manufacturing an evidence result (0.3443ms)
  ✔ keeps a direct URL fetch visible without turning reachability into a factual claim (4.3292ms)
  ✔ keeps a blocked direct URL unavailable and does not attribute local lookup to Tavily (18.565ms)
  ✔ falls back honestly when the configured retriever fails (3.6821ms)
  ✔ rejects SSRF candidates and preserves insufficient evidence (0.4359ms)
  ✔ does not verify evidence whose publication date is missing (0.635ms)
✔ Layer 3 evidence and provenance boundary (49.1585ms)
ℹ tests 9
ℹ suites 1
ℹ pass 9
ℹ fail 0
ℹ cancelled 0
ℹ skipped 0
ℹ todo 0
ℹ duration_ms 52.0091
(node:11620) ExperimentalWarning: `--experimental-loader` may be removed in the future; instead use `register()`:
--import 'data:text/javascript,import { register } from "node:module"; import { pathToFileURL } from "node:url"; register("file%3A///D%3A/StudentHub-CodexRuns/FULL_REPAIR_20261001/candidate/frontend/tests/foundation/ts-extension-loader.mjs", pathToFileURL("./"));'
(Use `node --trace-warnings ...` to show where the warning was created)
▶ Layer 4 deterministic policy boundary
  ✔ fails closed for missing and malformed upstream graphs (6.1748ms)
  ✔ does not turn a threat-intelligence outage into a no-threat result (0.6565ms)
  ✔ does not turn an L2 cooldown/partial label into security suspicion (0.3381ms)
  ✔ keeps local suspicion at WARN even when threat intelligence returns no-match (0.6462ms)
  ✔ clears soft local suspicion after all reputation providers and Layer 3 validate the URL target (0.9479ms)
  ✔ never lets reputation clearance downgrade a credential hard negative (0.4176ms)
  ✔ keeps an explicit provider no-match bounded and non-safe (0.3034ms)
  ✔ does not trust a forged no-match finding without the Layer 2A contract provenance (0.2722ms)
  ✔ keeps deterministic credential blocking active inside educational context (0.8925ms)
  ✔ does not trust a copied successful no-match DTO without the service capability (0.3938ms)
  ✔ does not accept caller-asserted live evidence without the Layer 3 service capability (1.1726ms)
  ✔ preserves a validated threat match over benign semantic context and poisoned evidence (0.2435ms)
  ✔ ignores a non-authoritative provider that attempts to grant ALLOW (0.3129ms)
  ✔ allows AI to enrich explanation only, never the deterministic verdict (1.9748ms)
  ✔ keeps supported truth separate from unknown security when reputation is unavailable (0.2832ms)
  ✔ keeps no-match security separate from contradicted truth (0.2497ms)
✔ Layer 4 deterministic policy boundary (16.3154ms)
ℹ tests 16
ℹ suites 1
ℹ pass 16
ℹ fail 0
ℹ cancelled 0
ℹ skipped 0
ℹ todo 0
ℹ duration_ms 20.2904
(node:2248) ExperimentalWarning: `--experimental-loader` may be removed in the future; instead use `register()`:
--import 'data:text/javascript,import { register } from "node:module"; import { pathToFileURL } from "node:url"; register("file%3A///D%3A/StudentHub-CodexRuns/FULL_REPAIR_20261001/candidate/frontend/tests/foundation/ts-extension-loader.mjs", pathToFileURL("./"));'
(Use `node --trace-warnings ...` to show where the warning was created)
✔ legacy projector preserves the sample layer shape and every safe source (11.0341ms)
✔ legacy projector returns the image AI/deepfake provider evidence in the compatibility response (0.3525ms)
ℹ tests 2
ℹ suites 0
ℹ pass 2
ℹ fail 0
ℹ cancelled 0
ℹ skipped 0
ℹ todo 0
ℹ duration_ms 14.8245
(node:35752) ExperimentalWarning: `--experimental-loader` may be removed in the future; instead use `register()`:
--import 'data:text/javascript,import { register } from "node:module"; import { pathToFileURL } from "node:url"; register("file%3A///D%3A/StudentHub-CodexRuns/FULL_REPAIR_20261001/candidate/frontend/tests/foundation/ts-extension-loader.mjs", pathToFileURL("./"));'
(Use `node --trace-warnings ...` to show where the warning was created)
✔ Trust public model exposes four analysis layers plus a separately gated Final Predict (0.9257ms)
✔ Trust DTO preserves Main V5 authority, stage status, separate sources/evidence, and published decision (2.1455ms)
✔ Processing state does not synthesize progress; absent final verdict keeps Final Predict locked (0.7852ms)
✔ FOUR_LAYER API stages map to all four visible Trust stages (0.2771ms)
✔ Source records never become evidence items and evidence retains its source/claim references (0.2997ms)
✔ Master Ultra UI has composer, observed input, four layers, and backend-driven progression only (1.0749ms)
✔ Master Ultra preserves missing provider, evidence, and OCR measurements as unavailable (0.4232ms)
✔ Master Ultra does not contain hardcoded positive trust metrics or integrity claims (0.7293ms)
ℹ tests 8
ℹ suites 0
ℹ pass 8
ℹ fail 0
ℹ cancelled 0
ℹ skipped 0
ℹ todo 0
ℹ duration_ms 10.4869
(node:21636) ExperimentalWarning: `--experimental-loader` may be removed in the future; instead use `register()`:
--import 'data:text/javascript,import { register } from "node:module"; import { pathToFileURL } from "node:url"; register("file%3A///D%3A/StudentHub-CodexRuns/FULL_REPAIR_20261001/candidate/frontend/tests/foundation/ts-extension-loader.mjs", pathToFileURL("./"));'
(Use `node --trace-warnings ...` to show where the warning was created)
✔ durable ingestion stores the same UUID, owner, object key, bytes and SHA-256 in Storage and metadata (2.3222ms)
✔ durable ingestion compensates the exact object when metadata insertion fails (0.6558ms)
✔ cold hydration verifies digest and authorizes signed read URLs against the same metadata row (1.1095ms)
✔ outsider cannot hydrate an artifact and causes no Storage read (0.1487ms)
✔ cleanup removes one run-owned object only when it has no case or Room reference (0.4383ms)
✔ canonical metadata mismatch and digest tampering fail before media enters the pipeline (0.275ms)
✔ cleanup leaves a Room-referenced artifact intact (0.2091ms)
✔ Vercel production refuses a consistently misrouted staging Storage/database configuration (0.4853ms)
ℹ tests 8
ℹ suites 0
ℹ pass 8
ℹ fail 0
ℹ cancelled 0
ℹ skipped 0
ℹ todo 0
ℹ duration_ms 9.6672
(node:23968) ExperimentalWarning: `--experimental-loader` may be removed in the future; instead use `register()`:
--import 'data:text/javascript,import { register } from "node:module"; import { pathToFileURL } from "node:url"; register("file%3A///D%3A/StudentHub-CodexRuns/FULL_REPAIR_20261001/candidate/frontend/tests/foundation/ts-extension-loader.mjs", pathToFileURL("./"));'
(Use `node --trace-warnings ...` to show where the warning was created)
✔ OPERATIONAL CORPUS: Exactly 20 pilot cases exist with complete schema (0.6228ms)
✔ EVIDENCE G8 PROVENANCE: Every source has 14 mandatory fields and valid SHA-256 digest (3.9529ms)
✔ EVIDENCE PASSPORT COMMIT: Every corpus case successfully seals an immutable Passport (1.6977ms)
ℹ tests 3
ℹ suites 0
ℹ pass 3
ℹ fail 0
ℹ cancelled 0
ℹ skipped 0
ℹ todo 0
ℹ duration_ms 9.4837
(node:5596) ExperimentalWarning: `--experimental-loader` may be removed in the future; instead use `register()`:
--import 'data:text/javascript,import { register } from "node:module"; import { pathToFileURL } from "node:url"; register("file%3A///D%3A/StudentHub-CodexRuns/FULL_REPAIR_20261001/candidate/frontend/tests/foundation/ts-extension-loader.mjs", pathToFileURL("./"));'
(Use `node --trace-warnings ...` to show where the warning was created)
✔ own backend publishes exactly four stages and deterministic Final Predict (25.7367ms)
✔ source quality remains unavailable when live validated sources have no authority score (3.2956ms)
✔ own backend completes Layer 2 while retaining provider outage details (4.4277ms)
✔ own backend allows a claimless direct URL after L3 live validation despite an operational L2A partial (6.8491ms)
✔ own backend completes L2 when semantic gateway fails but deterministic fallback is valid (2.4701ms)
✔ L2C advisory outage does not make the completed semantic/threat composite partial (2.2419ms)
✔ Final Predict consumes verified Gemini URL evidence for a cautious safe-target decision (2.8827ms)
✔ Final Predict uses multi-provider Layer 2A clearance plus a live Layer 3 URL to clear a soft warning (2.8566ms)
✔ Final Predict lets validated Gemini evidence refine an unresolved truth status only when Layer 3 is sufficient (3.3971ms)
✔ Final Predict never downgrades a Layer 1 hard block because Gemini cites a URL (3.0551ms)
✔ own backend does not substitute local corpus when canonical retrieval is unavailable (3.2535ms)
✔ Friend Trust TEXT observations stay shadow and cannot replace the StudentHub Final Predict (8.3879ms)
ℹ tests 12
ℹ suites 0
ℹ pass 12
ℹ fail 0
ℹ cancelled 0
ℹ skipped 0
ℹ todo 0
ℹ duration_ms 74.0698
(node:16840) ExperimentalWarning: `--experimental-loader` may be removed in the future; instead use `register()`:
--import 'data:text/javascript,import { register } from "node:module"; import { pathToFileURL } from "node:url"; register("file%3A///D%3A/StudentHub-CodexRuns/FULL_REPAIR_20261001/candidate/frontend/tests/foundation/ts-extension-loader.mjs", pathToFileURL("./"));'
(Use `node --trace-warnings ...` to show where the warning was created)
✔ QR image decoding derives the payload from canonical artifact bytes (28.0667ms)
✔ unreadable QR images do not invent a decoded payload (5.2641ms)
ℹ tests 2
ℹ suites 0
ℹ pass 2
ℹ fail 0
ℹ cancelled 0
ℹ skipped 0
ℹ todo 0
ℹ duration_ms 36.4332
(node:8020) ExperimentalWarning: `--experimental-loader` may be removed in the future; instead use `register()`:
--import 'data:text/javascript,import { register } from "node:module"; import { pathToFileURL } from "node:url"; register("file%3A///D%3A/StudentHub-CodexRuns/FULL_REPAIR_20261001/candidate/frontend/tests/foundation/ts-extension-loader.mjs", pathToFileURL("./"));'
(Use `node --trace-warnings ...` to show where the warning was created)
✔ QR Decode Contract — Server independently normalizes and classifies URL vs Text (5.552ms)
✔ QR Decode Contract — Server ignores untrusted client-supplied metadata (1.2228ms)
✔ QR Decode Contract — Empty QR payload is handled gracefully (0.1213ms)
ℹ tests 3
ℹ suites 0
ℹ pass 3
ℹ fail 0
ℹ cancelled 0
ℹ skipped 0
ℹ todo 0
ℹ duration_ms 10.8238
(node:34496) ExperimentalWarning: `--experimental-loader` may be removed in the future; instead use `register()`:
--import 'data:text/javascript,import { register } from "node:module"; import { pathToFileURL } from "node:url"; register("file%3A///D%3A/StudentHub-CodexRuns/FULL_REPAIR_20261001/candidate/frontend/tests/foundation/ts-extension-loader.mjs", pathToFileURL("./"));'
(Use `node --trace-warnings ...` to show where the warning was created)
✔ QR URL Security — Blocks SSRF targets, loopback, private networks, and cloud metadata (2.6535ms)
✔ QR URL Security — Blocks dangerous non-HTTP schemes (0.249ms)
✔ QR URL Security — Blocks URLs with embedded credentials (0.1585ms)
✔ QR URL Security — Flags Punycode and IDN homograph attack domains (3.9499ms)
✔ QR URL Security — Flags open redirect parameters (0.3502ms)
✔ QR URL Security — Approves standard public HTTPS URL (0.1292ms)
ℹ tests 6
ℹ suites 0
ℹ pass 6
ℹ fail 0
ℹ cancelled 0
ℹ skipped 0
ℹ todo 0
ℹ duration_ms 11.8156
(node:2628) ExperimentalWarning: `--experimental-loader` may be removed in the future; instead use `register()`:
--import 'data:text/javascript,import { register } from "node:module"; import { pathToFileURL } from "node:url"; register("file%3A///D%3A/StudentHub-CodexRuns/FULL_REPAIR_20261001/candidate/frontend/tests/foundation/ts-extension-loader.mjs", pathToFileURL("./"));'
(Use `node --trace-warnings ...` to show where the warning was created)
✔ canonical Trust does not construct friend Render adapter by default (0.5497ms)
✔ rich response contract exposes bounded stage provenance and deterministic final predict (24.959ms)
✔ persistence keeps a bounded rich stage summary for four-layer runs (5.6974ms)
ℹ tests 3
ℹ suites 0
ℹ pass 3
ℹ fail 0
ℹ cancelled 0
ℹ skipped 0
ℹ todo 0
ℹ duration_ms 36.0544
(node:32520) ExperimentalWarning: `--experimental-loader` may be removed in the future; instead use `register()`:
--import 'data:text/javascript,import { register } from "node:module"; import { pathToFileURL } from "node:url"; register("file%3A///D%3A/StudentHub-CodexRuns/FULL_REPAIR_20261001/candidate/frontend/tests/foundation/ts-extension-loader.mjs", pathToFileURL("./"));'
(Use `node --trace-warnings ...` to show where the warning was created)
✔ Stage Presenter: Maps all 7 user-facing stage names accurately (0.4772ms)
✔ Stage Presenter: Calibration Rule - Uncalibrated score displays 'Điểm rủi ro X/100', NOT probability percentage (1.0006ms)
✔ Stage Presenter: Calibration Rule - Calibrated marker still displays bounded score (0.1257ms)
✔ Stage Presenter: Produces exact 9 user-facing attributes and isolates technical details (0.5625ms)
ℹ tests 4
ℹ suites 0
ℹ pass 4
ℹ fail 0
ℹ cancelled 0
ℹ skipped 0
ℹ todo 0
ℹ duration_ms 5.8544
(node:29436) ExperimentalWarning: `--experimental-loader` may be removed in the future; instead use `register()`:
--import 'data:text/javascript,import { register } from "node:module"; import { pathToFileURL } from "node:url"; register("file%3A///D%3A/StudentHub-CodexRuns/FULL_REPAIR_20261001/candidate/frontend/tests/foundation/ts-extension-loader.mjs", pathToFileURL("./"));'
(Use `node --trace-warnings ...` to show where the warning was created)
RISK_MATRIX {"total":53,"passed":53,"u10":"UNKNOWN"}
✔ StudentHub Trust risk matrix — T/U/I/Q, extended scams, and benign borrowing (106.8461ms)
ℹ tests 1
ℹ suites 0
ℹ pass 1
ℹ fail 0
ℹ cancelled 0
ℹ skipped 0
ℹ todo 0
ℹ duration_ms 109.9305
(node:7680) ExperimentalWarning: `--experimental-loader` may be removed in the future; instead use `register()`:
--import 'data:text/javascript,import { register } from "node:module"; import { pathToFileURL } from "node:url"; register("file%3A///D%3A/StudentHub-CodexRuns/FULL_REPAIR_20261001/candidate/frontend/tests/foundation/ts-extension-loader.mjs", pathToFileURL("./"));'
(Use `node --trace-warnings ...` to show where the warning was created)
✔ StudentHub direct URL retrieval still runs with Tavily explicitly OFF (17.0049ms)
ℹ tests 1
ℹ suites 0
ℹ pass 1
ℹ fail 0
ℹ cancelled 0
ℹ skipped 0
ℹ todo 0
ℹ duration_ms 19.8597
(node:30260) ExperimentalWarning: `--experimental-loader` may be removed in the future; instead use `register()`:
--import 'data:text/javascript,import { register } from "node:module"; import { pathToFileURL } from "node:url"; register("file%3A///D%3A/StudentHub-CodexRuns/FULL_REPAIR_20261001/candidate/frontend/tests/foundation/ts-extension-loader.mjs", pathToFileURL("./"));'
(Use `node --trace-warnings ...` to show where the warning was created)
✔ Tavily dual-stage retrieval preserves origins and bounds supplemental queries (14.5707ms)
✔ Gemini gap analysis is query-only and Layer 4 synthesizes once after supplemental retrieval (5.6336ms)
✔ Gemini can add independent URLs, but only reachable URLs are exposed (1.8841ms)
ℹ tests 3
ℹ suites 0
ℹ pass 3
ℹ fail 0
ℹ cancelled 0
ℹ skipped 0
ℹ todo 0
ℹ duration_ms 25.1484
(node:26688) ExperimentalWarning: `--experimental-loader` may be removed in the future; instead use `register()`:
--import 'data:text/javascript,import { register } from "node:module"; import { pathToFileURL } from "node:url"; register("file%3A///D%3A/StudentHub-CodexRuns/FULL_REPAIR_20261001/candidate/frontend/tests/foundation/ts-extension-loader.mjs", pathToFileURL("./"));'
(Use `node --trace-warnings ...` to show where the warning was created)
✔ Tavily accepts bounded public candidates, rejects SSRF candidates, and keeps fetch guarded (8.1273ms)
✔ Tavily preserves candidates beyond one provider batch while keeping each request at 20 (1.7178ms)
✔ Tavily applies entity-scoped domains and fuses candidates by provider relevance (0.9914ms)
✔ Tavily preserves typed rate-limit status and bounded call diagnostics (0.8198ms)
✔ Tavily classifies HTTP 432 as QUOTA_EXHAUSTED and opens a per-key circuit (0.6652ms)
✔ Tavily auth failure opens the same per-key circuit without retry (0.9473ms)
✔ Tavily OFF mode does not call the network even when a server key exists (0.1935ms)
✔ Tavily smoke mode with a zero call budget blocks before network access (0.1718ms)
✔ Tavily does not call the network when the server key is absent (0.1613ms)
✔ Tavily rejects malformed result payloads as INVALID_RESPONSE (0.4327ms)
✔ Tavily retries one transient upstream failure with bounded diagnostics (0.4721ms)
✔ Tavily classifies a local abort without fabricating upstream HTTP 504 (512.3793ms)
✔ Tavily enforces the smoke budget and reuses exact normalized queries (0.927ms)
✔ Tavily quota circuit is scoped to the selected credential without automatic key rotation (0.473ms)
ℹ tests 14
ℹ suites 0
ℹ pass 14
ℹ fail 0
ℹ cancelled 0
ℹ skipped 0
ℹ todo 0
ℹ duration_ms 532.1231
(node:33028) ExperimentalWarning: `--experimental-loader` may be removed in the future; instead use `register()`:
--import 'data:text/javascript,import { register } from "node:module"; import { pathToFileURL } from "node:url"; register("file%3A///D%3A/StudentHub-CodexRuns/FULL_REPAIR_20261001/candidate/frontend/tests/foundation/ts-extension-loader.mjs", pathToFileURL("./"));'
(Use `node --trace-warnings ...` to show where the warning was created)
✔ Friend Trust is an advisory-only capability for supported TEXT and URL inputs (1.3813ms)
✔ IMAGE and QR remain StudentHub-only until Friend media contracts are verified (0.1157ms)
✔ Friend Trust stays disabled unless the server explicitly enables its adapter (0.0813ms)
ℹ tests 3
ℹ suites 0
ℹ pass 3
ℹ fail 0
ℹ cancelled 0
ℹ skipped 0
ℹ todo 0
ℹ duration_ms 4.8845
(node:3776) ExperimentalWarning: `--experimental-loader` may be removed in the future; instead use `register()`:
--import 'data:text/javascript,import { register } from "node:module"; import { pathToFileURL } from "node:url"; register("file%3A///D%3A/StudentHub-CodexRuns/FULL_REPAIR_20261001/candidate/frontend/tests/foundation/ts-extension-loader.mjs", pathToFileURL("./"));'
(Use `node --trace-warnings ...` to show where the warning was created)
▶ Trust Engine M3 false-safe regression
  ✔ FALSE_SAFE_GOOGLE_CANARY_P0 (6.5944ms)
  ✔ MOCK_REQUIRED_L2A_PIPELINE_REMAINS_UNKNOWN_AND_REVIEW_ONLY (5.9616ms)
✔ Trust Engine M3 false-safe regression (13.2104ms)
ℹ tests 2
ℹ suites 1
ℹ pass 2
ℹ fail 0
ℹ cancelled 0
ℹ skipped 0
ℹ todo 0
ℹ duration_ms 16.9398
(node:21264) ExperimentalWarning: `--experimental-loader` may be removed in the future; instead use `register()`:
--import 'data:text/javascript,import { register } from "node:module"; import { pathToFileURL } from "node:url"; register("file%3A///D%3A/StudentHub-CodexRuns/FULL_REPAIR_20261001/candidate/frontend/tests/foundation/ts-extension-loader.mjs", pathToFileURL("./"));'
(Use `node --trace-warnings ...` to show where the warning was created)
✔ SEQUENTIAL_STAGE_CONTRACT_AND_ORDER (25.1879ms)
✔ FAULT_INJECTION_REALTIME_LISTENER_CANNOT_INTERRUPT_L1_TO_L5 (13.2474ms)
✔ PUBLIC_RESPONSE_OMITS_SERVER_RAW_METADATA (0.5344ms)
✔ L1_LOCAL_CLEAR_AND_UNKNOWN_NEVER_FINAL_SAFE (8.3931ms)
✔ L1_BLOCK_PROPAGATION (4.9786ms)
✔ L1_HARD_BLOCK_INVALID_TARGET_STAYS_WITHIN_LOCAL_BOUNDARY (4.5348ms)
✔ THREAT_MATCH_HARD_BLOCK_PRESERVED (4.3661ms)
✔ NO_KNOWN_THREAT_NOT_SAFE (4.5443ms)
✔ PROVIDER_TIMEOUT_UNKNOWN (3.9425ms)
✔ PROVIDER_ERROR_UNKNOWN (3.9336ms)
✔ CIRCUIT_OPEN_UNKNOWN (0.2697ms)
✔ PROVIDER_CONTRACT_CONTRADICTION (0.3553ms)
✔ NO_SYNTHETIC_GOOGLE_CONFIDENCE (0.0873ms)
✔ L2B_SEMANTIC_AI_CANNOT_CLEAR_THREAT (3.5689ms)
✔ PROMPT_INJECTION_ISOLATED (1.4675ms)
✔ INVALID_MODEL_SCHEMA_FALLBACK (0.1171ms)
✔ SEMANTIC_TIMEOUT_TYPED (0.0977ms)
✔ CLAIMS_EXTRACTION_BOUNDED (0.4074ms)
✔ NO_SEMANTIC_SAFE_ASSERTION (0.14ms)
✔ L2C_CANNOT_OVERRIDE_THREAT_MATCH (0.1824ms)
✔ L2C_UNKNOWN_NEVER_SAFE (1.2685ms)
✔ UNCALIBRATED_SCORE_NOT_PROBABILITY (1.4051ms)
✔ MODEL_VERSION_PRESENT (1.1038ms)
✔ DOMAIN_CLASSIFICATION_SCHEMA_VALID (15.6031ms)
✔ BENIGN_CONTROL_FALSE_POSITIVE_GUARD (16.4886ms)
✔ L2C_RISK_CAN_RAISE_SUSPICION (0.2873ms)
✔ L2C_DATASET_PRIVACY_AND_FINE_TUNE_GATE (1.0306ms)
✔ LOCAL_KB_NOT_EXTERNAL_VERIFIED (0.2009ms)
✔ SOURCE_DUPLICATES_NOT_INDEPENDENT (0.3722ms)
✔ STALE_EVIDENCE_VISIBLE (0.1682ms)
✔ CONFLICTS_PRESERVED (0.1305ms)
✔ MISSING_SOURCE_LOWERS_COMPLETENESS (0.2381ms)
✔ RETRIEVAL_FAILURE_PARTIAL (3.5563ms)
✔ PROMPT_INJECTION_FROM_SOURCE_ISOLATED (0.2054ms)
✔ AI_CANNOT_OVERRIDE_THREAT_MATCH (0.2381ms)
✔ UNKNOWN_ABSTAINS (0.1803ms)
✔ SECURITY_TRUTH_ACTION_SEPARATE (0.4431ms)
✔ POLICY_VERSION_PRESENT_AND_DETERMINISTIC_REPLAY (0.232ms)
✔ HARD_NEGATIVE_PRECEDENCE (0.1488ms)
✔ L5_NEVER_UPGRADES_SAFETY (0.1047ms)
✔ L5_CAN_DOWNGRADE_TO_REVIEW (0.043ms)
✔ L5_DETECTS_DROPPED_HARD_NEGATIVE (0.2554ms)
✔ L5_DETECTS_EVIDENCE_CONCENTRATION (0.1997ms)
✔ L5_DETECTS_STALE_EVIDENCE (0.1878ms)
✔ L5_DETECTS_CONFIDENCE_INFLATION (0.3078ms)
✔ L5_DETECTS_UNSUPPORTED_AI_NARRATIVE (0.224ms)
✔ L5_DETECTS_STAGE_SKIP (0.1763ms)
✔ L5_AI_FAILURE_FALLS_BACK_DETERMINISTIC (0.2153ms)
✔ L5_MISSING_EVIDENCE_IS_BLOCKED (0.1616ms)
✔ RETRY_DOES_NOT_RERUN_DETERMINISTIC_L1 (6.8087ms)
✔ CANCELLATION_AND_STALE_RUNS_ARE_NOT_PUBLISHED (3.8636ms)
✔ L1_PUBLIC_HARD_BLOCK_CAN_REPUTATION_CHECK (7.7258ms)
✔ L1_PRIVATE_HARD_BLOCK_NEVER_LEAKS_TO_PROVIDER (3.8858ms)
✔ L1_HARD_NEGATIVE_SURVIVES_L2A_NO_MATCH (3.7066ms)
✔ L2A_SENSITIVE_URL_REDACTS_BEFORE_PROVIDER (0.293ms)
✔ L2C_FAKE_SCHOLARSHIP_CREATES_VERIFICATION_TASKS (1.3136ms)
✔ L2C_TUITION_SCAM_CREATES_OFFICIAL_SOURCE_CHECK (1.7758ms)
✔ L2C_OUTPUT_IS_NOT_EVIDENCE (4.5091ms)
✔ L2C_L3_TASKS_ARE_DEDUPLICATED (1.7838ms)
✔ L3_UNTRUSTED_TASK_SUMMARY_CANNOT_EXCEED_NORMALIZED_TASKS (0.1595ms)
✔ L2C_L3_EVIDENCE_FLOWS_TO_L4 (8.133ms)
✔ L2C_HIGH_RISK_WITH_MISSING_EVIDENCE_REMAINS_REVIEWABLE (1.7446ms)
✔ L5_AUDITS_L2C_L3_EVIDENCE_GAP (1.5909ms)
ℹ tests 63
ℹ suites 0
ℹ pass 63
ℹ fail 0
ℹ cancelled 0
ℹ skipped 0
ℹ todo 0
ℹ duration_ms 177.5081
(node:23668) ExperimentalWarning: `--experimental-loader` may be removed in the future; instead use `register()`:
--import 'data:text/javascript,import { register } from "node:module"; import { pathToFileURL } from "node:url"; register("file%3A///D%3A/StudentHub-CodexRuns/FULL_REPAIR_20261001/candidate/frontend/tests/foundation/ts-extension-loader.mjs", pathToFileURL("./"));'
(Use `node --trace-warnings ...` to show where the warning was created)
✔ Trust persistence mapper keeps execution identity and redacts revision snapshots (5.1704ms)
✔ Trust revision snapshot retains the public four-layer conclusion and evidence (2.134ms)
ℹ tests 2
ℹ suites 0
ℹ pass 2
ℹ fail 0
ℹ cancelled 0
ℹ skipped 0
ℹ todo 0
ℹ duration_ms 10.7422
(node:37104) ExperimentalWarning: `--experimental-loader` may be removed in the future; instead use `register()`:
--import 'data:text/javascript,import { register } from "node:module"; import { pathToFileURL } from "node:url"; register("file%3A///D%3A/StudentHub-CodexRuns/FULL_REPAIR_20261001/candidate/frontend/tests/foundation/ts-extension-loader.mjs", pathToFileURL("./"));'
(Use `node --trace-warnings ...` to show where the warning was created)
✔ L2B preserves upstream HTTP status and becomes PARTIAL instead of COMPLETED (20.347ms)
✔ L4 preserves auth failure while deterministic policy remains authoritative (4.5104ms)
ℹ tests 2
ℹ suites 0
ℹ pass 2
ℹ fail 0
ℹ cancelled 0
ℹ skipped 0
ℹ todo 0
ℹ duration_ms 28.3706
(node:21892) ExperimentalWarning: `--experimental-loader` may be removed in the future; instead use `register()`:
--import 'data:text/javascript,import { register } from "node:module"; import { pathToFileURL } from "node:url"; register("file%3A///D%3A/StudentHub-CodexRuns/FULL_REPAIR_20261001/candidate/frontend/tests/foundation/ts-extension-loader.mjs", pathToFileURL("./"));'
(Use `node --trace-warnings ...` to show where the warning was created)
✔ source-only response never manufactures evidence or conclusion (0.9162ms)
✔ IDs alone establish claim evidence source relationships (0.2214ms)
✔ fixture markers at canonical layer and envelope boundaries rejected (0.3278ms)
✔ URLs exclude executable schemes, credentials and secret-bearing queries (0.2506ms)
✔ request, case, run and revision identity must agree (0.1725ms)
✔ late running snapshots cannot undo terminal pipeline or stage (0.1338ms)
✔ missing and malformed metrics remain absent; unknown statuses never become positive (0.1735ms)
✔ AI citations stay linked to the persisted Trust revision and only safe structured URLs render (0.4301ms)
ℹ tests 8
ℹ suites 0
ℹ pass 8
ℹ fail 0
ℹ cancelled 0
ℹ skipped 0
ℹ todo 0
ℹ duration_ms 7.4722
(node:11724) ExperimentalWarning: `--experimental-loader` may be removed in the future; instead use `register()`:
--import 'data:text/javascript,import { register } from "node:module"; import { pathToFileURL } from "node:url"; register("file%3A///D%3A/StudentHub-CodexRuns/FULL_REPAIR_20261001/candidate/frontend/tests/foundation/ts-extension-loader.mjs", pathToFileURL("./"));'
(Use `node --trace-warnings ...` to show where the warning was created)
✔ GOLDEN FLOW: Flagship scholarship scam with fee requirement (138.107ms)
✔ Trust V5 projects retrieval provider status for an explicit source fixture (28.0262ms)
✔ Decision Twin resolves sourceId relationships without duplicating a driver (0.6596ms)
✔ Source authority recognizes curated university domains without trusting lookalikes (0.2836ms)
✔ FAILURE INJECTION: Citation validator rejects hallucinated evidence ID and invented URLs (0.1217ms)
✔ FAILURE INJECTION: SSRF gate blocks private IPs and malicious schemes (0.0986ms)
✔ FAILURE INJECTION: 5 copied syndicated sources are collapsed to 1 independent weight (0.1292ms)
ℹ tests 7
ℹ suites 0
ℹ pass 7
ℹ fail 0
ℹ cancelled 0
ℹ skipped 0
ℹ todo 0
ℹ duration_ms 174.6214
(node:14064) ExperimentalWarning: `--experimental-loader` may be removed in the future; instead use `register()`:
--import 'data:text/javascript,import { register } from "node:module"; import { pathToFileURL } from "node:url"; register("file%3A///D%3A/StudentHub-CodexRuns/FULL_REPAIR_20261001/candidate/frontend/tests/foundation/ts-extension-loader.mjs", pathToFileURL("./"));'
(Use `node --trace-warnings ...` to show where the warning was created)
✔ 1. Own-backend visual rendering is complete and canonical (1.4842ms)
✔ FOUR_LAYER public response maps its L2 and L4 state into the canonical presentation (0.6303ms)
✔ 2. L4 renders validated Gemini citations without exposing engine UI (2.6217ms)
✔ 3. L4 degraded state remains evidence-bound and truthful (0.342ms)
✔ 6. Final Predict remains separate and published after degraded synthesis (0.354ms)
✔ 6a. Macro status keeps degraded L2B/L4 visible after pipeline completion (0.2629ms)
✔ 7. No infinite loading state when stages fail or complete (0.2061ms)
✔ 8. No hidden alternate AI fallback is injected (0.6618ms)
✔ 11. Trust verdict remains independent of Expert UI (no averaging or combined score) (0.3815ms)
✔ 12. Route-scoped CSS does not leak global styles (1.4969ms)
✔ 13. Reduced motion safety overrides video and animation (1.3942ms)
✔ 14. Responsive breakpoints are defined for 390, 768, 1024, 1440, 1920 (1.3603ms)
ℹ tests 12
ℹ suites 0
ℹ pass 12
ℹ fail 0
ℹ cancelled 0
ℹ skipped 0
ℹ todo 0
ℹ duration_ms 15.6968
(node:34848) ExperimentalWarning: `--experimental-loader` may be removed in the future; instead use `register()`:
--import 'data:text/javascript,import { register } from "node:module"; import { pathToFileURL } from "node:url"; register("file%3A///D%3A/StudentHub-CodexRuns/FULL_REPAIR_20261001/candidate/frontend/tests/foundation/ts-extension-loader.mjs", pathToFileURL("./"));'
(Use `node --trace-warnings ...` to show where the warning was created)
✔ direct URL retrieval prefers the article main content over page navigation (18.637ms)
✔ URL path terms select matching page content and abstain when the page does not cover them (0.2484ms)
✔ equal URL relevance prefers a complete factual sentence over a longer topic list (0.2252ms)
✔ Layer 3 direct URL evidence persists a topic-matching main passage (11.2854ms)
✔ evidence extraction abstains when retrieved text contains only navigation boilerplate (0.1373ms)
ℹ tests 5
ℹ suites 0
ℹ pass 5
ℹ fail 0
ℹ cancelled 0
ℹ skipped 0
ℹ todo 0
ℹ duration_ms 33.2924
(node:20684) ExperimentalWarning: `--experimental-loader` may be removed in the future; instead use `register()`:
--import 'data:text/javascript,import { register } from "node:module"; import { pathToFileURL } from "node:url"; register("file%3A///D%3A/StudentHub-CodexRuns/FULL_REPAIR_20261001/candidate/frontend/tests/foundation/ts-extension-loader.mjs", pathToFileURL("./"));'
(Use `node --trace-warnings ...` to show where the warning was created)
======================================================================
🏛️ STUDENTHUB AI — SOURCE-BACKED ACADEMIC TRUTH TEST SUITE (HCMUTE)
======================================================================
▶ [REAL_SOURCE_VERIFICATION] Protocol 1: QĐ 3116/QĐ-ĐHSPKT (22/08/2025) Official Regulation Proofs
  ✔ should verify active QĐ 3116/2025 replaces superseded QĐ 3811/2024 (1.0965ms)
  ✔ should retrieve verified Credit Limit rule with clause proof (Điều 14, Khoản 2) (0.1624ms)
  ✔ should retrieve verified Warning rules with clause proof (Điều 16, Khoản 1 & 2) (0.0799ms)
✔ [REAL_SOURCE_VERIFICATION] Protocol 1: QĐ 3116/QĐ-ĐHSPKT (22/08/2025) Official Regulation Proofs (1.9471ms)
▶ [DOCUMENT_BACKED_TEST] Protocol 2: End-to-End Rule Execution with Provenance
  ✔ should execute evaluateSemesterCreditBounds and return exact QĐ 3116 document citation (0.1825ms)
  ✔ should execute evaluateAcademicWarning under QĐ 3116 thresholds (Sem 1 < 0.80, Sem N < 1.00) (0.1828ms)
  ✔ should execute evaluateThesisEligibility and cite FIT curriculum Section 4.2 (0.1788ms)
✔ [DOCUMENT_BACKED_TEST] Protocol 2: End-to-End Rule Execution with Provenance (0.6841ms)
▶ [TEMPORAL_TEST] Protocol 3: Cohort Version Isolation & Regulatory Transitions
  ✔ should isolate K23 (TOEIC 450) from K26 (TOEIC 550 / B2) without cross-contamination (0.1241ms)
  ✔ should detect document changes and identify affected rules when regulations are updated (0.1192ms)
✔ [TEMPORAL_TEST] Protocol 3: Cohort Version Isolation & Regulatory Transitions (0.4055ms)
▶ [HARD_NEGATIVE_TEST] Protocol 4: Rejection of Misinformation & Outdated Regulations
  ✔ should REJECT forum claim that C++ alone qualifies for Graduation Thesis (0.1181ms)
  ✔ should flag generic unverified assumption that all programs require exactly 150 credits (0.122ms)
  ✔ should REJECT applying outdated superseded warning thresholds to active evaluations (0.1083ms)
✔ [HARD_NEGATIVE_TEST] Protocol 4: Rejection of Misinformation & Outdated Regulations (0.4345ms)
▶ [UNIT_TEST] Protocol 5: Deterministic Graph & Scheduler Algorithms
  ✔ should compute BFS transitive closure for bottleneck simulation (0.3552ms)
✔ [UNIT_TEST] Protocol 5: Deterministic Graph & Scheduler Algorithms (0.4031ms)
▶ [REGRESSION_TEST] Protocol 6: Non-destructive Upgrade Verification
  ✔ should ensure historical 2024 graduation rules remain unmodified for K24 cohort (0.0698ms)
✔ [REGRESSION_TEST] Protocol 6: Non-destructive Upgrade Verification (0.1283ms)
ℹ tests 13
ℹ suites 6
ℹ pass 13
ℹ fail 0
ℹ cancelled 0
ℹ skipped 0
ℹ todo 0
ℹ duration_ms 8.2081
(node:8988) ExperimentalWarning: `--experimental-loader` may be removed in the future; instead use `register()`:
--import 'data:text/javascript,import { register } from "node:module"; import { pathToFileURL } from "node:url"; register("file%3A///D%3A/StudentHub-CodexRuns/FULL_REPAIR_20261001/candidate/frontend/tests/foundation/ts-extension-loader.mjs", pathToFileURL("./"));'
(Use `node --trace-warnings ...` to show where the warning was created)
======================================================================
🔄 STUDENTHUB AI — ACADEMIC LIVE-SYNC & DIGITAL TWIN TEST SUITE
======================================================================
▶ [SOURCE_WATCHER_TEST] Protocol 1: Source Watcher, SLAs & Conditional Fetching
  ✔ should calculate deterministic SHA-256 hash for normalized content (2.0508ms)
  ✔ should evaluate freshness SLAs across Critical Notices vs General Announcements (0.397ms)
  ✔ should support conditional ETag fetching (HTTP 304 Not Modified) (0.6998ms)
  ✔ should calculate exponential backoff with jitter on crawl failures (0.2791ms)
✔ [SOURCE_WATCHER_TEST] Protocol 1: Source Watcher, SLAs & Conditional Fetching (4.3881ms)
▶ [DOCUMENT_VERSION_TEST] Protocol 2: Immutable Snapshot Store & Safe Fallback
  ✔ should retrieve active immutable snapshot and preserve historical superseded versions (0.2177ms)
  ✔ should serve LAST_VERIFIED_SNAPSHOT with STALE_SOURCE_WARNING on source failure (0.1351ms)
✔ [DOCUMENT_VERSION_TEST] Protocol 2: Immutable Snapshot Store & Safe Fallback (0.4506ms)
▶ [SEMANTIC_DIFF_TEST] Protocol 3: Cosmetic Noise Filtering vs. Semantic Rule Mutations
  ✔ should classify HTML tag / CSS / spacing changes as purely COSMETIC (1.1517ms)
  ✔ should extract semantic GPA / Credit / English requirement mutations as SEMANTIC (0.9354ms)
✔ [SEMANTIC_DIFF_TEST] Protocol 3: Cosmetic Noise Filtering vs. Semantic Rule Mutations (2.3782ms)
▶ [RULE_INVALIDATION_TEST] Protocol 4: Rule Dependency DAG & Human Review Gate
  ✔ should trace downstream code, tests, and user features affected by QĐ 3116 (1.0674ms)
  ✔ should transition old rule to SUPERSEDED and register CANDIDATE requiring review (1.4039ms)
✔ [RULE_INVALIDATION_TEST] Protocol 4: Rule Dependency DAG & Human Review Gate (2.65ms)
▶ [PARSER_FAILURE_TEST] Protocol 5: Parser Failure Safety & Quarantine Protection
  ✔ should raise PARSER_FAILURE and STOP_INGESTION when crawler returns empty data (0.2488ms)
  ✔ should trigger QUARANTINE if course catalog suddenly collapses by > 50% (0.1559ms)
✔ [PARSER_FAILURE_TEST] Protocol 5: Parser Failure Safety & Quarantine Protection (0.4896ms)
▶ [STUDENT_IMPACT_TEST] Protocol 6: Academic Digital Twin & Targeted Personal Alerts
  ✔ should accurately target K26 student for TOEIC 550 while leaving K24 student UNAFFECTED (0.5712ms)
  ✔ should recompute full student digital twin state (0.9237ms)
✔ [STUDENT_IMPACT_TEST] Protocol 6: Academic Digital Twin & Targeted Personal Alerts (1.5768ms)
▶ [REGRESSION_TEST] Protocol 7: Golden Scenario Verification Across Cohorts
  ✔ Golden Scenario 1: K23 student graduating with TOEIC 480 is valid (K23 standard is TOEIC 450) (0.4345ms)
  ✔ Golden Scenario 2: K26 freshman with GPA 0.85 in Sem 1 is SAFE under active QĐ 3116 (threshold 0.80) (0.2197ms)
✔ [REGRESSION_TEST] Protocol 7: Golden Scenario Verification Across Cohorts (0.7545ms)
ℹ tests 16
ℹ suites 7
ℹ pass 16
ℹ fail 0
ℹ cancelled 0
ℹ skipped 0
ℹ todo 0
ℹ duration_ms 18.173
(node:26228) ExperimentalWarning: `--experimental-loader` may be removed in the future; instead use `register()`:
--import 'data:text/javascript,import { register } from "node:module"; import { pathToFileURL } from "node:url"; register("file%3A///D%3A/StudentHub-CodexRuns/FULL_REPAIR_20261001/candidate/frontend/tests/foundation/ts-extension-loader.mjs", pathToFileURL("./"));'
(Use `node --trace-warnings ...` to show where the warning was created)
======================================================================
🚀 STUDENTHUB AI — ACADEMIC LIVE-SYNC PRODUCTION DRILL (HCMUTE)
======================================================================
▶ Drill Protocol 1: Real External Source Retrieval Evidence
  ✔ should perform a real HTTP request to https://hcmute.edu.vn and capture live evidence (1019.5943ms)
✔ Drill Protocol 1: Real External Source Retrieval Evidence (1020.3958ms)
▶ Drill Protocol 2: Controlled Test Mutation & Semantic Diffing
  ✔ should create SNAPSHOT_V2_TEST and detect exact SEMANTIC change without cosmetic confusion (1.3353ms)
✔ Drill Protocol 2: Controlled Test Mutation & Semantic Diffing (1.5296ms)
▶ Drill Protocol 3: Rule Dependency DAG & Human Review Gate (Approval & Rejection)
  ✔ should trace affected dependencies and enforce Human Review Gate for candidate rule (0.3212ms)
✔ Drill Protocol 3: Rule Dependency DAG & Human Review Gate (Approval & Rejection) (0.515ms)
▶ Drill Protocol 4: Academic Digital Twin & Cohort Isolation
  ✔ should recompute K26 student to reflect TOEIC 600 while preserving K24 student unaffected (0.5256ms)
✔ Drill Protocol 4: Academic Digital Twin & Cohort Isolation (0.6365ms)
▶ Drill Protocol 5: Golden Scenario Library Regression
  ✔ should verify that historical K23 graduation readiness passes without regression (1.2426ms)
✔ Drill Protocol 5: Golden Scenario Library Regression (1.5131ms)
▶ Drill Protocol 6: Safe Rollback Execution
  ✔ should execute rollback from Candidate V2 to Active V1 seamlessly (0.1106ms)
✔ Drill Protocol 6: Safe Rollback Execution (0.2035ms)
▶ Drill Protocol 7: Source Failure & Quarantine Drill
  ✔ should trigger PARSER_FAILURE on empty body and QUARANTINE on >50% course drop (0.2467ms)
✔ Drill Protocol 7: Source Failure & Quarantine Drill (0.3404ms)
▶ Drill Protocol 8: Stale Source Fallback Drill
  ✔ should serve LAST_VERIFIED_STATE with STALE_SOURCE_WARNING when live endpoint fails (0.2006ms)
✔ Drill Protocol 8: Stale Source Fallback Drill (0.2585ms)
▶ Drill Protocol 9: Duplicate Source Lineage Drill
  ✔ should detect duplicate mirrors of the same document across university and faculty URLs (0.0988ms)
✔ Drill Protocol 9: Duplicate Source Lineage Drill (0.2009ms)
ℹ tests 9
ℹ suites 9
ℹ pass 9
ℹ fail 0
ℹ cancelled 0
ℹ skipped 0
ℹ todo 0
ℹ duration_ms 1030.1716
(node:10696) ExperimentalWarning: `--experimental-loader` may be removed in the future; instead use `register()`:
--import 'data:text/javascript,import { register } from "node:module"; import { pathToFileURL } from "node:url"; register("file%3A///D%3A/StudentHub-CodexRuns/FULL_REPAIR_20261001/candidate/frontend/tests/foundation/ts-extension-loader.mjs", pathToFileURL("./"));'
(Use `node --trace-warnings ...` to show where the warning was created)
✔ V3 Media Manifest Integrity Contract verifies all entries and physical assets (14.1828ms)
ℹ tests 1
ℹ suites 0
ℹ pass 1
ℹ fail 0
ℹ cancelled 0
ℹ skipped 0
ℹ todo 0
ℹ duration_ms 18.1224
(node:3948) ExperimentalWarning: `--experimental-loader` may be removed in the future; instead use `register()`:
--import 'data:text/javascript,import { register } from "node:module"; import { pathToFileURL } from "node:url"; register("file%3A///D%3A/StudentHub-CodexRuns/FULL_REPAIR_20261001/candidate/frontend/tests/foundation/ts-extension-loader.mjs", pathToFileURL("./"));'
(Use `node --trace-warnings ...` to show where the warning was created)
✔ Khai Minh registry covers the canonical visual route set (0.6145ms)
✔ Khai Minh registry serves responsive derivatives within the published size budgets (6.2897ms)
✔ Khai Minh registry provenance matches the generated source inventory (5.736ms)
✔ original concept art is not exposed through the product public media folder (0.3042ms)
ℹ tests 4
ℹ suites 0
ℹ pass 4
ℹ fail 0
ℹ cancelled 0
ℹ skipped 0
ℹ todo 0
ℹ duration_ms 17.1939
(node:33456) ExperimentalWarning: `--experimental-loader` may be removed in the future; instead use `register()`:
--import 'data:text/javascript,import { register } from "node:module"; import { pathToFileURL } from "node:url"; register("file%3A///D%3A/StudentHub-CodexRuns/FULL_REPAIR_20261001/candidate/frontend/tests/foundation/ts-extension-loader.mjs", pathToFileURL("./"));'
(Use `node --trace-warnings ...` to show where the warning was created)
✔ VNext product surfaces use verified registry media references (3.098ms)
ℹ tests 1
ℹ suites 0
ℹ pass 1
ℹ fail 0
ℹ cancelled 0
ℹ skipped 0
ℹ todo 0
ℹ duration_ms 6.365
(node:1876) ExperimentalWarning: `--experimental-loader` may be removed in the future; instead use `register()`:
--import 'data:text/javascript,import { register } from "node:module"; import { pathToFileURL } from "node:url"; register("file%3A///D%3A/StudentHub-CodexRuns/FULL_REPAIR_20261001/candidate/frontend/tests/foundation/ts-extension-loader.mjs", pathToFileURL("./"));'
(Use `node --trace-warnings ...` to show where the warning was created)
✔ bird stays compatibility metadata while route atmosphere remains decorative (2.5695ms)
✔ generated bird ledger provenance is available (5.571ms)
ℹ tests 2
ℹ suites 0
ℹ pass 2
ℹ fail 0
ℹ cancelled 0
ℹ skipped 0
ℹ todo 0
ℹ duration_ms 12.4876
(node:27072) ExperimentalWarning: `--experimental-loader` may be removed in the future; instead use `register()`:
--import 'data:text/javascript,import { register } from "node:module"; import { pathToFileURL } from "node:url"; register("file%3A///D%3A/StudentHub-CodexRuns/FULL_REPAIR_20261001/candidate/frontend/tests/foundation/ts-extension-loader.mjs", pathToFileURL("./"));'
(Use `node --trace-warnings ...` to show where the warning was created)
✔ Community presentation aggregation is client-safe and keeps server authority isolated (0.5784ms)
✔ Community and Expert live browser lanes avoid server provider and validation bundles (0.134ms)
ℹ tests 2
ℹ suites 0
ℹ pass 2
ℹ fail 0
ℹ cancelled 0
ℹ skipped 0
ℹ todo 0
ℹ duration_ms 4.0983
(node:14836) ExperimentalWarning: `--experimental-loader` may be removed in the future; instead use `register()`:
--import 'data:text/javascript,import { register } from "node:module"; import { pathToFileURL } from "node:url"; register("file%3A///D%3A/StudentHub-CodexRuns/FULL_REPAIR_20261001/candidate/frontend/tests/foundation/ts-extension-loader.mjs", pathToFileURL("./"));'
(Use `node --trace-warnings ...` to show where the warning was created)
✔ canonical landing composes the V3 evidence world and verified media (1.2898ms)
ℹ tests 1
ℹ suites 0
ℹ pass 1
ℹ fail 0
ℹ cancelled 0
ℹ skipped 0
ℹ todo 0
ℹ duration_ms 4.8973
(node:30064) ExperimentalWarning: `--experimental-loader` may be removed in the future; instead use `register()`:
--import 'data:text/javascript,import { register } from "node:module"; import { pathToFileURL } from "node:url"; register("file%3A///D%3A/StudentHub-CodexRuns/FULL_REPAIR_20261001/candidate/frontend/tests/foundation/ts-extension-loader.mjs", pathToFileURL("./"));'
(Use `node --trace-warnings ...` to show where the warning was created)
✔ VNext media is registry-driven, verified-pack-only and poster-first (2.4335ms)
ℹ tests 1
ℹ suites 0
ℹ pass 1
ℹ fail 0
ℹ cancelled 0
ℹ skipped 0
ℹ todo 0
ℹ duration_ms 5.8244
(node:6328) ExperimentalWarning: `--experimental-loader` may be removed in the future; instead use `register()`:
--import 'data:text/javascript,import { register } from "node:module"; import { pathToFileURL } from "node:url"; register("file%3A///D%3A/StudentHub-CodexRuns/FULL_REPAIR_20261001/candidate/frontend/tests/foundation/ts-extension-loader.mjs", pathToFileURL("./"));'
(Use `node --trace-warnings ...` to show where the warning was created)
✔ VNext network lanes remain scoped evidence and Passport remains read-only in the UI (1.4894ms)
ℹ tests 1
ℹ suites 0
ℹ pass 1
ℹ fail 0
ℹ cancelled 0
ℹ skipped 0
ℹ todo 0
ℹ duration_ms 5.0675
(node:30312) ExperimentalWarning: `--experimental-loader` may be removed in the future; instead use `register()`:
--import 'data:text/javascript,import { register } from "node:module"; import { pathToFileURL } from "node:url"; register("file%3A///D%3A/StudentHub-CodexRuns/FULL_REPAIR_20261001/candidate/frontend/tests/foundation/ts-extension-loader.mjs", pathToFileURL("./"));'
(Use `node --trace-warnings ...` to show where the warning was created)
✔ VNext primitives expose surface, intent, evidence-state and data-backed context contracts (2.0948ms)
ℹ tests 1
ℹ suites 0
ℹ pass 1
ℹ fail 0
ℹ cancelled 0
ℹ skipped 0
ℹ todo 0
ℹ duration_ms 5.5438
(node:16196) ExperimentalWarning: `--experimental-loader` may be removed in the future; instead use `register()`:
--import 'data:text/javascript,import { register } from "node:module"; import { pathToFileURL } from "node:url"; register("file%3A///D%3A/StudentHub-CodexRuns/FULL_REPAIR_20261001/candidate/frontend/tests/foundation/ts-extension-loader.mjs", pathToFileURL("./"));'
(Use `node --trace-warnings ...` to show where the warning was created)
✔ VNext public navigation does not promote the retired learning product (1.2421ms)
✔ CUT-2 applies each retired learning route's explicit not-found or replacement disposition (0.9954ms)
ℹ tests 2
ℹ suites 0
ℹ pass 2
ℹ fail 0
ℹ cancelled 0
ℹ skipped 0
ℹ todo 0
ℹ duration_ms 5.7876
(node:31448) ExperimentalWarning: `--experimental-loader` may be removed in the future; instead use `register()`:
--import 'data:text/javascript,import { register } from "node:module"; import { pathToFileURL } from "node:url"; register("file%3A///D%3A/StudentHub-CodexRuns/FULL_REPAIR_20261001/candidate/frontend/tests/foundation/ts-extension-loader.mjs", pathToFileURL("./"));'
(Use `node --trace-warnings ...` to show where the warning was created)
✔ VNext shell keeps global layers small and leaves operator realtime UI out of the product shell (2.2211ms)
✔ VNext shell navigation does not prefetch deferred settings code into every route (0.3865ms)
ℹ tests 2
ℹ suites 0
ℹ pass 2
ℹ fail 0
ℹ cancelled 0
ℹ skipped 0
ℹ todo 0
ℹ duration_ms 6.1013
(node:34284) ExperimentalWarning: `--experimental-loader` may be removed in the future; instead use `register()`:
--import 'data:text/javascript,import { register } from "node:module"; import { pathToFileURL } from "node:url"; register("file%3A///D%3A/StudentHub-CodexRuns/FULL_REPAIR_20261001/candidate/frontend/tests/foundation/ts-extension-loader.mjs", pathToFileURL("./"));'
(Use `node --trace-warnings ...` to show where the warning was created)
✔ VNext semantic palette, state tokens and presentation layers are declared (1.1351ms)
ℹ tests 1
ℹ suites 0
ℹ pass 1
ℹ fail 0
ℹ cancelled 0
ℹ skipped 0
ℹ todo 0
ℹ duration_ms 4.6049
(node:7976) ExperimentalWarning: `--experimental-loader` may be removed in the future; instead use `register()`:
--import 'data:text/javascript,import { register } from "node:module"; import { pathToFileURL } from "node:url"; register("file%3A///D%3A/StudentHub-CodexRuns/FULL_REPAIR_20261001/candidate/frontend/tests/foundation/ts-extension-loader.mjs", pathToFileURL("./"));'
(Use `node --trace-warnings ...` to show where the warning was created)
✔ Trust route delegates to the current workspace and keeps evidence limits explicit (3.3435ms)
ℹ tests 1
ℹ suites 0
ℹ pass 1
ℹ fail 0
ℹ cancelled 0
ℹ skipped 0
ℹ todo 0
ℹ duration_ms 6.7469
(node:16572) ExperimentalWarning: `--experimental-loader` may be removed in the future; instead use `register()`:
--import 'data:text/javascript,import { register } from "node:module"; import { pathToFileURL } from "node:url"; register("file%3A///D%3A/StudentHub-CodexRuns/FULL_REPAIR_20261001/candidate/frontend/tests/foundation/ts-extension-loader.mjs", pathToFileURL("./"));'
(Use `node --trace-warnings ...` to show where the warning was created)
✔ VNext typography uses Vietnamese UI, selective editorial and technical families (1.9167ms)
ℹ tests 1
ℹ suites 0
ℹ pass 1
ℹ fail 0
ℹ cancelled 0
ℹ skipped 0
ℹ todo 0
ℹ duration_ms 5.4409

[QUALITY_GATE] PASS: 393/399 discovered test files
[QUALITY_GATE] BLOCKED_BY_EXTERNAL_GATE: 6 test files
